unit_caste	unit_category	unit_class	unit_record	unit_set	exclude
#unit_set_to_unit_junctions_tables;1;db/unit_set_to_unit_junctions_tables/idrinth					
			idrinth_hev_high_elf_vampires_idrinthchampion	hef_casters	false
			idrinth_hev_high_elf_vampires_idrinthchampion	undead_units	false
			idrinth_hev_high_elf_vampires_idrinthchampion	idrinth_hev_high_elf_vampires_idrinth	false
			idrinth_hev_high_elf_vampires_idrinthchampion	wef_dlc05_elf_characters	false
			idrinth_hev_high_elf_vampires_idrinthchampion	wef_dlc05_wood_elf_elf_units	false
			idrinth_hev_high_elf_vampires_chapel_asuryan	idrinth_hev_high_elf_vampires_all_elves	false
			idrinth_hev_high_elf_vampires_chapel_kurnous	idrinth_hev_high_elf_vampires_all_elves	false
			idrinth_hev_high_elf_vampires_idrinthchampion	idrinth_hev_high_elf_vampires_all_elves	false
			idrinth_hev_high_elf_vampires_chapel_khaine	idrinth_hev_high_elf_vampires_all_elves	false
			idrinth_hev_high_elf_vampires_chapel_asuryan_leader	idrinth_hev_high_elf_vampires_all_elves	false
			idrinth_hev_high_elf_vampires_chapel_kurnous_leader	idrinth_hev_high_elf_vampires_all_elves	false
			idrinth_hev_high_elf_vampires_chapel_khaine_leader	idrinth_hev_high_elf_vampires_all_elves	false
			idrinth_hev_high_elf_vampires_chapel_cave_bats	idrinth_hev_high_elf_vampires_all_beasts	false
			idrinth_hev_high_elf_vampires_chapel_hawks	idrinth_hev_high_elf_vampires_all_beasts	false
			idrinth_hev_high_elf_vampires_chapel_wolves	idrinth_hev_high_elf_vampires_all_beasts	false
			idrinth_hev_high_elf_vampires_chapel_great_eagle	idrinth_hev_high_elf_vampires_all_beasts	false
			idrinth_hev_high_elf_vampires_chapel_stone_wolves	idrinth_hev_high_elf_vampires_all_animated	false
			idrinth_hev_high_elf_vampires_chapel_shrine	idrinth_hev_high_elf_vampires_all_animated	false
			idrinth_hev_high_elf_vampires_chapel_asuryan_leader	idrinth_hev_high_elf_vampires_priests	false
			idrinth_hev_high_elf_vampires_chapel_kurnous_leader	idrinth_hev_high_elf_vampires_priests	false
			idrinth_hev_high_elf_vampires_chapel_khaine_leader	idrinth_hev_high_elf_vampires_priests	false
			idrinth_hev_high_elf_vampires_chapel_asuryan_leader_vampire	idrinth_hev_high_elf_vampires_priests	false
			idrinth_hev_high_elf_vampires_chapel_kurnous_leader_vampire	idrinth_hev_high_elf_vampires_priests	false
			idrinth_hev_high_elf_vampires_chapel_khaine_leader_vampire	idrinth_hev_high_elf_vampires_priests	false
			idrinth_hev_high_elf_vampires_chapel_asuryan_leader_vampire	idrinth_hev_high_elf_vampires_all_elves	false
			idrinth_hev_high_elf_vampires_chapel_kurnous_leader_vampire	idrinth_hev_high_elf_vampires_all_elves	false
			idrinth_hev_high_elf_vampires_chapel_khaine_leader_vampire	idrinth_hev_high_elf_vampires_all_elves	false
			idrinth_hev_high_elf_vampires_idrinthgeneral	hef_casters	false
			idrinth_hev_high_elf_vampires_idrinthgeneral	undead_units	false
			idrinth_hev_high_elf_vampires_idrinthgeneral	idrinth_hev_high_elf_vampires_idrinth	false
			idrinth_hev_high_elf_vampires_idrinthgeneral	wef_dlc05_elf_characters	false
			idrinth_hev_high_elf_vampires_idrinthgeneral	wef_dlc05_wood_elf_elf_units	false
			idrinth_hev_high_elf_vampires_idrinthgeneral	idrinth_hev_high_elf_vampires_all_elves	false
			idrinth_hev_high_elf_vampires_chapel_asuryan	idrinth_hev_high_elf_vampires_all_elven_veterans	false
			idrinth_hev_high_elf_vampires_chapel_kurnous	idrinth_hev_high_elf_vampires_all_elven_veterans	false
			idrinth_hev_high_elf_vampires_chapel_khaine	idrinth_hev_high_elf_vampires_all_elven_veterans	false
			idrinth_hev_high_elf_vampires_chapel_asuryan_leader	idrinth_hev_high_elf_vampires_all_elven_veterans	false
			idrinth_hev_high_elf_vampires_chapel_kurnous_leader	idrinth_hev_high_elf_vampires_all_elven_veterans	false
			idrinth_hev_high_elf_vampires_chapel_khaine_leader	idrinth_hev_high_elf_vampires_all_elven_veterans	false
			idrinth_hev_high_elf_vampires_chapel_asuryan_leader_vampire	idrinth_hev_high_elf_vampires_all_elven_veterans	false
			idrinth_hev_high_elf_vampires_chapel_kurnous_leader_vampire	idrinth_hev_high_elf_vampires_all_elven_veterans	false
			idrinth_hev_high_elf_vampires_chapel_khaine_leader_vampire	idrinth_hev_high_elf_vampires_all_elven_veterans	false
			idrinth_hev_high_elf_vampires_chapel_asuryan_leader_vampire	undead_units	false
			idrinth_hev_high_elf_vampires_chapel_kurnous_leader_vampire	undead_units	false
			idrinth_hev_high_elf_vampires_chapel_asuryan	wef_dlc05_wood_elf_elf_units	false
			idrinth_hev_high_elf_vampires_chapel_kurnous	wef_dlc05_wood_elf_elf_units	false
			idrinth_hev_high_elf_vampires_chapel_khaine	wef_dlc05_wood_elf_elf_units	false
			idrinth_hev_high_elf_vampires_chapel_asuryan_leader	wef_dlc05_wood_elf_elf_units	false
			idrinth_hev_high_elf_vampires_chapel_kurnous_leader	wef_dlc05_wood_elf_elf_units	false
			idrinth_hev_high_elf_vampires_chapel_khaine_leader	wef_dlc05_wood_elf_elf_units	false
			idrinth_hev_high_elf_vampires_chapel_asuryan_leader_vampire	wef_dlc05_wood_elf_elf_units	false
			idrinth_hev_high_elf_vampires_chapel_kurnous_leader_vampire	wef_dlc05_wood_elf_elf_units	false
			idrinth_hev_high_elf_vampires_chapel_khaine_leader_vampire	wef_dlc05_wood_elf_elf_units	false
			idrinth_hev_high_elf_vampires_chapel_asuryan_leader	hef_casters	false
			idrinth_hev_high_elf_vampires_chapel_kurnous_leader	hef_casters	false
			idrinth_hev_high_elf_vampires_chapel_khaine_leader	hef_casters	false
			idrinth_hev_high_elf_vampires_chapel_asuryan_leader_vampire	hef_casters	false
			idrinth_hev_high_elf_vampires_chapel_kurnous_leader_vampire	hef_casters	false
			idrinth_hev_high_elf_vampires_chapel_khaine_leader_vampire	hef_casters	false
			idrinth_hev_high_elf_vampires_chapel_mixed	idrinth_hev_high_elf_vampires_all_elves	false
			idrinth_hev_high_elf_vampires_chapel_mixed	idrinth_hev_high_elf_vampires_all_elven_veterans	false
			idrinth_hev_high_elf_vampires_chapel_mixed	wef_dlc05_wood_elf_elf_units	false
			idrinth_hev_high_elf_vampires_idrinthchampion	all_units	false
			idrinth_hev_high_elf_vampires_idrinthgeneral	all_units	false
			idrinth_hev_high_elf_vampires_chapel_asuryan	all_units	false
			idrinth_hev_high_elf_vampires_chapel_kurnous	all_units	false
			idrinth_hev_high_elf_vampires_chapel_khaine	all_units	false
			idrinth_hev_high_elf_vampires_chapel_asuryan_leader	all_units	false
			idrinth_hev_high_elf_vampires_chapel_kurnous_leader	all_units	false
			idrinth_hev_high_elf_vampires_chapel_khaine_leader	all_units	false
			idrinth_hev_high_elf_vampires_chapel_asuryan_leader_vampire	all_units	false
			idrinth_hev_high_elf_vampires_chapel_kurnous_leader_vampire	all_units	false
			idrinth_hev_high_elf_vampires_chapel_khaine_leader_vampire	all_units	false
			idrinth_hev_high_elf_vampires_chapel_mixed	all_units	false
			idrinth_hev_high_elf_vampires_idrinthchampion	idrinth_hev_high_elf_vampires_all_chapel_units	false
			idrinth_hev_high_elf_vampires_idrinthgeneral	idrinth_hev_high_elf_vampires_all_chapel_units	false
			idrinth_hev_high_elf_vampires_chapel_asuryan	idrinth_hev_high_elf_vampires_all_chapel_units	false
			idrinth_hev_high_elf_vampires_chapel_kurnous	idrinth_hev_high_elf_vampires_all_chapel_units	false
			idrinth_hev_high_elf_vampires_chapel_khaine	idrinth_hev_high_elf_vampires_all_chapel_units	false
			idrinth_hev_high_elf_vampires_chapel_asuryan_leader	idrinth_hev_high_elf_vampires_all_chapel_units	false
			idrinth_hev_high_elf_vampires_chapel_kurnous_leader	idrinth_hev_high_elf_vampires_all_chapel_units	false
			idrinth_hev_high_elf_vampires_chapel_khaine_leader	idrinth_hev_high_elf_vampires_all_chapel_units	false
			idrinth_hev_high_elf_vampires_chapel_asuryan_leader_vampire	idrinth_hev_high_elf_vampires_all_chapel_units	false
			idrinth_hev_high_elf_vampires_chapel_kurnous_leader_vampire	idrinth_hev_high_elf_vampires_all_chapel_units	false
			idrinth_hev_high_elf_vampires_chapel_khaine_leader_vampire	idrinth_hev_high_elf_vampires_all_chapel_units	false
			idrinth_hev_high_elf_vampires_chapel_mixed	idrinth_hev_high_elf_vampires_all_chapel_units	false
			idrinth_hev_high_elf_vampires_chapel_asuryan_varghulf	idrinth_hev_high_elf_vampires_all_chapel_units	false
			idrinth_hev_high_elf_vampires_chapel_kurnous_varghulf	idrinth_hev_high_elf_vampires_all_chapel_units	false
			idrinth_hev_high_elf_vampires_chapel_khaine_varghulf	idrinth_hev_high_elf_vampires_all_chapel_units	false
			idrinth_hev_high_elf_vampires_chapel_wolves	idrinth_hev_high_elf_vampires_all_chapel_units	false
			idrinth_hev_high_elf_vampires_chapel_stone_wolves	idrinth_hev_high_elf_vampires_all_chapel_units	false
			idrinth_hev_high_elf_vampires_chapel_shrine	idrinth_hev_high_elf_vampires_all_chapel_units	false
			idrinth_hev_high_elf_vampires_chapel_cave_bats	idrinth_hev_high_elf_vampires_all_chapel_units	false
			idrinth_hev_high_elf_vampires_chapel_hawks	idrinth_hev_high_elf_vampires_all_chapel_units	false
			idrinth_hev_high_elf_vampires_chapel_great_eagle	idrinth_hev_high_elf_vampires_all_chapel_units	false
			wh2_dlc09_skv_cha_tretch_craventail	idrinth_hev_high_elf_vampires_all_none_chapel_units	false
			wh2_dlc09_tmb_art_casket_of_souls_0	idrinth_hev_high_elf_vampires_all_none_chapel_units	false
			wh2_dlc09_tmb_art_screaming_skull_catapult_0	idrinth_hev_high_elf_vampires_all_none_chapel_units	false
			wh2_dlc09_tmb_cav_hexwraiths	idrinth_hev_high_elf_vampires_all_none_chapel_units	false
			wh2_dlc09_tmb_cav_necropolis_knights_0	idrinth_hev_high_elf_vampires_all_none_chapel_units	false
			wh2_dlc09_tmb_cav_necropolis_knights_1	idrinth_hev_high_elf_vampires_all_none_chapel_units	false
			wh2_dlc09_tmb_cav_necropolis_knights_ror	idrinth_hev_high_elf_vampires_all_none_chapel_units	false
			wh2_dlc09_tmb_cav_nehekhara_horsemen_0	idrinth_hev_high_elf_vampires_all_none_chapel_units	false
			wh2_dlc09_tmb_cav_nehekhara_horsemen_ror	idrinth_hev_high_elf_vampires_all_none_chapel_units	false
			wh2_dlc09_tmb_cav_skeleton_horsemen_0	idrinth_hev_high_elf_vampires_all_none_chapel_units	false
			wh2_dlc09_tmb_cav_skeleton_horsemen_archers_0	idrinth_hev_high_elf_vampires_all_none_chapel_units	false
			wh2_dlc09_tmb_cha_arkhan_0	idrinth_hev_high_elf_vampires_all_none_chapel_units	false
			wh2_dlc09_tmb_cha_arkhan_1	idrinth_hev_high_elf_vampires_all_none_chapel_units	false
			wh2_dlc09_tmb_cha_arkhan_2	idrinth_hev_high_elf_vampires_all_none_chapel_units	false
			wh2_dlc09_tmb_cha_khalida_0	idrinth_hev_high_elf_vampires_all_none_chapel_units	false
			wh2_dlc09_tmb_cha_khalida_1	idrinth_hev_high_elf_vampires_all_none_chapel_units	false
			wh2_dlc09_tmb_cha_khalida_2	idrinth_hev_high_elf_vampires_all_none_chapel_units	false
			wh2_dlc09_tmb_cha_khatep_0	idrinth_hev_high_elf_vampires_all_none_chapel_units	false
			wh2_dlc09_tmb_cha_khatep_1	idrinth_hev_high_elf_vampires_all_none_chapel_units	false
			wh2_dlc09_tmb_cha_khatep_2	idrinth_hev_high_elf_vampires_all_none_chapel_units	false
			wh2_dlc09_tmb_cha_khatep_3	idrinth_hev_high_elf_vampires_all_none_chapel_units	false
			wh2_dlc09_tmb_cha_liche_priest_death_0	idrinth_hev_high_elf_vampires_all_none_chapel_units	false
			wh2_dlc09_tmb_cha_liche_priest_death_1	idrinth_hev_high_elf_vampires_all_none_chapel_units	false
			wh2_dlc09_tmb_cha_liche_priest_light_0	idrinth_hev_high_elf_vampires_all_none_chapel_units	false
			wh2_dlc09_tmb_cha_liche_priest_light_1	idrinth_hev_high_elf_vampires_all_none_chapel_units	false
			wh2_dlc09_tmb_cha_liche_priest_nehekhara_0	idrinth_hev_high_elf_vampires_all_none_chapel_units	false
			wh2_dlc09_tmb_cha_liche_priest_nehekhara_1	idrinth_hev_high_elf_vampires_all_none_chapel_units	false
			wh2_dlc09_tmb_cha_liche_priest_shadow_0	idrinth_hev_high_elf_vampires_all_none_chapel_units	false
			wh2_dlc09_tmb_cha_liche_priest_shadow_1	idrinth_hev_high_elf_vampires_all_none_chapel_units	false
			wh2_dlc09_tmb_cha_necrotect_0	idrinth_hev_high_elf_vampires_all_none_chapel_units	false
			wh2_dlc09_tmb_cha_necrotect_1	idrinth_hev_high_elf_vampires_all_none_chapel_units	false
			wh2_dlc09_tmb_cha_settra_0	idrinth_hev_high_elf_vampires_all_none_chapel_units	false
			wh2_dlc09_tmb_cha_settra_1	idrinth_hev_high_elf_vampires_all_none_chapel_units	false
			wh2_dlc09_tmb_cha_settra_2	idrinth_hev_high_elf_vampires_all_none_chapel_units	false
			wh2_dlc09_tmb_cha_settra_3	idrinth_hev_high_elf_vampires_all_none_chapel_units	false
			wh2_dlc09_tmb_cha_tomb_king_0	idrinth_hev_high_elf_vampires_all_none_chapel_units	false
			wh2_dlc09_tmb_cha_tomb_king_1	idrinth_hev_high_elf_vampires_all_none_chapel_units	false
			wh2_dlc09_tmb_cha_tomb_king_2	idrinth_hev_high_elf_vampires_all_none_chapel_units	false
			wh2_dlc09_tmb_cha_tomb_king_3	idrinth_hev_high_elf_vampires_all_none_chapel_units	false
			wh2_dlc09_tmb_cha_tomb_prince_0	idrinth_hev_high_elf_vampires_all_none_chapel_units	false
			wh2_dlc09_tmb_cha_tomb_prince_1	idrinth_hev_high_elf_vampires_all_none_chapel_units	false
			wh2_dlc09_tmb_cha_tomb_prince_2	idrinth_hev_high_elf_vampires_all_none_chapel_units	false
			wh2_dlc09_tmb_inf_crypt_ghouls	idrinth_hev_high_elf_vampires_all_none_chapel_units	false
			wh2_dlc09_tmb_inf_nehekhara_warriors_0	idrinth_hev_high_elf_vampires_all_none_chapel_units	false
			wh2_dlc09_tmb_inf_nehekhara_warriors_ror	idrinth_hev_high_elf_vampires_all_none_chapel_units	false
			wh2_dlc09_tmb_inf_skeleton_archers_0	idrinth_hev_high_elf_vampires_all_none_chapel_units	false
			wh2_dlc09_tmb_inf_skeleton_archers_ror	idrinth_hev_high_elf_vampires_all_none_chapel_units	false
			wh2_dlc09_tmb_inf_skeleton_spearmen_0	idrinth_hev_high_elf_vampires_all_none_chapel_units	false
			wh2_dlc09_tmb_inf_skeleton_spearmen_ror	idrinth_hev_high_elf_vampires_all_none_chapel_units	false
			wh2_dlc09_tmb_inf_skeleton_warriors_0	idrinth_hev_high_elf_vampires_all_none_chapel_units	false
			wh2_dlc09_tmb_inf_skeleton_warriors_0_summoned	idrinth_hev_high_elf_vampires_all_none_chapel_units	false
			wh2_dlc09_tmb_inf_tomb_guard_0	idrinth_hev_high_elf_vampires_all_none_chapel_units	false
			wh2_dlc09_tmb_inf_tomb_guard_1	idrinth_hev_high_elf_vampires_all_none_chapel_units	false
			wh2_dlc09_tmb_inf_tomb_guard_ror	idrinth_hev_high_elf_vampires_all_none_chapel_units	false
			wh2_dlc09_tmb_mon_carrion_0	idrinth_hev_high_elf_vampires_all_none_chapel_units	false
			wh2_dlc09_tmb_mon_carrion_ror	idrinth_hev_high_elf_vampires_all_none_chapel_units	false
			wh2_dlc09_tmb_mon_dire_wolves	idrinth_hev_high_elf_vampires_all_none_chapel_units	false
			wh2_dlc09_tmb_mon_fell_bats	idrinth_hev_high_elf_vampires_all_none_chapel_units	false
			wh2_dlc09_tmb_mon_heirotitan_0	idrinth_hev_high_elf_vampires_all_none_chapel_units	false
			wh2_dlc09_tmb_mon_necrosphinx_0	idrinth_hev_high_elf_vampires_all_none_chapel_units	false
			wh2_dlc09_tmb_mon_necrosphinx_ror	idrinth_hev_high_elf_vampires_all_none_chapel_units	false
			wh2_dlc09_tmb_mon_sepulchral_stalkers_0	idrinth_hev_high_elf_vampires_all_none_chapel_units	false
			wh2_dlc09_tmb_mon_sepulchral_stalkers_ror	idrinth_hev_high_elf_vampires_all_none_chapel_units	false
			wh2_dlc09_tmb_mon_tomb_scorpion_0	idrinth_hev_high_elf_vampires_all_none_chapel_units	false
			wh2_dlc09_tmb_mon_ushabti_0	idrinth_hev_high_elf_vampires_all_none_chapel_units	false
			wh2_dlc09_tmb_mon_ushabti_0_summoned	idrinth_hev_high_elf_vampires_all_none_chapel_units	false
			wh2_dlc09_tmb_mon_ushabti_1	idrinth_hev_high_elf_vampires_all_none_chapel_units	false
			wh2_dlc09_tmb_mon_ushabti_ror	idrinth_hev_high_elf_vampires_all_none_chapel_units	false
			wh2_dlc09_tmb_veh_khemrian_warsphinx_0	idrinth_hev_high_elf_vampires_all_none_chapel_units	false
			wh2_dlc09_tmb_veh_skeleton_archer_chariot_0	idrinth_hev_high_elf_vampires_all_none_chapel_units	false
			wh2_dlc09_tmb_veh_skeleton_chariot_0	idrinth_hev_high_elf_vampires_all_none_chapel_units	false
			wh2_dlc10_def_cav_doomfire_warlocks_0	idrinth_hev_high_elf_vampires_all_none_chapel_units	false
			wh2_dlc10_def_cav_knights_of_the_ebon_claw_ror_0	idrinth_hev_high_elf_vampires_all_none_chapel_units	false
			wh2_dlc10_def_cav_raven_heralds_ror_0	idrinth_hev_high_elf_vampires_all_none_chapel_units	false
			wh2_dlc10_def_cav_slaanesh_harvesters_ror_0	idrinth_hev_high_elf_vampires_all_none_chapel_units	false
			wh2_dlc10_def_cha_crone_0	idrinth_hev_high_elf_vampires_all_none_chapel_units	false
			wh2_dlc10_def_cha_crone_1	idrinth_hev_high_elf_vampires_all_none_chapel_units	false
			wh2_dlc10_def_cha_crone_4	idrinth_hev_high_elf_vampires_all_none_chapel_units	false
			wh2_dlc10_def_cha_crone_5	idrinth_hev_high_elf_vampires_all_none_chapel_units	false
			wh2_dlc10_def_cha_sorceress_beasts_0	idrinth_hev_high_elf_vampires_all_none_chapel_units	false
			wh2_dlc10_def_cha_sorceress_beasts_1	idrinth_hev_high_elf_vampires_all_none_chapel_units	false
			wh2_dlc10_def_cha_sorceress_beasts_2	idrinth_hev_high_elf_vampires_all_none_chapel_units	false
			wh2_dlc10_def_cha_sorceress_beasts_3	idrinth_hev_high_elf_vampires_all_none_chapel_units	false
			wh2_dlc10_def_cha_sorceress_death_0	idrinth_hev_high_elf_vampires_all_none_chapel_units	false
			wh2_dlc10_def_cha_sorceress_death_1	idrinth_hev_high_elf_vampires_all_none_chapel_units	false
			wh2_dlc10_def_cha_sorceress_death_2	idrinth_hev_high_elf_vampires_all_none_chapel_units	false
			wh2_dlc10_def_cha_sorceress_death_3	idrinth_hev_high_elf_vampires_all_none_chapel_units	false
			wh2_dlc10_def_cha_supreme_sorceress_beasts_0	idrinth_hev_high_elf_vampires_all_none_chapel_units	false
			wh2_dlc10_def_cha_supreme_sorceress_beasts_1	idrinth_hev_high_elf_vampires_all_none_chapel_units	false
			wh2_dlc10_def_cha_supreme_sorceress_beasts_2	idrinth_hev_high_elf_vampires_all_none_chapel_units	false
			wh2_dlc10_def_cha_supreme_sorceress_beasts_3	idrinth_hev_high_elf_vampires_all_none_chapel_units	false
			wh2_dlc10_def_cha_supreme_sorceress_beasts_4	idrinth_hev_high_elf_vampires_all_none_chapel_units	false
			wh2_dlc10_def_cha_supreme_sorceress_beasts_5	idrinth_hev_high_elf_vampires_all_none_chapel_units	false
			wh2_dlc10_def_cha_supreme_sorceress_dark_0	idrinth_hev_high_elf_vampires_all_none_chapel_units	false
			wh2_dlc10_def_cha_supreme_sorceress_dark_1	idrinth_hev_high_elf_vampires_all_none_chapel_units	false
			wh2_dlc10_def_cha_supreme_sorceress_dark_2	idrinth_hev_high_elf_vampires_all_none_chapel_units	false
			wh2_dlc10_def_cha_supreme_sorceress_dark_3	idrinth_hev_high_elf_vampires_all_none_chapel_units	false
			wh2_dlc10_def_cha_supreme_sorceress_dark_4	idrinth_hev_high_elf_vampires_all_none_chapel_units	false
			wh2_dlc10_def_cha_supreme_sorceress_dark_5	idrinth_hev_high_elf_vampires_all_none_chapel_units	false
			wh2_dlc10_def_cha_supreme_sorceress_death_0	idrinth_hev_high_elf_vampires_all_none_chapel_units	false
			wh2_dlc10_def_cha_supreme_sorceress_death_1	idrinth_hev_high_elf_vampires_all_none_chapel_units	false
			wh2_dlc10_def_cha_supreme_sorceress_death_2	idrinth_hev_high_elf_vampires_all_none_chapel_units	false
			wh2_dlc10_def_cha_supreme_sorceress_death_3	idrinth_hev_high_elf_vampires_all_none_chapel_units	false
			wh2_dlc10_def_cha_supreme_sorceress_death_4	idrinth_hev_high_elf_vampires_all_none_chapel_units	false
			wh2_dlc10_def_cha_supreme_sorceress_death_5	idrinth_hev_high_elf_vampires_all_none_chapel_units	false
			wh2_dlc10_def_cha_supreme_sorceress_fire_0	idrinth_hev_high_elf_vampires_all_none_chapel_units	false
			wh2_dlc10_def_cha_supreme_sorceress_fire_1	idrinth_hev_high_elf_vampires_all_none_chapel_units	false
			wh2_dlc10_def_cha_supreme_sorceress_fire_2	idrinth_hev_high_elf_vampires_all_none_chapel_units	false
			wh2_dlc10_def_cha_supreme_sorceress_fire_3	idrinth_hev_high_elf_vampires_all_none_chapel_units	false
			wh2_dlc10_def_cha_supreme_sorceress_fire_4	idrinth_hev_high_elf_vampires_all_none_chapel_units	false
			wh2_dlc10_def_cha_supreme_sorceress_fire_5	idrinth_hev_high_elf_vampires_all_none_chapel_units	false
			wh2_dlc10_def_cha_supreme_sorceress_shadow_0	idrinth_hev_high_elf_vampires_all_none_chapel_units	false
			wh2_dlc10_def_cha_supreme_sorceress_shadow_1	idrinth_hev_high_elf_vampires_all_none_chapel_units	false
			wh2_dlc10_def_cha_supreme_sorceress_shadow_2	idrinth_hev_high_elf_vampires_all_none_chapel_units	false
			wh2_dlc10_def_cha_supreme_sorceress_shadow_3	idrinth_hev_high_elf_vampires_all_none_chapel_units	false
			wh2_dlc10_def_cha_supreme_sorceress_shadow_4	idrinth_hev_high_elf_vampires_all_none_chapel_units	false
			wh2_dlc10_def_cha_supreme_sorceress_shadow_5	idrinth_hev_high_elf_vampires_all_none_chapel_units	false
			wh2_dlc10_def_inf_blades_of_the_blood_queen_ror_0	idrinth_hev_high_elf_vampires_all_none_chapel_units	false
			wh2_dlc10_def_inf_sisters_of_slaughter	idrinth_hev_high_elf_vampires_all_none_chapel_units	false
			wh2_dlc10_def_inf_sisters_of_the_singing_doom_ror_0	idrinth_hev_high_elf_vampires_all_none_chapel_units	false
			wh2_dlc10_def_inf_the_bolt_fiends_ror_0	idrinth_hev_high_elf_vampires_all_none_chapel_units	false
			wh2_dlc10_def_inf_the_hellebronai_ror_0	idrinth_hev_high_elf_vampires_all_none_chapel_units	false
			wh2_dlc10_def_mon_chill_of_sontar_ror_0	idrinth_hev_high_elf_vampires_all_none_chapel_units	false
			wh2_dlc10_def_mon_feral_manticore_0	idrinth_hev_high_elf_vampires_all_none_chapel_units	false
			wh2_dlc10_def_mon_kharibdyss_0	idrinth_hev_high_elf_vampires_all_none_chapel_units	false
			wh2_dlc10_def_mon_war_hydra_boss	idrinth_hev_high_elf_vampires_all_none_chapel_units	false
			wh2_dlc10_dwf_cha_thane_ghost_summoned_0	idrinth_hev_high_elf_vampires_all_none_chapel_units	false
			wh2_dlc10_dwf_inf_giant_slayers	idrinth_hev_high_elf_vampires_all_none_chapel_units	false
			wh2_dlc10_hef_cav_the_fireborn_ror_0	idrinth_hev_high_elf_vampires_all_none_chapel_units	false
			wh2_dlc10_hef_cav_the_heralds_of_the_wind_ror_0	idrinth_hev_high_elf_vampires_all_none_chapel_units	false
			wh2_dlc10_hef_cha_alarielle_the_radiant_0	idrinth_hev_high_elf_vampires_all_none_chapel_units	false
			wh2_dlc10_hef_cha_alarielle_the_radiant_1	idrinth_hev_high_elf_vampires_all_none_chapel_units	false
			wh2_dlc10_hef_cha_alarielle_the_radiant_2	idrinth_hev_high_elf_vampires_all_none_chapel_units	false
			wh2_dlc10_hef_cha_alarielle_the_radiant_3	idrinth_hev_high_elf_vampires_all_none_chapel_units	false
			wh2_dlc10_hef_cha_alith_anar_0	idrinth_hev_high_elf_vampires_all_none_chapel_units	false
			wh2_dlc10_hef_cha_alith_anar_summoned_0	idrinth_hev_high_elf_vampires_all_none_chapel_units	false
			wh2_dlc10_hef_cha_alith_anar_summoned_1	idrinth_hev_high_elf_vampires_all_none_chapel_units	false
			wh2_dlc10_hef_cha_handmaiden_0	idrinth_hev_high_elf_vampires_all_none_chapel_units	false
			wh2_dlc10_hef_cha_handmaiden_1	idrinth_hev_high_elf_vampires_all_none_chapel_units	false
			wh2_dlc10_hef_cha_handmaiden_2	idrinth_hev_high_elf_vampires_all_none_chapel_units	false
			wh2_dlc10_hef_cha_mage_heavens_0	idrinth_hev_high_elf_vampires_all_none_chapel_units	false
			wh2_dlc10_hef_cha_mage_heavens_1	idrinth_hev_high_elf_vampires_all_none_chapel_units	false
			wh2_dlc10_hef_cha_mage_heavens_2	idrinth_hev_high_elf_vampires_all_none_chapel_units	false
			wh2_dlc10_hef_cha_mage_shadows_0	idrinth_hev_high_elf_vampires_all_none_chapel_units	false
			wh2_dlc10_hef_cha_mage_shadows_1	idrinth_hev_high_elf_vampires_all_none_chapel_units	false
			wh2_dlc10_hef_cha_mage_shadows_2	idrinth_hev_high_elf_vampires_all_none_chapel_units	false
			wh2_dlc10_hef_cha_shadow_walker	idrinth_hev_high_elf_vampires_all_none_chapel_units	false
			wh2_dlc10_hef_inf_dryads_0	idrinth_hev_high_elf_vampires_all_none_chapel_units	false
			wh2_dlc10_hef_inf_everqueens_court_guards_ror_0	idrinth_hev_high_elf_vampires_all_none_chapel_units	false
			wh2_dlc10_hef_inf_keepers_of_the_flame_ror_0	idrinth_hev_high_elf_vampires_all_none_chapel_units	false
			wh2_dlc10_hef_inf_shadow_walkers_0	idrinth_hev_high_elf_vampires_all_none_chapel_units	false
			wh2_dlc10_hef_inf_shadow_warriors_0	idrinth_hev_high_elf_vampires_all_none_chapel_units	false
			wh2_dlc10_hef_inf_sisters_of_avelorn_0	idrinth_hev_high_elf_vampires_all_none_chapel_units	false
			wh2_dlc10_hef_inf_the_grey_ror_0	idrinth_hev_high_elf_vampires_all_none_chapel_units	false
			wh2_dlc10_hef_inf_the_scions_of_mathlann_ror_0	idrinth_hev_high_elf_vampires_all_none_chapel_units	false
			wh2_dlc10_hef_inf_the_silverpelts_ror_0	idrinth_hev_high_elf_vampires_all_none_chapel_units	false
			wh2_dlc10_hef_inf_the_storm_riders_ror_0	idrinth_hev_high_elf_vampires_all_none_chapel_units	false
			wh2_dlc10_hef_mon_treekin_0	idrinth_hev_high_elf_vampires_all_none_chapel_units	false
			wh2_dlc10_hef_mon_treeman_0	idrinth_hev_high_elf_vampires_all_none_chapel_units	false
			wh2_dlc10_lzd_mon_carnosaur_boss	idrinth_hev_high_elf_vampires_all_none_chapel_units	false
			wh2_dlc10_nor_mon_phoenix_flamespyre_boss	idrinth_hev_high_elf_vampires_all_none_chapel_units	false
			wh2_dlc10_skv_mon_hell_pit_abomination_boss	idrinth_hev_high_elf_vampires_all_none_chapel_units	false
			wh2_dlc11_cst_art_carronade	idrinth_hev_high_elf_vampires_all_none_chapel_units	false
			wh2_dlc11_cst_art_mortar	idrinth_hev_high_elf_vampires_all_none_chapel_units	false
			wh2_dlc11_cst_art_queen_bess	idrinth_hev_high_elf_vampires_all_none_chapel_units	false
			wh2_dlc11_cst_cav_deck_droppers_0	idrinth_hev_high_elf_vampires_all_none_chapel_units	false
			wh2_dlc11_cst_cav_deck_droppers_1	idrinth_hev_high_elf_vampires_all_none_chapel_units	false
			wh2_dlc11_cst_cav_deck_droppers_2	idrinth_hev_high_elf_vampires_all_none_chapel_units	false
			wh2_dlc11_cst_cav_deck_droppers_ror_0	idrinth_hev_high_elf_vampires_all_none_chapel_units	false
			wh2_dlc11_cst_cav_knights_errant_0	idrinth_hev_high_elf_vampires_all_none_chapel_units	false
			wh2_dlc11_cst_cav_knights_errant_1	idrinth_hev_high_elf_vampires_all_none_chapel_units	false
			wh2_dlc11_cst_cav_knights_errant_2	idrinth_hev_high_elf_vampires_all_none_chapel_units	false
			wh2_dlc11_cst_cav_knights_of_the_realm	idrinth_hev_high_elf_vampires_all_none_chapel_units	false
			wh2_dlc11_cst_cav_questing_knights_0	idrinth_hev_high_elf_vampires_all_none_chapel_units	false
			wh2_dlc11_cst_cha_aranessa_0	idrinth_hev_high_elf_vampires_all_none_chapel_units	false
			wh2_dlc11_cst_cha_aranessa_1	idrinth_hev_high_elf_vampires_all_none_chapel_units	false
			wh2_dlc11_cst_cha_cylostra_direfin_0	idrinth_hev_high_elf_vampires_all_none_chapel_units	false
			wh2_dlc11_cst_cha_cylostra_direfin_1	idrinth_hev_high_elf_vampires_all_none_chapel_units	false
			wh2_dlc11_cst_cha_damned_paladin_0	idrinth_hev_high_elf_vampires_all_none_chapel_units	false
			wh2_dlc11_cst_cha_damned_paladin_1	idrinth_hev_high_elf_vampires_all_none_chapel_units	false
			wh2_dlc11_cst_cha_gunnery_wight_0	idrinth_hev_high_elf_vampires_all_none_chapel_units	false
			wh2_dlc11_cst_cha_gunnery_wight_1	idrinth_hev_high_elf_vampires_all_none_chapel_units	false
			wh2_dlc11_cst_cha_luthor_harkon_0	idrinth_hev_high_elf_vampires_all_none_chapel_units	false
			wh2_dlc11_cst_cha_luthor_harkon_1	idrinth_hev_high_elf_vampires_all_none_chapel_units	false
			wh2_dlc11_cst_cha_mourngul_haunter	idrinth_hev_high_elf_vampires_all_none_chapel_units	false
			wh2_dlc11_cst_cha_vampire_fleet_admiral_0	idrinth_hev_high_elf_vampires_all_none_chapel_units	false
			wh2_dlc11_cst_cha_vampire_fleet_admiral_1	idrinth_hev_high_elf_vampires_all_none_chapel_units	false
			wh2_dlc11_cst_cha_vampire_fleet_admiral_death_0	idrinth_hev_high_elf_vampires_all_none_chapel_units	false
			wh2_dlc11_cst_cha_vampire_fleet_admiral_death_1	idrinth_hev_high_elf_vampires_all_none_chapel_units	false
			wh2_dlc11_cst_cha_vampire_fleet_admiral_deeps_0	idrinth_hev_high_elf_vampires_all_none_chapel_units	false
			wh2_dlc11_cst_cha_vampire_fleet_admiral_deeps_1	idrinth_hev_high_elf_vampires_all_none_chapel_units	false
			wh2_dlc11_cst_cha_vampire_fleet_admiral_female_0	idrinth_hev_high_elf_vampires_all_none_chapel_units	false
			wh2_dlc11_cst_cha_vampire_fleet_admiral_female_1	idrinth_hev_high_elf_vampires_all_none_chapel_units	false
			wh2_dlc11_cst_cha_vampire_fleet_admiral_female_death_0	idrinth_hev_high_elf_vampires_all_none_chapel_units	false
			wh2_dlc11_cst_cha_vampire_fleet_admiral_female_death_1	idrinth_hev_high_elf_vampires_all_none_chapel_units	false
			wh2_dlc11_cst_cha_vampire_fleet_admiral_female_deeps_0	idrinth_hev_high_elf_vampires_all_none_chapel_units	false
			wh2_dlc11_cst_cha_vampire_fleet_admiral_female_deeps_1	idrinth_hev_high_elf_vampires_all_none_chapel_units	false
			wh2_dlc11_cst_cha_vampire_fleet_captain_0	idrinth_hev_high_elf_vampires_all_none_chapel_units	false
			wh2_dlc11_cst_cha_vampire_fleet_captain_1	idrinth_hev_high_elf_vampires_all_none_chapel_units	false
			wh2_dlc11_cst_cha_vampire_fleet_captain_death_0	idrinth_hev_high_elf_vampires_all_none_chapel_units	false
			wh2_dlc11_cst_cha_vampire_fleet_captain_death_1	idrinth_hev_high_elf_vampires_all_none_chapel_units	false
			wh2_dlc11_cst_cha_vampire_fleet_captain_deeps_0	idrinth_hev_high_elf_vampires_all_none_chapel_units	false
			wh2_dlc11_cst_cha_vampire_fleet_captain_deeps_1	idrinth_hev_high_elf_vampires_all_none_chapel_units	false
			wh2_dlc11_cst_inf_count_noctilus_0	idrinth_hev_high_elf_vampires_all_none_chapel_units	false
			wh2_dlc11_cst_inf_count_noctilus_1	idrinth_hev_high_elf_vampires_all_none_chapel_units	false
			wh2_dlc11_cst_inf_deck_gunners_0	idrinth_hev_high_elf_vampires_all_none_chapel_units	false
			wh2_dlc11_cst_inf_deck_gunners_ror_0	idrinth_hev_high_elf_vampires_all_none_chapel_units	false
			wh2_dlc11_cst_inf_depth_guard_0	idrinth_hev_high_elf_vampires_all_none_chapel_units	false
			wh2_dlc11_cst_inf_depth_guard_1	idrinth_hev_high_elf_vampires_all_none_chapel_units	false
			wh2_dlc11_cst_inf_depth_guard_ror_0	idrinth_hev_high_elf_vampires_all_none_chapel_units	false
			wh2_dlc11_cst_inf_sartosa_free_company_0	idrinth_hev_high_elf_vampires_all_none_chapel_units	false
			wh2_dlc11_cst_inf_sartosa_militia_0	idrinth_hev_high_elf_vampires_all_none_chapel_units	false
			wh2_dlc11_cst_inf_syreens	idrinth_hev_high_elf_vampires_all_none_chapel_units	false
			wh2_dlc11_cst_inf_zombie_deckhands_mob_0	idrinth_hev_high_elf_vampires_all_none_chapel_units	false
			wh2_dlc11_cst_inf_zombie_deckhands_mob_1	idrinth_hev_high_elf_vampires_all_none_chapel_units	false
			wh2_dlc11_cst_inf_zombie_deckhands_mob_necrofex_summoned_0	idrinth_hev_high_elf_vampires_all_none_chapel_units	false
			wh2_dlc11_cst_inf_zombie_deckhands_mob_ror_0	idrinth_hev_high_elf_vampires_all_none_chapel_units	false
			wh2_dlc11_cst_inf_zombie_deckhands_mob_summoned_0	idrinth_hev_high_elf_vampires_all_none_chapel_units	false
			wh2_dlc11_cst_inf_zombie_gunnery_mob_0	idrinth_hev_high_elf_vampires_all_none_chapel_units	false
			wh2_dlc11_cst_inf_zombie_gunnery_mob_1	idrinth_hev_high_elf_vampires_all_none_chapel_units	false
			wh2_dlc11_cst_inf_zombie_gunnery_mob_2	idrinth_hev_high_elf_vampires_all_none_chapel_units	false
			wh2_dlc11_cst_inf_zombie_gunnery_mob_3	idrinth_hev_high_elf_vampires_all_none_chapel_units	false
			wh2_dlc11_cst_inf_zombie_gunnery_mob_ror_0	idrinth_hev_high_elf_vampires_all_none_chapel_units	false
			wh2_dlc11_cst_inf_zombie_gunnery_mob_summoned_0	idrinth_hev_high_elf_vampires_all_none_chapel_units	false
			wh2_dlc11_cst_mon_animated_hulks_0	idrinth_hev_high_elf_vampires_all_none_chapel_units	false
			wh2_dlc11_cst_mon_bloated_corpse_0	idrinth_hev_high_elf_vampires_all_none_chapel_units	false
			wh2_dlc11_cst_mon_fell_bats	idrinth_hev_high_elf_vampires_all_none_chapel_units	false
			wh2_dlc11_cst_mon_mournguls_0	idrinth_hev_high_elf_vampires_all_none_chapel_units	false
			wh2_dlc11_cst_mon_mournguls_ror_0	idrinth_hev_high_elf_vampires_all_none_chapel_units	false
			wh2_dlc11_cst_mon_necrofex_colossus_0	idrinth_hev_high_elf_vampires_all_none_chapel_units	false
			wh2_dlc11_cst_mon_necrofex_colossus_ror_0	idrinth_hev_high_elf_vampires_all_none_chapel_units	false
			wh2_dlc11_cst_mon_rotting_leviathan_0	idrinth_hev_high_elf_vampires_all_none_chapel_units	false
			wh2_dlc11_cst_mon_rotting_prometheans_0	idrinth_hev_high_elf_vampires_all_none_chapel_units	false
			wh2_dlc11_cst_mon_rotting_prometheans_gunnery_mob_0	idrinth_hev_high_elf_vampires_all_none_chapel_units	false
			wh2_dlc11_cst_mon_rotting_prometheans_gunnery_mob_ror	idrinth_hev_high_elf_vampires_all_none_chapel_units	false
			wh2_dlc11_cst_mon_rotting_prometheans_summoned_0	idrinth_hev_high_elf_vampires_all_none_chapel_units	false
			wh2_dlc11_cst_mon_scurvy_dogs	idrinth_hev_high_elf_vampires_all_none_chapel_units	false
			wh2_dlc11_cst_mon_terrorgheist	idrinth_hev_high_elf_vampires_all_none_chapel_units	false
			wh2_dlc11_def_cha_lokhir_fellheart_0	idrinth_hev_high_elf_vampires_all_none_chapel_units	false
			wh2_dlc11_def_cha_lokhir_fellheart_1	idrinth_hev_high_elf_vampires_all_none_chapel_units	false
			wh2_dlc11_vmp_cha_bloodline_blood_dragon_lord_0	idrinth_hev_high_elf_vampires_all_none_chapel_units	false
			wh2_dlc11_vmp_cha_bloodline_blood_dragon_lord_1	idrinth_hev_high_elf_vampires_all_none_chapel_units	false
			wh2_dlc11_vmp_cha_bloodline_blood_dragon_lord_2	idrinth_hev_high_elf_vampires_all_none_chapel_units	false
			wh2_dlc11_vmp_cha_bloodline_blood_dragon_lord_3	idrinth_hev_high_elf_vampires_all_none_chapel_units	false
			wh2_dlc11_vmp_cha_bloodline_lahmian_lord_0	idrinth_hev_high_elf_vampires_all_none_chapel_units	false
			wh2_dlc11_vmp_cha_bloodline_lahmian_lord_1	idrinth_hev_high_elf_vampires_all_none_chapel_units	false
			wh2_dlc11_vmp_cha_bloodline_lahmian_lord_2	idrinth_hev_high_elf_vampires_all_none_chapel_units	false
			wh2_dlc11_vmp_cha_bloodline_lahmian_lord_3	idrinth_hev_high_elf_vampires_all_none_chapel_units	false
			wh2_dlc11_vmp_cha_bloodline_necrarch_lord_0	idrinth_hev_high_elf_vampires_all_none_chapel_units	false
			wh2_dlc11_vmp_cha_bloodline_necrarch_lord_1	idrinth_hev_high_elf_vampires_all_none_chapel_units	false
			wh2_dlc11_vmp_cha_bloodline_necrarch_lord_2	idrinth_hev_high_elf_vampires_all_none_chapel_units	false
			wh2_dlc11_vmp_cha_bloodline_necrarch_lord_3	idrinth_hev_high_elf_vampires_all_none_chapel_units	false
			wh2_dlc11_vmp_cha_bloodline_strigoi_lord_0	idrinth_hev_high_elf_vampires_all_none_chapel_units	false
			wh2_dlc11_vmp_cha_bloodline_strigoi_lord_1	idrinth_hev_high_elf_vampires_all_none_chapel_units	false
			wh2_dlc11_vmp_cha_bloodline_von_carstein_lord_0	idrinth_hev_high_elf_vampires_all_none_chapel_units	false
			wh2_dlc11_vmp_cha_bloodline_von_carstein_lord_1	idrinth_hev_high_elf_vampires_all_none_chapel_units	false
			wh2_dlc11_vmp_cha_bloodline_von_carstein_lord_2	idrinth_hev_high_elf_vampires_all_none_chapel_units	false
			wh2_dlc11_vmp_cha_bloodline_von_carstein_lord_3	idrinth_hev_high_elf_vampires_all_none_chapel_units	false
			wh2_dlc11_vmp_cha_heinrich_kemmler_1	idrinth_hev_high_elf_vampires_all_none_chapel_units	false
			wh2_dlc11_vmp_inf_crossbowmen	idrinth_hev_high_elf_vampires_all_none_chapel_units	false
			wh2_dlc11_vmp_inf_handgunners	idrinth_hev_high_elf_vampires_all_none_chapel_units	false
			wh2_dlc11_vmp_mon_varghulf_summoned	idrinth_hev_high_elf_vampires_all_none_chapel_units	false
			wh2_dlc12_lzd_cav_cold_one_spearriders_ror_0	idrinth_hev_high_elf_vampires_all_none_chapel_units	false
			wh2_dlc12_lzd_cav_ripperdactyl_riders_0	idrinth_hev_high_elf_vampires_all_none_chapel_units	false
			wh2_dlc12_lzd_cav_ripperdactyl_riders_0_blessed	idrinth_hev_high_elf_vampires_all_none_chapel_units	false
			wh2_dlc12_lzd_cav_ripperdactyl_riders_ror_0	idrinth_hev_high_elf_vampires_all_none_chapel_units	false
			wh2_dlc12_lzd_cav_terradon_riders_0_tlaqua	idrinth_hev_high_elf_vampires_all_none_chapel_units	false
			wh2_dlc12_lzd_cav_terradon_riders_1_tlaqua	idrinth_hev_high_elf_vampires_all_none_chapel_units	false
			wh2_dlc12_lzd_cav_terradon_riders_ror_0	idrinth_hev_high_elf_vampires_all_none_chapel_units	false
			wh2_dlc12_lzd_cha_skink_chief_red_crested_0	idrinth_hev_high_elf_vampires_all_none_chapel_units	false
			wh2_dlc12_lzd_cha_skink_chief_red_crested_1	idrinth_hev_high_elf_vampires_all_none_chapel_units	false
			wh2_dlc12_lzd_cha_skink_chief_red_crested_2	idrinth_hev_high_elf_vampires_all_none_chapel_units	false
			wh2_dlc12_lzd_cha_skink_chief_red_crested_3	idrinth_hev_high_elf_vampires_all_none_chapel_units	false
			wh2_dlc12_lzd_cha_skink_priest_beasts_4	idrinth_hev_high_elf_vampires_all_none_chapel_units	false
			wh2_dlc12_lzd_cha_skink_priest_heavens_4	idrinth_hev_high_elf_vampires_all_none_chapel_units	false
			wh2_dlc12_lzd_cha_tehenhauin_0	idrinth_hev_high_elf_vampires_all_none_chapel_units	false
			wh2_dlc12_lzd_cha_tehenhauin_1	idrinth_hev_high_elf_vampires_all_none_chapel_units	false
			wh2_dlc12_lzd_cha_tehenhauin_2	idrinth_hev_high_elf_vampires_all_none_chapel_units	false
			wh2_dlc12_lzd_cha_tehenhauin_3	idrinth_hev_high_elf_vampires_all_none_chapel_units	false
			wh2_dlc12_lzd_cha_tiktaqto_0	idrinth_hev_high_elf_vampires_all_none_chapel_units	false
			wh2_dlc12_lzd_cha_tiktaqto_1	idrinth_hev_high_elf_vampires_all_none_chapel_units	false
			wh2_dlc12_lzd_inf_saurus_warriors_ror_0	idrinth_hev_high_elf_vampires_all_none_chapel_units	false
			wh2_dlc12_lzd_inf_skink_red_crested_0	idrinth_hev_high_elf_vampires_all_none_chapel_units	false
			wh2_dlc12_lzd_inf_skink_red_crested_ror_0	idrinth_hev_high_elf_vampires_all_none_chapel_units	false
			wh2_dlc12_lzd_inf_temple_guards_ror_0	idrinth_hev_high_elf_vampires_all_none_chapel_units	false
			wh2_dlc12_lzd_lzd_cha_kroak_0	idrinth_hev_high_elf_vampires_all_none_chapel_units	false
			wh2_dlc12_lzd_lzd_cha_kroak_0_boss	idrinth_hev_high_elf_vampires_all_none_chapel_units	false
			wh2_dlc12_lzd_mon_ancient_salamander_0	idrinth_hev_high_elf_vampires_all_none_chapel_units	false
			wh2_dlc12_lzd_mon_ancient_salamander_0_blessed	idrinth_hev_high_elf_vampires_all_none_chapel_units	false
			wh2_dlc12_lzd_mon_ancient_stegadon_1	idrinth_hev_high_elf_vampires_all_none_chapel_units	false
			wh2_dlc12_lzd_mon_ancient_stegadon_1_nakai	idrinth_hev_high_elf_vampires_all_none_chapel_units	false
			wh2_dlc12_lzd_mon_ancient_stegadon_ror_0	idrinth_hev_high_elf_vampires_all_none_chapel_units	false
			wh2_dlc12_lzd_mon_bastiladon_3	idrinth_hev_high_elf_vampires_all_none_chapel_units	false
			wh2_dlc12_lzd_mon_bastiladon_3_nakai	idrinth_hev_high_elf_vampires_all_none_chapel_units	false
			wh2_dlc12_lzd_mon_salamander_pack_0	idrinth_hev_high_elf_vampires_all_none_chapel_units	false
			wh2_dlc12_lzd_mon_salamander_pack_0_blessed	idrinth_hev_high_elf_vampires_all_none_chapel_units	false
			wh2_dlc12_lzd_mon_salamander_pack_ror_0	idrinth_hev_high_elf_vampires_all_none_chapel_units	false
			wh2_dlc12_skv_art_warp_lightning_cannon_ror_0	idrinth_hev_high_elf_vampires_all_none_chapel_units	false
			wh2_dlc12_skv_art_warplock_jezzails_ror_tech_lab_0	idrinth_hev_high_elf_vampires_all_none_chapel_units	false
			wh2_dlc12_skv_cha_ikit_claw_0	idrinth_hev_high_elf_vampires_all_none_chapel_units	false
			wh2_dlc12_skv_cha_ikit_claw_1	idrinth_hev_high_elf_vampires_all_none_chapel_units	false
			wh2_dlc12_skv_cha_ikit_claw_2	idrinth_hev_high_elf_vampires_all_none_chapel_units	false
			wh2_dlc12_skv_cha_warlock_master_0	idrinth_hev_high_elf_vampires_all_none_chapel_units	false
			wh2_dlc12_skv_cha_warlock_master_1	idrinth_hev_high_elf_vampires_all_none_chapel_units	false
			wh2_dlc12_skv_cha_warlock_master_2	idrinth_hev_high_elf_vampires_all_none_chapel_units	false
			wh2_dlc12_skv_inf_clanrats_ror_0	idrinth_hev_high_elf_vampires_all_none_chapel_units	false
			wh2_dlc12_skv_inf_plague_monk_censer_bearer_ror_0	idrinth_hev_high_elf_vampires_all_none_chapel_units	false
			wh2_dlc12_skv_inf_ratling_gun_0	idrinth_hev_high_elf_vampires_all_none_chapel_units	false
			wh2_dlc12_skv_inf_ratling_gun_ror_0	idrinth_hev_high_elf_vampires_all_none_chapel_units	false
			wh2_dlc12_skv_inf_ratling_gun_ror_tech_lab_0	idrinth_hev_high_elf_vampires_all_none_chapel_units	false
			wh2_dlc12_skv_inf_stormvermin_ror_0	idrinth_hev_high_elf_vampires_all_none_chapel_units	false
			wh2_dlc12_skv_inf_warpfire_thrower_ror_tech_lab_0	idrinth_hev_high_elf_vampires_all_none_chapel_units	false
			wh2_dlc12_skv_inf_warplock_jezzails_0	idrinth_hev_high_elf_vampires_all_none_chapel_units	false
			wh2_dlc12_skv_inf_warplock_jezzails_ror_0	idrinth_hev_high_elf_vampires_all_none_chapel_units	false
			wh2_dlc12_skv_veh_doom_flayer_0	idrinth_hev_high_elf_vampires_all_none_chapel_units	false
			wh2_dlc12_skv_veh_doom_flayer_ror_0	idrinth_hev_high_elf_vampires_all_none_chapel_units	false
			wh2_dlc12_skv_veh_doom_flayer_ror_tech_lab_0	idrinth_hev_high_elf_vampires_all_none_chapel_units	false
			wh2_dlc12_skv_veh_doomwheel_ror_0	idrinth_hev_high_elf_vampires_all_none_chapel_units	false
			wh2_dlc12_skv_veh_doomwheel_ror_tech_lab_0	idrinth_hev_high_elf_vampires_all_none_chapel_units	false
			wh2_dlc13_emp_art_great_cannon_imperial_supply	idrinth_hev_high_elf_vampires_all_none_chapel_units	false
			wh2_dlc13_emp_art_helblaster_volley_gun_imperial_supply	idrinth_hev_high_elf_vampires_all_none_chapel_units	false
			wh2_dlc13_emp_art_helstorm_rocket_battery_imperial_supply	idrinth_hev_high_elf_vampires_all_none_chapel_units	false
			wh2_dlc13_emp_art_mortar_ror_0	idrinth_hev_high_elf_vampires_all_none_chapel_units	false
			wh2_dlc13_emp_cav_demigryph_knights_0_imperial_supply	idrinth_hev_high_elf_vampires_all_none_chapel_units	false
			wh2_dlc13_emp_cav_demigryph_knights_1_imperial_supply	idrinth_hev_high_elf_vampires_all_none_chapel_units	false
			wh2_dlc13_emp_cav_empire_knights_imperial_supply	idrinth_hev_high_elf_vampires_all_none_chapel_units	false
			wh2_dlc13_emp_cav_empire_knights_ror_0	idrinth_hev_high_elf_vampires_all_none_chapel_units	false
			wh2_dlc13_emp_cav_empire_knights_ror_1	idrinth_hev_high_elf_vampires_all_none_chapel_units	false
			wh2_dlc13_emp_cav_empire_knights_ror_2	idrinth_hev_high_elf_vampires_all_none_chapel_units	false
			wh2_dlc13_emp_cav_knights_blazing_sun_0_imperial_supply	idrinth_hev_high_elf_vampires_all_none_chapel_units	false
			wh2_dlc13_emp_cav_outriders_1_imperial_supply	idrinth_hev_high_elf_vampires_all_none_chapel_units	false
			wh2_dlc13_emp_cav_outriders_ror_0	idrinth_hev_high_elf_vampires_all_none_chapel_units	false
			wh2_dlc13_emp_cav_pistoliers_1_imperial_supply	idrinth_hev_high_elf_vampires_all_none_chapel_units	false
			wh2_dlc13_emp_cav_pistoliers_ror_0	idrinth_hev_high_elf_vampires_all_none_chapel_units	false
			wh2_dlc13_emp_cav_reiksguard_imperial_supply	idrinth_hev_high_elf_vampires_all_none_chapel_units	false
			wh2_dlc13_emp_cha_hunter_doctor_hertwig_van_hal_0	idrinth_hev_high_elf_vampires_all_none_chapel_units	false
			wh2_dlc13_emp_cha_hunter_jorek_grimm_0	idrinth_hev_high_elf_vampires_all_none_chapel_units	false
			wh2_dlc13_emp_cha_hunter_kalara_of_wydrioth_0	idrinth_hev_high_elf_vampires_all_none_chapel_units	false
			wh2_dlc13_emp_cha_hunter_rodrik_l_anguille_0	idrinth_hev_high_elf_vampires_all_none_chapel_units	false
			wh2_dlc13_emp_cha_huntsmarshal_0	idrinth_hev_high_elf_vampires_all_none_chapel_units	false
			wh2_dlc13_emp_cha_markus_wulfhart_0	idrinth_hev_high_elf_vampires_all_none_chapel_units	false
			wh2_dlc13_emp_inf_archers_0	idrinth_hev_high_elf_vampires_all_none_chapel_units	false
			wh2_dlc13_emp_inf_archers_ror_0	idrinth_hev_high_elf_vampires_all_none_chapel_units	false
			wh2_dlc13_emp_inf_crossbowmen_ror_0	idrinth_hev_high_elf_vampires_all_none_chapel_units	false
			wh2_dlc13_emp_inf_greatswords_imperial_supply	idrinth_hev_high_elf_vampires_all_none_chapel_units	false
			wh2_dlc13_emp_inf_greatswords_ror_0	idrinth_hev_high_elf_vampires_all_none_chapel_units	false
			wh2_dlc13_emp_inf_halberdiers_imperial_supply	idrinth_hev_high_elf_vampires_all_none_chapel_units	false
			wh2_dlc13_emp_inf_halberdiers_ror_0	idrinth_hev_high_elf_vampires_all_none_chapel_units	false
			wh2_dlc13_emp_inf_handgunners_imperial_supply	idrinth_hev_high_elf_vampires_all_none_chapel_units	false
			wh2_dlc13_emp_inf_handgunners_ror_0	idrinth_hev_high_elf_vampires_all_none_chapel_units	false
			wh2_dlc13_emp_inf_huntsmen_0	idrinth_hev_high_elf_vampires_all_none_chapel_units	false
			wh2_dlc13_emp_inf_huntsmen_0_imperial_supply	idrinth_hev_high_elf_vampires_all_none_chapel_units	false
			wh2_dlc13_emp_inf_huntsmen_ror_0	idrinth_hev_high_elf_vampires_all_none_chapel_units	false
			wh2_dlc13_emp_inf_spearmen_ror_0	idrinth_hev_high_elf_vampires_all_none_chapel_units	false
			wh2_dlc13_emp_inf_swordsmen_ror_0	idrinth_hev_high_elf_vampires_all_none_chapel_units	false
			wh2_dlc13_emp_veh_luminark_of_hysh_0_imperial_supply	idrinth_hev_high_elf_vampires_all_none_chapel_units	false
			wh2_dlc13_emp_veh_steam_tank_imperial_supply	idrinth_hev_high_elf_vampires_all_none_chapel_units	false
			wh2_dlc13_emp_veh_steam_tank_ror_0	idrinth_hev_high_elf_vampires_all_none_chapel_units	false
			wh2_dlc13_emp_veh_war_wagon_0	idrinth_hev_high_elf_vampires_all_none_chapel_units	false
			wh2_dlc13_emp_veh_war_wagon_0_imperial_supply	idrinth_hev_high_elf_vampires_all_none_chapel_units	false
			wh2_dlc13_emp_veh_war_wagon_1	idrinth_hev_high_elf_vampires_all_none_chapel_units	false
			wh2_dlc13_emp_veh_war_wagon_1_imperial_supply	idrinth_hev_high_elf_vampires_all_none_chapel_units	false
			wh2_dlc13_emp_veh_war_wagon_ror_0	idrinth_hev_high_elf_vampires_all_none_chapel_units	false
			wh2_dlc13_huntmarshall_veh_obsinite_gyrocopter_0	idrinth_hev_high_elf_vampires_all_none_chapel_units	false
			wh2_dlc13_lzd_cha_gor_rok_0	idrinth_hev_high_elf_vampires_all_none_chapel_units	false
			wh2_dlc13_lzd_cha_kroxigor_ancient_0	idrinth_hev_high_elf_vampires_all_none_chapel_units	false
			wh2_dlc13_lzd_cha_nakai_0	idrinth_hev_high_elf_vampires_all_none_chapel_units	false
			wh2_dlc13_lzd_cha_slann_mage_priest_beasts_0	idrinth_hev_high_elf_vampires_all_none_chapel_units	false
			wh2_dlc13_lzd_cha_slann_mage_priest_death_0	idrinth_hev_high_elf_vampires_all_none_chapel_units	false
			wh2_dlc13_lzd_cha_slann_mage_priest_fire_0	idrinth_hev_high_elf_vampires_all_none_chapel_units	false
			wh2_dlc13_lzd_cha_slann_mage_priest_life_0	idrinth_hev_high_elf_vampires_all_none_chapel_units	false
			wh2_dlc13_lzd_cha_slann_mage_priest_metal_0	idrinth_hev_high_elf_vampires_all_none_chapel_units	false
			wh2_dlc13_lzd_cha_slann_mage_priest_shadows_0	idrinth_hev_high_elf_vampires_all_none_chapel_units	false
			wh2_dlc13_lzd_mon_dread_saurian_0	idrinth_hev_high_elf_vampires_all_none_chapel_units	false
			wh2_dlc13_lzd_mon_dread_saurian_1	idrinth_hev_high_elf_vampires_all_none_chapel_units	false
			wh2_dlc13_lzd_mon_dread_saurian_ror_0	idrinth_hev_high_elf_vampires_all_none_chapel_units	false
			wh2_dlc13_lzd_mon_razordon_pack_0	idrinth_hev_high_elf_vampires_all_none_chapel_units	false
			wh2_dlc13_lzd_mon_razordon_pack_0_blessed	idrinth_hev_high_elf_vampires_all_none_chapel_units	false
			wh2_dlc13_lzd_mon_razordon_pack_ror_0	idrinth_hev_high_elf_vampires_all_none_chapel_units	false
			wh2_dlc13_lzd_mon_razordon_pack_summoned_0	idrinth_hev_high_elf_vampires_all_none_chapel_units	false
			wh2_dlc13_lzd_mon_sacred_kroxigors_0	idrinth_hev_high_elf_vampires_all_none_chapel_units	false
			wh2_dlc13_lzd_mon_sacred_kroxigors_0_blessed	idrinth_hev_high_elf_vampires_all_none_chapel_units	false
			wh2_dlc13_lzd_mon_sacred_kroxigors_0_nakai	idrinth_hev_high_elf_vampires_all_none_chapel_units	false
			wh2_dlc13_lzd_mon_sacred_kroxigors_ror_0	idrinth_hev_high_elf_vampires_all_none_chapel_units	false
			wh2_dlc14_brt_cha_henri_le_massif_0	idrinth_hev_high_elf_vampires_all_none_chapel_units	false
			wh2_dlc14_brt_cha_henri_le_massif_3	idrinth_hev_high_elf_vampires_all_none_chapel_units	false
			wh2_dlc14_brt_cha_henri_le_massif_4	idrinth_hev_high_elf_vampires_all_none_chapel_units	false
			wh2_dlc14_brt_cha_repanse_de_lyonesse_0	idrinth_hev_high_elf_vampires_all_none_chapel_units	false
			wh2_dlc14_brt_cha_repanse_de_lyonesse_1	idrinth_hev_high_elf_vampires_all_none_chapel_units	false
			wh2_dlc14_def_cav_scourgerunner_chariot_0	idrinth_hev_high_elf_vampires_all_none_chapel_units	false
			wh2_dlc14_def_cav_scourgerunner_chariot_ror_0	idrinth_hev_high_elf_vampires_all_none_chapel_units	false
			wh2_dlc14_def_cha_high_beastmaster_0	idrinth_hev_high_elf_vampires_all_none_chapel_units	false
			wh2_dlc14_def_cha_high_beastmaster_1	idrinth_hev_high_elf_vampires_all_none_chapel_units	false
			wh2_dlc14_def_cha_high_beastmaster_2	idrinth_hev_high_elf_vampires_all_none_chapel_units	false
			wh2_dlc14_def_cha_malus_darkblade_0	idrinth_hev_high_elf_vampires_all_none_chapel_units	false
			wh2_dlc14_def_cha_malus_darkblade_0_mp	idrinth_hev_high_elf_vampires_all_none_chapel_units	false
			wh2_dlc14_def_cha_malus_darkblade_1	idrinth_hev_high_elf_vampires_all_none_chapel_units	false
			wh2_dlc14_def_cha_malus_darkblade_1_mp	idrinth_hev_high_elf_vampires_all_none_chapel_units	false
			wh2_dlc14_def_cha_malus_darkblade_tzarkan_0	idrinth_hev_high_elf_vampires_all_none_chapel_units	false
			wh2_dlc14_def_cha_malus_darkblade_tzarkan_0_final_battle	idrinth_hev_high_elf_vampires_all_none_chapel_units	false
			wh2_dlc14_def_cha_malus_darkblade_tzarkan_1	idrinth_hev_high_elf_vampires_all_none_chapel_units	false
			wh2_dlc14_def_cha_master_0	idrinth_hev_high_elf_vampires_all_none_chapel_units	false
			wh2_dlc14_def_cha_master_1	idrinth_hev_high_elf_vampires_all_none_chapel_units	false
			wh2_dlc14_def_cha_master_2	idrinth_hev_high_elf_vampires_all_none_chapel_units	false
			wh2_dlc14_def_cha_master_3	idrinth_hev_high_elf_vampires_all_none_chapel_units	false
			wh2_dlc14_def_cha_master_4	idrinth_hev_high_elf_vampires_all_none_chapel_units	false
			wh2_dlc14_def_inf_harpies_ror_0	idrinth_hev_high_elf_vampires_all_none_chapel_units	false
			wh2_dlc14_def_mon_bloodwrack_medusa_0	idrinth_hev_high_elf_vampires_all_none_chapel_units	false
			wh2_dlc14_def_mon_bloodwrack_medusa_ror_0	idrinth_hev_high_elf_vampires_all_none_chapel_units	false
			wh2_dlc14_def_veh_bloodwrack_shrine_0	idrinth_hev_high_elf_vampires_all_none_chapel_units	false
			wh2_dlc14_skv_cha_deathmaster_snikch_0	idrinth_hev_high_elf_vampires_all_none_chapel_units	false
			wh2_dlc14_skv_cha_deathmaster_snikch_tzarkan_0	idrinth_hev_high_elf_vampires_all_none_chapel_units	false
			wh2_dlc14_skv_cha_eshin_sorcerer_0	idrinth_hev_high_elf_vampires_all_none_chapel_units	false
			wh2_dlc14_skv_cha_master_assassin_0	idrinth_hev_high_elf_vampires_all_none_chapel_units	false
			wh2_dlc14_skv_inf_death_runners_ror_0	idrinth_hev_high_elf_vampires_all_none_chapel_units	false
			wh2_dlc14_skv_inf_eshin_triads_0	idrinth_hev_high_elf_vampires_all_none_chapel_units	false
			wh2_dlc14_skv_inf_eshin_triads_ror_0	idrinth_hev_high_elf_vampires_all_none_chapel_units	false
			wh2_dlc14_skv_inf_eshin_triads_ror_summoned_0	idrinth_hev_high_elf_vampires_all_none_chapel_units	false
			wh2_dlc14_skv_inf_poison_wind_mortar_0	idrinth_hev_high_elf_vampires_all_none_chapel_units	false
			wh2_dlc14_skv_inf_poison_wind_mortar_ror_0	idrinth_hev_high_elf_vampires_all_none_chapel_units	false
			wh2_dlc14_skv_inf_stormvermin_1_summoned	idrinth_hev_high_elf_vampires_all_none_chapel_units	false
			wh2_dlc14_skv_inf_warp_grinder_0	idrinth_hev_high_elf_vampires_all_none_chapel_units	false
			wh2_dlc15_grn_cav_forest_goblin_spider_riders_waaagh_0	idrinth_hev_high_elf_vampires_all_none_chapel_units	false
			wh2_dlc15_grn_cav_squig_hoppers_waaagh_0	idrinth_hev_high_elf_vampires_all_none_chapel_units	false
			wh2_dlc15_grn_cha_grom_the_paunch_0	idrinth_hev_high_elf_vampires_all_none_chapel_units	false
			wh2_dlc15_grn_cha_night_goblin_warboss_0_big	idrinth_hev_high_elf_vampires_all_none_chapel_units	false
			wh2_dlc15_grn_cha_river_troll_hag_0	idrinth_hev_high_elf_vampires_all_none_chapel_units	false
			wh2_dlc15_grn_mon_feral_hydra_waaagh_0	idrinth_hev_high_elf_vampires_all_none_chapel_units	false
			wh2_dlc15_grn_mon_river_trolls_0	idrinth_hev_high_elf_vampires_all_none_chapel_units	false
			wh2_dlc15_grn_mon_river_trolls_ror_0	idrinth_hev_high_elf_vampires_all_none_chapel_units	false
			wh2_dlc15_grn_mon_rogue_idol_0	idrinth_hev_high_elf_vampires_all_none_chapel_units	false
			wh2_dlc15_grn_mon_rogue_idol_ror_0	idrinth_hev_high_elf_vampires_all_none_chapel_units	false
			wh2_dlc15_grn_mon_rogue_idol_summoned_0	idrinth_hev_high_elf_vampires_all_none_chapel_units	false
			wh2_dlc15_grn_mon_stone_trolls_0	idrinth_hev_high_elf_vampires_all_none_chapel_units	false
			wh2_dlc15_grn_mon_wyvern_waaagh_0	idrinth_hev_high_elf_vampires_all_none_chapel_units	false
			wh2_dlc15_grn_veh_snotling_pump_wagon_0	idrinth_hev_high_elf_vampires_all_none_chapel_units	false
			wh2_dlc15_grn_veh_snotling_pump_wagon_flappas_0	idrinth_hev_high_elf_vampires_all_none_chapel_units	false
			wh2_dlc15_grn_veh_snotling_pump_wagon_roller_0	idrinth_hev_high_elf_vampires_all_none_chapel_units	false
			wh2_dlc15_grn_veh_snotling_pump_wagon_ror_0	idrinth_hev_high_elf_vampires_all_none_chapel_units	false
			wh2_dlc15_hef_cha_alastair_1	idrinth_hev_high_elf_vampires_all_none_chapel_units	false
			wh2_dlc15_hef_cha_archmage_beasts_0	idrinth_hev_high_elf_vampires_all_none_chapel_units	false
			wh2_dlc15_hef_cha_archmage_beasts_1	idrinth_hev_high_elf_vampires_all_none_chapel_units	false
			wh2_dlc15_hef_cha_archmage_beasts_2	idrinth_hev_high_elf_vampires_all_none_chapel_units	false
			wh2_dlc15_hef_cha_archmage_beasts_3	idrinth_hev_high_elf_vampires_all_none_chapel_units	false
			wh2_dlc15_hef_cha_archmage_beasts_4	idrinth_hev_high_elf_vampires_all_none_chapel_units	false
			wh2_dlc15_hef_cha_archmage_death_0	idrinth_hev_high_elf_vampires_all_none_chapel_units	false
			wh2_dlc15_hef_cha_archmage_death_1	idrinth_hev_high_elf_vampires_all_none_chapel_units	false
			wh2_dlc15_hef_cha_archmage_death_2	idrinth_hev_high_elf_vampires_all_none_chapel_units	false
			wh2_dlc15_hef_cha_archmage_death_3	idrinth_hev_high_elf_vampires_all_none_chapel_units	false
			wh2_dlc15_hef_cha_archmage_death_4	idrinth_hev_high_elf_vampires_all_none_chapel_units	false
			wh2_dlc15_hef_cha_archmage_fire_0	idrinth_hev_high_elf_vampires_all_none_chapel_units	false
			wh2_dlc15_hef_cha_archmage_fire_1	idrinth_hev_high_elf_vampires_all_none_chapel_units	false
			wh2_dlc15_hef_cha_archmage_fire_2	idrinth_hev_high_elf_vampires_all_none_chapel_units	false
			wh2_dlc15_hef_cha_archmage_fire_3	idrinth_hev_high_elf_vampires_all_none_chapel_units	false
			wh2_dlc15_hef_cha_archmage_fire_4	idrinth_hev_high_elf_vampires_all_none_chapel_units	false
			wh2_dlc15_hef_cha_archmage_heavens_0	idrinth_hev_high_elf_vampires_all_none_chapel_units	false
			wh2_dlc15_hef_cha_archmage_heavens_1	idrinth_hev_high_elf_vampires_all_none_chapel_units	false
			wh2_dlc15_hef_cha_archmage_heavens_2	idrinth_hev_high_elf_vampires_all_none_chapel_units	false
			wh2_dlc15_hef_cha_archmage_heavens_3	idrinth_hev_high_elf_vampires_all_none_chapel_units	false
			wh2_dlc15_hef_cha_archmage_heavens_4	idrinth_hev_high_elf_vampires_all_none_chapel_units	false
			wh2_dlc15_hef_cha_archmage_high_0	idrinth_hev_high_elf_vampires_all_none_chapel_units	false
			wh2_dlc15_hef_cha_archmage_high_1	idrinth_hev_high_elf_vampires_all_none_chapel_units	false
			wh2_dlc15_hef_cha_archmage_high_2	idrinth_hev_high_elf_vampires_all_none_chapel_units	false
			wh2_dlc15_hef_cha_archmage_high_3	idrinth_hev_high_elf_vampires_all_none_chapel_units	false
			wh2_dlc15_hef_cha_archmage_high_4	idrinth_hev_high_elf_vampires_all_none_chapel_units	false
			wh2_dlc15_hef_cha_archmage_life_0	idrinth_hev_high_elf_vampires_all_none_chapel_units	false
			wh2_dlc15_hef_cha_archmage_life_1	idrinth_hev_high_elf_vampires_all_none_chapel_units	false
			wh2_dlc15_hef_cha_archmage_life_2	idrinth_hev_high_elf_vampires_all_none_chapel_units	false
			wh2_dlc15_hef_cha_archmage_life_3	idrinth_hev_high_elf_vampires_all_none_chapel_units	false
			wh2_dlc15_hef_cha_archmage_life_4	idrinth_hev_high_elf_vampires_all_none_chapel_units	false
			wh2_dlc15_hef_cha_archmage_light_0	idrinth_hev_high_elf_vampires_all_none_chapel_units	false
			wh2_dlc15_hef_cha_archmage_light_1	idrinth_hev_high_elf_vampires_all_none_chapel_units	false
			wh2_dlc15_hef_cha_archmage_light_2	idrinth_hev_high_elf_vampires_all_none_chapel_units	false
			wh2_dlc15_hef_cha_archmage_light_3	idrinth_hev_high_elf_vampires_all_none_chapel_units	false
			wh2_dlc15_hef_cha_archmage_light_4	idrinth_hev_high_elf_vampires_all_none_chapel_units	false
			wh2_dlc15_hef_cha_archmage_metal_0	idrinth_hev_high_elf_vampires_all_none_chapel_units	false
			wh2_dlc15_hef_cha_archmage_metal_1	idrinth_hev_high_elf_vampires_all_none_chapel_units	false
			wh2_dlc15_hef_cha_archmage_metal_2	idrinth_hev_high_elf_vampires_all_none_chapel_units	false
			wh2_dlc15_hef_cha_archmage_metal_3	idrinth_hev_high_elf_vampires_all_none_chapel_units	false
			wh2_dlc15_hef_cha_archmage_metal_4	idrinth_hev_high_elf_vampires_all_none_chapel_units	false
			wh2_dlc15_hef_cha_archmage_shadows_0	idrinth_hev_high_elf_vampires_all_none_chapel_units	false
			wh2_dlc15_hef_cha_archmage_shadows_1	idrinth_hev_high_elf_vampires_all_none_chapel_units	false
			wh2_dlc15_hef_cha_archmage_shadows_2	idrinth_hev_high_elf_vampires_all_none_chapel_units	false
			wh2_dlc15_hef_cha_archmage_shadows_3	idrinth_hev_high_elf_vampires_all_none_chapel_units	false
			wh2_dlc15_hef_cha_archmage_shadows_4	idrinth_hev_high_elf_vampires_all_none_chapel_units	false
			wh2_dlc15_hef_cha_eltharion_the_grim_0	idrinth_hev_high_elf_vampires_all_none_chapel_units	false
			wh2_dlc15_hef_cha_eltharion_the_grim_1	idrinth_hev_high_elf_vampires_all_none_chapel_units	false
			wh2_dlc15_hef_cha_eltharion_the_grim_2	idrinth_hev_high_elf_vampires_all_none_chapel_units	false
			wh2_dlc15_hef_cha_imrik_0	idrinth_hev_high_elf_vampires_all_none_chapel_units	false
			wh2_dlc15_hef_cha_imrik_1	idrinth_hev_high_elf_vampires_all_none_chapel_units	false
			wh2_dlc15_hef_cha_imrik_2	idrinth_hev_high_elf_vampires_all_none_chapel_units	false
			wh2_dlc15_hef_cha_mage_beasts_0	idrinth_hev_high_elf_vampires_all_none_chapel_units	false
			wh2_dlc15_hef_cha_mage_beasts_1	idrinth_hev_high_elf_vampires_all_none_chapel_units	false
			wh2_dlc15_hef_cha_mage_beasts_2	idrinth_hev_high_elf_vampires_all_none_chapel_units	false
			wh2_dlc15_hef_cha_mage_death_0	idrinth_hev_high_elf_vampires_all_none_chapel_units	false
			wh2_dlc15_hef_cha_mage_death_1	idrinth_hev_high_elf_vampires_all_none_chapel_units	false
			wh2_dlc15_hef_cha_mage_death_2	idrinth_hev_high_elf_vampires_all_none_chapel_units	false
			wh2_dlc15_hef_cha_mage_fire_0	idrinth_hev_high_elf_vampires_all_none_chapel_units	false
			wh2_dlc15_hef_cha_mage_fire_1	idrinth_hev_high_elf_vampires_all_none_chapel_units	false
			wh2_dlc15_hef_cha_mage_fire_2	idrinth_hev_high_elf_vampires_all_none_chapel_units	false
			wh2_dlc15_hef_cha_mage_fire_3	idrinth_hev_high_elf_vampires_all_none_chapel_units	false
			wh2_dlc15_hef_cha_mage_metal_0	idrinth_hev_high_elf_vampires_all_none_chapel_units	false
			wh2_dlc15_hef_cha_mage_metal_1	idrinth_hev_high_elf_vampires_all_none_chapel_units	false
			wh2_dlc15_hef_cha_mage_metal_2	idrinth_hev_high_elf_vampires_all_none_chapel_units	false
			wh2_dlc15_hef_cha_prince_6	idrinth_hev_high_elf_vampires_all_none_chapel_units	false
			wh2_dlc15_hef_cha_princess_6	idrinth_hev_high_elf_vampires_all_none_chapel_units	false
			wh2_dlc15_hef_cha_teclis_2	idrinth_hev_high_elf_vampires_all_none_chapel_units	false
			wh2_dlc15_hef_inf_archers_ror_0	idrinth_hev_high_elf_vampires_all_none_chapel_units	false
			wh2_dlc15_hef_inf_mistwalkers_faithbearers_0	idrinth_hev_high_elf_vampires_all_none_chapel_units	false
			wh2_dlc15_hef_inf_mistwalkers_griffon_knights_0	idrinth_hev_high_elf_vampires_all_none_chapel_units	false
			wh2_dlc15_hef_inf_mistwalkers_sentinels_0	idrinth_hev_high_elf_vampires_all_none_chapel_units	false
			wh2_dlc15_hef_inf_mistwalkers_skyhawks_0	idrinth_hev_high_elf_vampires_all_none_chapel_units	false
			wh2_dlc15_hef_inf_mistwalkers_spireguard_0	idrinth_hev_high_elf_vampires_all_none_chapel_units	false
			wh2_dlc15_hef_inf_rangers_0	idrinth_hev_high_elf_vampires_all_none_chapel_units	false
			wh2_dlc15_hef_inf_silverin_guard_0	idrinth_hev_high_elf_vampires_all_none_chapel_units	false
			wh2_dlc15_hef_mon_arcane_phoenix_0	idrinth_hev_high_elf_vampires_all_none_chapel_units	false
			wh2_dlc15_hef_mon_arcane_phoenix_ror_0	idrinth_hev_high_elf_vampires_all_none_chapel_units	false
			wh2_dlc15_hef_mon_black_dragon_imrik	idrinth_hev_high_elf_vampires_all_none_chapel_units	false
			wh2_dlc15_hef_mon_black_dragon_imrik_boss	idrinth_hev_high_elf_vampires_all_none_chapel_units	false
			wh2_dlc15_hef_mon_forest_dragon_0	idrinth_hev_high_elf_vampires_all_none_chapel_units	false
			wh2_dlc15_hef_mon_forest_dragon_imrik	idrinth_hev_high_elf_vampires_all_none_chapel_units	false
			wh2_dlc15_hef_mon_forest_dragon_imrik_boss	idrinth_hev_high_elf_vampires_all_none_chapel_units	false
			wh2_dlc15_hef_mon_moon_dragon_imrik	idrinth_hev_high_elf_vampires_all_none_chapel_units	false
			wh2_dlc15_hef_mon_moon_dragon_imrik_boss	idrinth_hev_high_elf_vampires_all_none_chapel_units	false
			wh2_dlc15_hef_mon_star_dragon_imrik	idrinth_hev_high_elf_vampires_all_none_chapel_units	false
			wh2_dlc15_hef_mon_star_dragon_imrik_boss	idrinth_hev_high_elf_vampires_all_none_chapel_units	false
			wh2_dlc15_hef_mon_sun_dragon_imrik	idrinth_hev_high_elf_vampires_all_none_chapel_units	false
			wh2_dlc15_hef_mon_sun_dragon_imrik_boss	idrinth_hev_high_elf_vampires_all_none_chapel_units	false
			wh2_dlc15_hef_mon_war_lions_of_chrace_0	idrinth_hev_high_elf_vampires_all_none_chapel_units	false
			wh2_dlc15_hef_mon_war_lions_of_chrace_ror_0	idrinth_hev_high_elf_vampires_all_none_chapel_units	false
			wh2_dlc15_hef_veh_lion_chariot_of_chrace_0	idrinth_hev_high_elf_vampires_all_none_chapel_units	false
			wh2_dlc16_skv_cha_chieftain_0	idrinth_hev_high_elf_vampires_all_none_chapel_units	false
			wh2_dlc16_skv_cha_chieftain_1	idrinth_hev_high_elf_vampires_all_none_chapel_units	false
			wh2_dlc16_skv_cha_ghoritch_0	idrinth_hev_high_elf_vampires_all_none_chapel_units	false
			wh2_dlc16_skv_cha_ghoritch_0_boss	idrinth_hev_high_elf_vampires_all_none_chapel_units	false
			wh2_dlc16_skv_cha_packmaster_0	idrinth_hev_high_elf_vampires_all_none_chapel_units	false
			wh2_dlc16_skv_cha_packmaster_2	idrinth_hev_high_elf_vampires_all_none_chapel_units	false
			wh2_dlc16_skv_cha_throt_the_unclean_0	idrinth_hev_high_elf_vampires_all_none_chapel_units	false
			wh2_dlc16_skv_cha_throt_the_unclean_2	idrinth_hev_high_elf_vampires_all_none_chapel_units	false
			wh2_dlc16_skv_cha_warlord_2	idrinth_hev_high_elf_vampires_all_none_chapel_units	false
			wh2_dlc16_skv_inf_skavenslave_spearmen_0_flesh_lab	idrinth_hev_high_elf_vampires_all_none_chapel_units	false
			wh2_dlc16_skv_inf_skavenslaves_0_flesh_lab	idrinth_hev_high_elf_vampires_all_none_chapel_units	false
			wh2_dlc16_skv_mon_brood_horror_0	idrinth_hev_high_elf_vampires_all_none_chapel_units	false
			wh2_dlc16_skv_mon_brood_horror_0_flesh_lab	idrinth_hev_high_elf_vampires_all_none_chapel_units	false
			wh2_dlc16_skv_mon_hell_pit_abomination_flesh_lab	idrinth_hev_high_elf_vampires_all_none_chapel_units	false
			wh2_dlc16_skv_mon_hell_pit_abomination_ror_0	idrinth_hev_high_elf_vampires_all_none_chapel_units	false
			wh2_dlc16_skv_mon_rat_ogre_mutant	idrinth_hev_high_elf_vampires_all_none_chapel_units	false
			wh2_dlc16_skv_mon_rat_ogre_mutant_flesh_lab	idrinth_hev_high_elf_vampires_all_none_chapel_units	false
			wh2_dlc16_skv_mon_rat_ogre_mutant_ror_0	idrinth_hev_high_elf_vampires_all_none_chapel_units	false
			wh2_dlc16_skv_mon_rat_ogres_flesh_lab	idrinth_hev_high_elf_vampires_all_none_chapel_units	false
			wh2_dlc16_skv_mon_rat_ogres_ror_0	idrinth_hev_high_elf_vampires_all_none_chapel_units	false
			wh2_dlc16_skv_mon_rat_ogres_summoned	idrinth_hev_high_elf_vampires_all_none_chapel_units	false
			wh2_dlc16_skv_mon_wolf_rats_0	idrinth_hev_high_elf_vampires_all_none_chapel_units	false
			wh2_dlc16_skv_mon_wolf_rats_0_flesh_lab	idrinth_hev_high_elf_vampires_all_none_chapel_units	false
			wh2_dlc16_skv_mon_wolf_rats_0_summoned	idrinth_hev_high_elf_vampires_all_none_chapel_units	false
			wh2_dlc16_skv_mon_wolf_rats_1	idrinth_hev_high_elf_vampires_all_none_chapel_units	false
			wh2_dlc16_skv_mon_wolf_rats_1_flesh_lab	idrinth_hev_high_elf_vampires_all_none_chapel_units	false
			wh2_dlc16_skv_mon_wolf_rats_1_summoned	idrinth_hev_high_elf_vampires_all_none_chapel_units	false
			wh2_dlc16_wef_cav_glade_riders_2	idrinth_hev_high_elf_vampires_all_none_chapel_units	false
			wh2_dlc16_wef_cav_great_stag_knights_0	idrinth_hev_high_elf_vampires_all_none_chapel_units	false
			wh2_dlc16_wef_cav_great_stag_knights_ror_0	idrinth_hev_high_elf_vampires_all_none_chapel_units	false
			wh2_dlc16_wef_cha_ancient_treeman_coeddil_0	idrinth_hev_high_elf_vampires_all_none_chapel_units	false
			wh2_dlc16_wef_cha_ariel_0	idrinth_hev_high_elf_vampires_all_none_chapel_units	false
			wh2_dlc16_wef_cha_drycha_0	idrinth_hev_high_elf_vampires_all_none_chapel_units	false
			wh2_dlc16_wef_cha_female_glade_lord_4	idrinth_hev_high_elf_vampires_all_none_chapel_units	false
			wh2_dlc16_wef_cha_glade_lord_4	idrinth_hev_high_elf_vampires_all_none_chapel_units	false
			wh2_dlc16_wef_cha_malicious_ancient_treeman_beasts_0	idrinth_hev_high_elf_vampires_all_none_chapel_units	false
			wh2_dlc16_wef_cha_malicious_ancient_treeman_life_0	idrinth_hev_high_elf_vampires_all_none_chapel_units	false
			wh2_dlc16_wef_cha_malicious_ancient_treeman_shadows_0	idrinth_hev_high_elf_vampires_all_none_chapel_units	false
			wh2_dlc16_wef_cha_malicious_branchwraith_beasts_0	idrinth_hev_high_elf_vampires_all_none_chapel_units	false
			wh2_dlc16_wef_cha_malicious_branchwraith_life_0	idrinth_hev_high_elf_vampires_all_none_chapel_units	false
			wh2_dlc16_wef_cha_malicious_branchwraith_shadows_0	idrinth_hev_high_elf_vampires_all_none_chapel_units	false
			wh2_dlc16_wef_cha_sisters_of_twilight_0	idrinth_hev_high_elf_vampires_all_none_chapel_units	false
			wh2_dlc16_wef_cha_sisters_of_twilight_1	idrinth_hev_high_elf_vampires_all_none_chapel_units	false
			wh2_dlc16_wef_cha_spellweaver_beasts_0	idrinth_hev_high_elf_vampires_all_none_chapel_units	false
			wh2_dlc16_wef_cha_spellweaver_beasts_1	idrinth_hev_high_elf_vampires_all_none_chapel_units	false
			wh2_dlc16_wef_cha_spellweaver_beasts_2	idrinth_hev_high_elf_vampires_all_none_chapel_units	false
			wh2_dlc16_wef_cha_spellweaver_beasts_3	idrinth_hev_high_elf_vampires_all_none_chapel_units	false
			wh2_dlc16_wef_cha_spellweaver_dark_0	idrinth_hev_high_elf_vampires_all_none_chapel_units	false
			wh2_dlc16_wef_cha_spellweaver_dark_1	idrinth_hev_high_elf_vampires_all_none_chapel_units	false
			wh2_dlc16_wef_cha_spellweaver_dark_2	idrinth_hev_high_elf_vampires_all_none_chapel_units	false
			wh2_dlc16_wef_cha_spellweaver_dark_3	idrinth_hev_high_elf_vampires_all_none_chapel_units	false
			wh2_dlc16_wef_cha_spellweaver_high_0	idrinth_hev_high_elf_vampires_all_none_chapel_units	false
			wh2_dlc16_wef_cha_spellweaver_high_1	idrinth_hev_high_elf_vampires_all_none_chapel_units	false
			wh2_dlc16_wef_cha_spellweaver_high_2	idrinth_hev_high_elf_vampires_all_none_chapel_units	false
			wh2_dlc16_wef_cha_spellweaver_high_3	idrinth_hev_high_elf_vampires_all_none_chapel_units	false
			wh2_dlc16_wef_cha_spellweaver_life_0	idrinth_hev_high_elf_vampires_all_none_chapel_units	false
			wh2_dlc16_wef_cha_spellweaver_life_1	idrinth_hev_high_elf_vampires_all_none_chapel_units	false
			wh2_dlc16_wef_cha_spellweaver_life_2	idrinth_hev_high_elf_vampires_all_none_chapel_units	false
			wh2_dlc16_wef_cha_spellweaver_life_3	idrinth_hev_high_elf_vampires_all_none_chapel_units	false
			wh2_dlc16_wef_cha_spellweaver_shadows_0	idrinth_hev_high_elf_vampires_all_none_chapel_units	false
			wh2_dlc16_wef_cha_spellweaver_shadows_1	idrinth_hev_high_elf_vampires_all_none_chapel_units	false
			wh2_dlc16_wef_cha_spellweaver_shadows_2	idrinth_hev_high_elf_vampires_all_none_chapel_units	false
			wh2_dlc16_wef_cha_spellweaver_shadows_3	idrinth_hev_high_elf_vampires_all_none_chapel_units	false
			wh2_dlc16_wef_inf_bladesingers_0	idrinth_hev_high_elf_vampires_all_none_chapel_units	false
			wh2_dlc16_wef_inf_dryads_0_summoned	idrinth_hev_high_elf_vampires_all_none_chapel_units	false
			wh2_dlc16_wef_inf_dryads_ror_0	idrinth_hev_high_elf_vampires_all_none_chapel_units	false
			wh2_dlc16_wef_inf_malicious_dryads_0	idrinth_hev_high_elf_vampires_all_none_chapel_units	false
			wh2_dlc16_wef_mon_cave_bats	idrinth_hev_high_elf_vampires_all_none_chapel_units	false
			wh2_dlc16_wef_mon_ceithin_har_summoned	idrinth_hev_high_elf_vampires_all_none_chapel_units	false
			wh2_dlc16_wef_mon_feral_manticore	idrinth_hev_high_elf_vampires_all_none_chapel_units	false
			wh2_dlc16_wef_mon_giant_spiders_0	idrinth_hev_high_elf_vampires_all_none_chapel_units	false
			wh2_dlc16_wef_mon_gwindalor_summoned	idrinth_hev_high_elf_vampires_all_none_chapel_units	false
			wh2_dlc16_wef_mon_harpies_0	idrinth_hev_high_elf_vampires_all_none_chapel_units	false
			wh2_dlc16_wef_mon_hawks_0	idrinth_hev_high_elf_vampires_all_none_chapel_units	false
			wh2_dlc16_wef_mon_malicious_treekin_0	idrinth_hev_high_elf_vampires_all_none_chapel_units	false
			wh2_dlc16_wef_mon_malicious_treeman_0	idrinth_hev_high_elf_vampires_all_none_chapel_units	false
			wh2_dlc16_wef_mon_spider_hatchlings_0	idrinth_hev_high_elf_vampires_all_none_chapel_units	false
			wh2_dlc16_wef_mon_wolves_0	idrinth_hev_high_elf_vampires_all_none_chapel_units	false
			wh2_dlc16_wef_mon_zoats	idrinth_hev_high_elf_vampires_all_none_chapel_units	false
			wh2_dlc16_wef_mon_zoats_ror_0	idrinth_hev_high_elf_vampires_all_none_chapel_units	false
			wh2_dlc17_bst_cav_tuskgor_chariot_0	idrinth_hev_high_elf_vampires_all_none_chapel_units	false
			wh2_dlc17_bst_cha_beastlord_2	idrinth_hev_high_elf_vampires_all_none_chapel_units	false
			wh2_dlc17_bst_cha_bray_shaman_beasts_2	idrinth_hev_high_elf_vampires_all_none_chapel_units	false
			wh2_dlc17_bst_cha_bray_shaman_death_2	idrinth_hev_high_elf_vampires_all_none_chapel_units	false
			wh2_dlc17_bst_cha_bray_shaman_shadows_2	idrinth_hev_high_elf_vampires_all_none_chapel_units	false
			wh2_dlc17_bst_cha_bray_shaman_wild_2	idrinth_hev_high_elf_vampires_all_none_chapel_units	false
			wh2_dlc17_bst_cha_doombull_0	idrinth_hev_high_elf_vampires_all_none_chapel_units	false
			wh2_dlc17_bst_cha_khazrak_one_eye_2	idrinth_hev_high_elf_vampires_all_none_chapel_units	false
			wh2_dlc17_bst_cha_taurox_the_brass_bull_0	idrinth_hev_high_elf_vampires_all_none_chapel_units	false
			wh2_dlc17_bst_cha_wargor_0	idrinth_hev_high_elf_vampires_all_none_chapel_units	false
			wh2_dlc17_bst_cha_wargor_1	idrinth_hev_high_elf_vampires_all_none_chapel_units	false
			wh2_dlc17_bst_cha_wargor_2	idrinth_hev_high_elf_vampires_all_none_chapel_units	false
			wh2_dlc17_bst_inf_centigors_ror_1	idrinth_hev_high_elf_vampires_all_none_chapel_units	false
			wh2_dlc17_bst_mon_ghorgon_0	idrinth_hev_high_elf_vampires_all_none_chapel_units	false
			wh2_dlc17_bst_mon_ghorgon_boss_0	idrinth_hev_high_elf_vampires_all_none_chapel_units	false
			wh2_dlc17_bst_mon_ghorgon_ror_0	idrinth_hev_high_elf_vampires_all_none_chapel_units	false
			wh2_dlc17_bst_mon_jabberslythe_0	idrinth_hev_high_elf_vampires_all_none_chapel_units	false
			wh2_dlc17_bst_mon_jabberslythe_ror_0	idrinth_hev_high_elf_vampires_all_none_chapel_units	false
			wh2_dlc17_dwf_cha_thane_ghost_2	idrinth_hev_high_elf_vampires_all_none_chapel_units	false
			wh2_dlc17_dwf_cha_thorek_ironbrow_0	idrinth_hev_high_elf_vampires_all_none_chapel_units	false
			wh2_dlc17_dwf_cha_thorek_ironbrow_1	idrinth_hev_high_elf_vampires_all_none_chapel_units	false
			wh2_dlc17_dwf_mon_carnosaur_thorek_0	idrinth_hev_high_elf_vampires_all_none_chapel_units	false
			wh2_dlc17_emp_inf_prisoners_0	idrinth_hev_high_elf_vampires_all_none_chapel_units	false
			wh2_dlc17_kho_mon_ghorgon_ror_0	idrinth_hev_high_elf_vampires_all_none_chapel_units	false
			wh2_dlc17_lzd_cha_oxyotl_0	idrinth_hev_high_elf_vampires_all_none_chapel_units	false
			wh2_dlc17_lzd_cha_skink_oracle_troglodon_0	idrinth_hev_high_elf_vampires_all_none_chapel_units	false
			wh2_dlc17_lzd_inf_chameleon_stalkers_0	idrinth_hev_high_elf_vampires_all_none_chapel_units	false
			wh2_dlc17_lzd_inf_chameleon_stalkers_0_blessed	idrinth_hev_high_elf_vampires_all_none_chapel_units	false
			wh2_dlc17_lzd_mon_carnosaur_ror_0	idrinth_hev_high_elf_vampires_all_none_chapel_units	false
			wh2_dlc17_lzd_mon_coatl_0	idrinth_hev_high_elf_vampires_all_none_chapel_units	false
			wh2_dlc17_lzd_mon_coatl_ror_0	idrinth_hev_high_elf_vampires_all_none_chapel_units	false
			wh2_dlc17_lzd_mon_dread_saurian_qb_boss	idrinth_hev_high_elf_vampires_all_none_chapel_units	false
			wh2_dlc17_lzd_mon_troglodon_0	idrinth_hev_high_elf_vampires_all_none_chapel_units	false
			wh2_dlc17_lzd_mon_troglodon_ror_0	idrinth_hev_high_elf_vampires_all_none_chapel_units	false
			wh2_main_def_art_reaper_bolt_thrower	idrinth_hev_high_elf_vampires_all_none_chapel_units	false
			wh2_main_def_cav_cold_one_chariot	idrinth_hev_high_elf_vampires_all_none_chapel_units	false
			wh2_main_def_cav_cold_one_knights_0	idrinth_hev_high_elf_vampires_all_none_chapel_units	false
			wh2_main_def_cav_cold_one_knights_1	idrinth_hev_high_elf_vampires_all_none_chapel_units	false
			wh2_main_def_cav_dark_riders_0	idrinth_hev_high_elf_vampires_all_none_chapel_units	false
			wh2_main_def_cav_dark_riders_1	idrinth_hev_high_elf_vampires_all_none_chapel_units	false
			wh2_main_def_cav_dark_riders_2	idrinth_hev_high_elf_vampires_all_none_chapel_units	false
			wh2_main_def_cha_death_hag_0	idrinth_hev_high_elf_vampires_all_none_chapel_units	false
			wh2_main_def_cha_death_hag_1	idrinth_hev_high_elf_vampires_all_none_chapel_units	false
			wh2_main_def_cha_dreadlord_0	idrinth_hev_high_elf_vampires_all_none_chapel_units	false
			wh2_main_def_cha_dreadlord_0_black_ark	idrinth_hev_high_elf_vampires_all_none_chapel_units	false
			wh2_main_def_cha_dreadlord_1	idrinth_hev_high_elf_vampires_all_none_chapel_units	false
			wh2_main_def_cha_dreadlord_2	idrinth_hev_high_elf_vampires_all_none_chapel_units	false
			wh2_main_def_cha_dreadlord_4	idrinth_hev_high_elf_vampires_all_none_chapel_units	false
			wh2_main_def_cha_dreadlord_5	idrinth_hev_high_elf_vampires_all_none_chapel_units	false
			wh2_main_def_cha_dreadlord_female_0	idrinth_hev_high_elf_vampires_all_none_chapel_units	false
			wh2_main_def_cha_dreadlord_female_1	idrinth_hev_high_elf_vampires_all_none_chapel_units	false
			wh2_main_def_cha_dreadlord_female_2	idrinth_hev_high_elf_vampires_all_none_chapel_units	false
			wh2_main_def_cha_dreadlord_female_4	idrinth_hev_high_elf_vampires_all_none_chapel_units	false
			wh2_main_def_cha_dreadlord_female_5	idrinth_hev_high_elf_vampires_all_none_chapel_units	false
			wh2_main_def_cha_khainite_assassin_0	idrinth_hev_high_elf_vampires_all_none_chapel_units	false
			wh2_main_def_cha_malekith_0	idrinth_hev_high_elf_vampires_all_none_chapel_units	false
			wh2_main_def_cha_malekith_1	idrinth_hev_high_elf_vampires_all_none_chapel_units	false
			wh2_main_def_cha_malekith_2	idrinth_hev_high_elf_vampires_all_none_chapel_units	false
			wh2_main_def_cha_malekith_3	idrinth_hev_high_elf_vampires_all_none_chapel_units	false
			wh2_main_def_cha_morathi_0	idrinth_hev_high_elf_vampires_all_none_chapel_units	false
			wh2_main_def_cha_morathi_1	idrinth_hev_high_elf_vampires_all_none_chapel_units	false
			wh2_main_def_cha_sorceress_dark_0	idrinth_hev_high_elf_vampires_all_none_chapel_units	false
			wh2_main_def_cha_sorceress_dark_1	idrinth_hev_high_elf_vampires_all_none_chapel_units	false
			wh2_main_def_cha_sorceress_dark_2	idrinth_hev_high_elf_vampires_all_none_chapel_units	false
			wh2_main_def_cha_sorceress_dark_3	idrinth_hev_high_elf_vampires_all_none_chapel_units	false
			wh2_main_def_cha_sorceress_fire_0	idrinth_hev_high_elf_vampires_all_none_chapel_units	false
			wh2_main_def_cha_sorceress_fire_1	idrinth_hev_high_elf_vampires_all_none_chapel_units	false
			wh2_main_def_cha_sorceress_fire_2	idrinth_hev_high_elf_vampires_all_none_chapel_units	false
			wh2_main_def_cha_sorceress_fire_3	idrinth_hev_high_elf_vampires_all_none_chapel_units	false
			wh2_main_def_cha_sorceress_shadow_0	idrinth_hev_high_elf_vampires_all_none_chapel_units	false
			wh2_main_def_cha_sorceress_shadow_1	idrinth_hev_high_elf_vampires_all_none_chapel_units	false
			wh2_main_def_cha_sorceress_shadow_2	idrinth_hev_high_elf_vampires_all_none_chapel_units	false
			wh2_main_def_cha_sorceress_shadow_3	idrinth_hev_high_elf_vampires_all_none_chapel_units	false
			wh2_main_def_inf_black_ark_corsairs_0	idrinth_hev_high_elf_vampires_all_none_chapel_units	false
			wh2_main_def_inf_black_ark_corsairs_1	idrinth_hev_high_elf_vampires_all_none_chapel_units	false
			wh2_main_def_inf_black_guard_0	idrinth_hev_high_elf_vampires_all_none_chapel_units	false
			wh2_main_def_inf_bleakswords_0	idrinth_hev_high_elf_vampires_all_none_chapel_units	false
			wh2_main_def_inf_darkshards_0	idrinth_hev_high_elf_vampires_all_none_chapel_units	false
			wh2_main_def_inf_darkshards_1	idrinth_hev_high_elf_vampires_all_none_chapel_units	false
			wh2_main_def_inf_dreadspears_0	idrinth_hev_high_elf_vampires_all_none_chapel_units	false
			wh2_main_def_inf_har_ganeth_executioners_0	idrinth_hev_high_elf_vampires_all_none_chapel_units	false
			wh2_main_def_inf_harpies	idrinth_hev_high_elf_vampires_all_none_chapel_units	false
			wh2_main_def_inf_shades_0	idrinth_hev_high_elf_vampires_all_none_chapel_units	false
			wh2_main_def_inf_shades_1	idrinth_hev_high_elf_vampires_all_none_chapel_units	false
			wh2_main_def_inf_shades_2	idrinth_hev_high_elf_vampires_all_none_chapel_units	false
			wh2_main_def_inf_witch_elves_0	idrinth_hev_high_elf_vampires_all_none_chapel_units	false
			wh2_main_def_mon_black_dragon	idrinth_hev_high_elf_vampires_all_none_chapel_units	false
			wh2_main_def_mon_war_hydra	idrinth_hev_high_elf_vampires_all_none_chapel_units	false
			wh2_main_hef_art_eagle_claw_bolt_thrower	idrinth_hev_high_elf_vampires_all_none_chapel_units	false
			wh2_main_hef_cav_dragon_princes	idrinth_hev_high_elf_vampires_all_none_chapel_units	false
			wh2_main_hef_cav_ellyrian_reavers_0	idrinth_hev_high_elf_vampires_all_none_chapel_units	false
			wh2_main_hef_cav_ellyrian_reavers_1	idrinth_hev_high_elf_vampires_all_none_chapel_units	false
			wh2_main_hef_cav_ithilmar_chariot	idrinth_hev_high_elf_vampires_all_none_chapel_units	false
			wh2_main_hef_cav_silver_helms_0	idrinth_hev_high_elf_vampires_all_none_chapel_units	false
			wh2_main_hef_cav_silver_helms_1	idrinth_hev_high_elf_vampires_all_none_chapel_units	false
			wh2_main_hef_cav_tiranoc_chariot	idrinth_hev_high_elf_vampires_all_none_chapel_units	false
			wh2_main_hef_cha_alastair_0	idrinth_hev_high_elf_vampires_all_none_chapel_units	false
			wh2_main_hef_cha_alastair_3	idrinth_hev_high_elf_vampires_all_none_chapel_units	false
			wh2_main_hef_cha_alastair_4	idrinth_hev_high_elf_vampires_all_none_chapel_units	false
			wh2_main_hef_cha_alastair_5	idrinth_hev_high_elf_vampires_all_none_chapel_units	false
			wh2_main_hef_cha_loremaster_of_hoeth_0	idrinth_hev_high_elf_vampires_all_none_chapel_units	false
			wh2_main_hef_cha_mage_high_0	idrinth_hev_high_elf_vampires_all_none_chapel_units	false
			wh2_main_hef_cha_mage_high_1	idrinth_hev_high_elf_vampires_all_none_chapel_units	false
			wh2_main_hef_cha_mage_high_4	idrinth_hev_high_elf_vampires_all_none_chapel_units	false
			wh2_main_hef_cha_mage_life_0	idrinth_hev_high_elf_vampires_all_none_chapel_units	false
			wh2_main_hef_cha_mage_life_1	idrinth_hev_high_elf_vampires_all_none_chapel_units	false
			wh2_main_hef_cha_mage_life_4	idrinth_hev_high_elf_vampires_all_none_chapel_units	false
			wh2_main_hef_cha_mage_light_0	idrinth_hev_high_elf_vampires_all_none_chapel_units	false
			wh2_main_hef_cha_mage_light_1	idrinth_hev_high_elf_vampires_all_none_chapel_units	false
			wh2_main_hef_cha_mage_light_4	idrinth_hev_high_elf_vampires_all_none_chapel_units	false
			wh2_main_hef_cha_noble_0	idrinth_hev_high_elf_vampires_all_none_chapel_units	false
			wh2_main_hef_cha_noble_2	idrinth_hev_high_elf_vampires_all_none_chapel_units	false
			wh2_main_hef_cha_noble_3	idrinth_hev_high_elf_vampires_all_none_chapel_units	false
			wh2_main_hef_cha_noble_4	idrinth_hev_high_elf_vampires_all_none_chapel_units	false
			wh2_main_hef_cha_prince_0	idrinth_hev_high_elf_vampires_all_none_chapel_units	false
			wh2_main_hef_cha_prince_2	idrinth_hev_high_elf_vampires_all_none_chapel_units	false
			wh2_main_hef_cha_prince_3	idrinth_hev_high_elf_vampires_all_none_chapel_units	false
			wh2_main_hef_cha_prince_4	idrinth_hev_high_elf_vampires_all_none_chapel_units	false
			wh2_main_hef_cha_prince_5	idrinth_hev_high_elf_vampires_all_none_chapel_units	false
			wh2_main_hef_cha_princess_0	idrinth_hev_high_elf_vampires_all_none_chapel_units	false
			wh2_main_hef_cha_princess_1	idrinth_hev_high_elf_vampires_all_none_chapel_units	false
			wh2_main_hef_cha_princess_3	idrinth_hev_high_elf_vampires_all_none_chapel_units	false
			wh2_main_hef_cha_princess_4	idrinth_hev_high_elf_vampires_all_none_chapel_units	false
			wh2_main_hef_cha_princess_5	idrinth_hev_high_elf_vampires_all_none_chapel_units	false
			wh2_main_hef_cha_teclis_0	idrinth_hev_high_elf_vampires_all_none_chapel_units	false
			wh2_main_hef_cha_teclis_1	idrinth_hev_high_elf_vampires_all_none_chapel_units	false
			wh2_main_hef_cha_tyrion_0	idrinth_hev_high_elf_vampires_all_none_chapel_units	false
			wh2_main_hef_cha_tyrion_1	idrinth_hev_high_elf_vampires_all_none_chapel_units	false
			wh2_main_hef_inf_archers_0	idrinth_hev_high_elf_vampires_all_none_chapel_units	false
			wh2_main_hef_inf_archers_1	idrinth_hev_high_elf_vampires_all_none_chapel_units	false
			wh2_main_hef_inf_gate_guard	idrinth_hev_high_elf_vampires_all_none_chapel_units	false
			wh2_main_hef_inf_lothern_sea_guard_0	idrinth_hev_high_elf_vampires_all_none_chapel_units	false
			wh2_main_hef_inf_lothern_sea_guard_1	idrinth_hev_high_elf_vampires_all_none_chapel_units	false
			wh2_main_hef_inf_phoenix_guard	idrinth_hev_high_elf_vampires_all_none_chapel_units	false
			wh2_main_hef_inf_spearmen_0	idrinth_hev_high_elf_vampires_all_none_chapel_units	false
			wh2_main_hef_inf_swordmasters_of_hoeth_0	idrinth_hev_high_elf_vampires_all_none_chapel_units	false
			wh2_main_hef_inf_white_lions_of_chrace_0	idrinth_hev_high_elf_vampires_all_none_chapel_units	false
			wh2_main_hef_mon_great_eagle	idrinth_hev_high_elf_vampires_all_none_chapel_units	false
			wh2_main_hef_mon_great_eagle_summoned	idrinth_hev_high_elf_vampires_all_none_chapel_units	false
			wh2_main_hef_mon_moon_dragon	idrinth_hev_high_elf_vampires_all_none_chapel_units	false
			wh2_main_hef_mon_phoenix_flamespyre	idrinth_hev_high_elf_vampires_all_none_chapel_units	false
			wh2_main_hef_mon_phoenix_frostheart	idrinth_hev_high_elf_vampires_all_none_chapel_units	false
			wh2_main_hef_mon_star_dragon	idrinth_hev_high_elf_vampires_all_none_chapel_units	false
			wh2_main_hef_mon_sun_dragon	idrinth_hev_high_elf_vampires_all_none_chapel_units	false
			wh2_main_lzd_cav_cold_one_spearmen_1	idrinth_hev_high_elf_vampires_all_none_chapel_units	false
			wh2_main_lzd_cav_cold_one_spearriders_blessed_0	idrinth_hev_high_elf_vampires_all_none_chapel_units	false
			wh2_main_lzd_cav_cold_ones_1	idrinth_hev_high_elf_vampires_all_none_chapel_units	false
			wh2_main_lzd_cav_cold_ones_feral_0	idrinth_hev_high_elf_vampires_all_none_chapel_units	false
			wh2_main_lzd_cav_cold_ones_feral_0_summoned	idrinth_hev_high_elf_vampires_all_none_chapel_units	false
			wh2_main_lzd_cav_horned_ones_0	idrinth_hev_high_elf_vampires_all_none_chapel_units	false
			wh2_main_lzd_cav_horned_ones_0_nakai	idrinth_hev_high_elf_vampires_all_none_chapel_units	false
			wh2_main_lzd_cav_horned_ones_blessed_0	idrinth_hev_high_elf_vampires_all_none_chapel_units	false
			wh2_main_lzd_cav_terradon_riders_0	idrinth_hev_high_elf_vampires_all_none_chapel_units	false
			wh2_main_lzd_cav_terradon_riders_0_blessed	idrinth_hev_high_elf_vampires_all_none_chapel_units	false
			wh2_main_lzd_cav_terradon_riders_1	idrinth_hev_high_elf_vampires_all_none_chapel_units	false
			wh2_main_lzd_cav_terradon_riders_blessed_1	idrinth_hev_high_elf_vampires_all_none_chapel_units	false
			wh2_main_lzd_cha_kroq_gar_0	idrinth_hev_high_elf_vampires_all_none_chapel_units	false
			wh2_main_lzd_cha_kroq_gar_1	idrinth_hev_high_elf_vampires_all_none_chapel_units	false
			wh2_main_lzd_cha_kroq_gar_2	idrinth_hev_high_elf_vampires_all_none_chapel_units	false
			wh2_main_lzd_cha_kroq_gar_3	idrinth_hev_high_elf_vampires_all_none_chapel_units	false
			wh2_main_lzd_cha_lord_mazdamundi_0	idrinth_hev_high_elf_vampires_all_none_chapel_units	false
			wh2_main_lzd_cha_lord_mazdamundi_1	idrinth_hev_high_elf_vampires_all_none_chapel_units	false
			wh2_main_lzd_cha_saurus_old_blood_0	idrinth_hev_high_elf_vampires_all_none_chapel_units	false
			wh2_main_lzd_cha_saurus_old_blood_1	idrinth_hev_high_elf_vampires_all_none_chapel_units	false
			wh2_main_lzd_cha_saurus_old_blood_2	idrinth_hev_high_elf_vampires_all_none_chapel_units	false
			wh2_main_lzd_cha_saurus_scar_veteran_0	idrinth_hev_high_elf_vampires_all_none_chapel_units	false
			wh2_main_lzd_cha_saurus_scar_veteran_1	idrinth_hev_high_elf_vampires_all_none_chapel_units	false
			wh2_main_lzd_cha_saurus_scar_veteran_2	idrinth_hev_high_elf_vampires_all_none_chapel_units	false
			wh2_main_lzd_cha_skink_chief_0	idrinth_hev_high_elf_vampires_all_none_chapel_units	false
			wh2_main_lzd_cha_skink_chief_1	idrinth_hev_high_elf_vampires_all_none_chapel_units	false
			wh2_main_lzd_cha_skink_chief_2	idrinth_hev_high_elf_vampires_all_none_chapel_units	false
			wh2_main_lzd_cha_skink_chief_3	idrinth_hev_high_elf_vampires_all_none_chapel_units	false
			wh2_main_lzd_cha_skink_priest_0_summoned	idrinth_hev_high_elf_vampires_all_none_chapel_units	false
			wh2_main_lzd_cha_skink_priest_beasts_0	idrinth_hev_high_elf_vampires_all_none_chapel_units	false
			wh2_main_lzd_cha_skink_priest_beasts_1	idrinth_hev_high_elf_vampires_all_none_chapel_units	false
			wh2_main_lzd_cha_skink_priest_beasts_2	idrinth_hev_high_elf_vampires_all_none_chapel_units	false
			wh2_main_lzd_cha_skink_priest_beasts_3	idrinth_hev_high_elf_vampires_all_none_chapel_units	false
			wh2_main_lzd_cha_skink_priest_heavens_0	idrinth_hev_high_elf_vampires_all_none_chapel_units	false
			wh2_main_lzd_cha_skink_priest_heavens_1	idrinth_hev_high_elf_vampires_all_none_chapel_units	false
			wh2_main_lzd_cha_skink_priest_heavens_2	idrinth_hev_high_elf_vampires_all_none_chapel_units	false
			wh2_main_lzd_cha_skink_priest_heavens_3	idrinth_hev_high_elf_vampires_all_none_chapel_units	false
			wh2_main_lzd_cha_slann_mage_priest_campaign_0	idrinth_hev_high_elf_vampires_all_none_chapel_units	false
			wh2_main_lzd_cha_slann_mage_priest_heavens_0	idrinth_hev_high_elf_vampires_all_none_chapel_units	false
			wh2_main_lzd_cha_slann_mage_priest_high_0	idrinth_hev_high_elf_vampires_all_none_chapel_units	false
			wh2_main_lzd_cha_slann_mage_priest_life_0_qb	idrinth_hev_high_elf_vampires_all_none_chapel_units	false
			wh2_main_lzd_cha_slann_mage_priest_light_0	idrinth_hev_high_elf_vampires_all_none_chapel_units	false
			wh2_main_lzd_inf_chameleon_skinks_0	idrinth_hev_high_elf_vampires_all_none_chapel_units	false
			wh2_main_lzd_inf_chameleon_skinks_blessed_0	idrinth_hev_high_elf_vampires_all_none_chapel_units	false
			wh2_main_lzd_inf_saurus_spearmen_0	idrinth_hev_high_elf_vampires_all_none_chapel_units	false
			wh2_main_lzd_inf_saurus_spearmen_1	idrinth_hev_high_elf_vampires_all_none_chapel_units	false
			wh2_main_lzd_inf_saurus_spearmen_blessed_1	idrinth_hev_high_elf_vampires_all_none_chapel_units	false
			wh2_main_lzd_inf_saurus_warriors_0	idrinth_hev_high_elf_vampires_all_none_chapel_units	false
			wh2_main_lzd_inf_saurus_warriors_1	idrinth_hev_high_elf_vampires_all_none_chapel_units	false
			wh2_main_lzd_inf_saurus_warriors_blessed_1	idrinth_hev_high_elf_vampires_all_none_chapel_units	false
			wh2_main_lzd_inf_skink_cohort_0	idrinth_hev_high_elf_vampires_all_none_chapel_units	false
			wh2_main_lzd_inf_skink_cohort_1	idrinth_hev_high_elf_vampires_all_none_chapel_units	false
			wh2_main_lzd_inf_skink_cohort_1_blessed	idrinth_hev_high_elf_vampires_all_none_chapel_units	false
			wh2_main_lzd_inf_skink_skirmishers_0	idrinth_hev_high_elf_vampires_all_none_chapel_units	false
			wh2_main_lzd_inf_skink_skirmishers_blessed_0	idrinth_hev_high_elf_vampires_all_none_chapel_units	false
			wh2_main_lzd_inf_temple_guards	idrinth_hev_high_elf_vampires_all_none_chapel_units	false
			wh2_main_lzd_inf_temple_guards_blessed	idrinth_hev_high_elf_vampires_all_none_chapel_units	false
			wh2_main_lzd_inf_temple_guards_nakai	idrinth_hev_high_elf_vampires_all_none_chapel_units	false
			wh2_main_lzd_mon_ancient_stegadon	idrinth_hev_high_elf_vampires_all_none_chapel_units	false
			wh2_main_lzd_mon_ancient_stegadon_blessed	idrinth_hev_high_elf_vampires_all_none_chapel_units	false
			wh2_main_lzd_mon_bastiladon_0	idrinth_hev_high_elf_vampires_all_none_chapel_units	false
			wh2_main_lzd_mon_bastiladon_1	idrinth_hev_high_elf_vampires_all_none_chapel_units	false
			wh2_main_lzd_mon_bastiladon_2	idrinth_hev_high_elf_vampires_all_none_chapel_units	false
			wh2_main_lzd_mon_bastiladon_blessed_2	idrinth_hev_high_elf_vampires_all_none_chapel_units	false
			wh2_main_lzd_mon_carnosaur_0	idrinth_hev_high_elf_vampires_all_none_chapel_units	false
			wh2_main_lzd_mon_carnosaur_blessed_0	idrinth_hev_high_elf_vampires_all_none_chapel_units	false
			wh2_main_lzd_mon_kroxigors	idrinth_hev_high_elf_vampires_all_none_chapel_units	false
			wh2_main_lzd_mon_kroxigors_blessed	idrinth_hev_high_elf_vampires_all_none_chapel_units	false
			wh2_main_lzd_mon_kroxigors_nakai	idrinth_hev_high_elf_vampires_all_none_chapel_units	false
			wh2_main_lzd_mon_stegadon_0	idrinth_hev_high_elf_vampires_all_none_chapel_units	false
			wh2_main_lzd_mon_stegadon_1	idrinth_hev_high_elf_vampires_all_none_chapel_units	false
			wh2_main_lzd_mon_stegadon_blessed_1	idrinth_hev_high_elf_vampires_all_none_chapel_units	false
			wh2_main_skv_art_plagueclaw_catapult	idrinth_hev_high_elf_vampires_all_none_chapel_units	false
			wh2_main_skv_art_warp_lightning_cannon	idrinth_hev_high_elf_vampires_all_none_chapel_units	false
			wh2_main_skv_cha_assassin	idrinth_hev_high_elf_vampires_all_none_chapel_units	false
			wh2_main_skv_cha_grey_seer_plague_0	idrinth_hev_high_elf_vampires_all_none_chapel_units	false
			wh2_main_skv_cha_grey_seer_plague_1	idrinth_hev_high_elf_vampires_all_none_chapel_units	false
			wh2_main_skv_cha_grey_seer_ruin_0	idrinth_hev_high_elf_vampires_all_none_chapel_units	false
			wh2_main_skv_cha_grey_seer_ruin_1	idrinth_hev_high_elf_vampires_all_none_chapel_units	false
			wh2_main_skv_cha_lord_skrolk	idrinth_hev_high_elf_vampires_all_none_chapel_units	false
			wh2_main_skv_cha_plague_priest_0	idrinth_hev_high_elf_vampires_all_none_chapel_units	false
			wh2_main_skv_cha_plague_priest_2	idrinth_hev_high_elf_vampires_all_none_chapel_units	false
			wh2_main_skv_cha_queek_headtaker	idrinth_hev_high_elf_vampires_all_none_chapel_units	false
			wh2_main_skv_cha_warlock_engineer	idrinth_hev_high_elf_vampires_all_none_chapel_units	false
			wh2_main_skv_cha_warlord_0	idrinth_hev_high_elf_vampires_all_none_chapel_units	false
			wh2_main_skv_cha_warlord_1	idrinth_hev_high_elf_vampires_all_none_chapel_units	false
			wh2_main_skv_inf_clanrat_spearmen_0	idrinth_hev_high_elf_vampires_all_none_chapel_units	false
			wh2_main_skv_inf_clanrat_spearmen_1	idrinth_hev_high_elf_vampires_all_none_chapel_units	false
			wh2_main_skv_inf_clanrats_0	idrinth_hev_high_elf_vampires_all_none_chapel_units	false
			wh2_main_skv_inf_clanrats_0_summoned	idrinth_hev_high_elf_vampires_all_none_chapel_units	false
			wh2_main_skv_inf_clanrats_0_summoned_small	idrinth_hev_high_elf_vampires_all_none_chapel_units	false
			wh2_main_skv_inf_clanrats_1	idrinth_hev_high_elf_vampires_all_none_chapel_units	false
			wh2_main_skv_inf_death_globe_bombardiers	idrinth_hev_high_elf_vampires_all_none_chapel_units	false
			wh2_main_skv_inf_death_runners_0	idrinth_hev_high_elf_vampires_all_none_chapel_units	false
			wh2_main_skv_inf_death_runners_0_summoned	idrinth_hev_high_elf_vampires_all_none_chapel_units	false
			wh2_main_skv_inf_gutter_runner_slingers_0	idrinth_hev_high_elf_vampires_all_none_chapel_units	false
			wh2_main_skv_inf_gutter_runner_slingers_1	idrinth_hev_high_elf_vampires_all_none_chapel_units	false
			wh2_main_skv_inf_gutter_runners_0	idrinth_hev_high_elf_vampires_all_none_chapel_units	false
			wh2_main_skv_inf_gutter_runners_1	idrinth_hev_high_elf_vampires_all_none_chapel_units	false
			wh2_main_skv_inf_night_runners_0	idrinth_hev_high_elf_vampires_all_none_chapel_units	false
			wh2_main_skv_inf_night_runners_1	idrinth_hev_high_elf_vampires_all_none_chapel_units	false
			wh2_main_skv_inf_plague_monk_censer_bearer	idrinth_hev_high_elf_vampires_all_none_chapel_units	false
			wh2_main_skv_inf_plague_monks	idrinth_hev_high_elf_vampires_all_none_chapel_units	false
			wh2_main_skv_inf_plague_monks_summoned	idrinth_hev_high_elf_vampires_all_none_chapel_units	false
			wh2_main_skv_inf_poison_wind_globadiers	idrinth_hev_high_elf_vampires_all_none_chapel_units	false
			wh2_main_skv_inf_skavenslave_slingers_0	idrinth_hev_high_elf_vampires_all_none_chapel_units	false
			wh2_main_skv_inf_skavenslave_spearmen_0	idrinth_hev_high_elf_vampires_all_none_chapel_units	false
			wh2_main_skv_inf_skavenslave_spearmen_0_summoned	idrinth_hev_high_elf_vampires_all_none_chapel_units	false
			wh2_main_skv_inf_skavenslaves_0	idrinth_hev_high_elf_vampires_all_none_chapel_units	false
			wh2_main_skv_inf_stormvermin_0	idrinth_hev_high_elf_vampires_all_none_chapel_units	false
			wh2_main_skv_inf_stormvermin_0_quest	idrinth_hev_high_elf_vampires_all_none_chapel_units	false
			wh2_main_skv_inf_stormvermin_0_summoned	idrinth_hev_high_elf_vampires_all_none_chapel_units	false
			wh2_main_skv_inf_stormvermin_1	idrinth_hev_high_elf_vampires_all_none_chapel_units	false
			wh2_main_skv_inf_warpfire_thrower	idrinth_hev_high_elf_vampires_all_none_chapel_units	false
			wh2_main_skv_mon_hell_pit_abomination	idrinth_hev_high_elf_vampires_all_none_chapel_units	false
			wh2_main_skv_mon_rat_ogres	idrinth_hev_high_elf_vampires_all_none_chapel_units	false
			wh2_main_skv_veh_doomwheel	idrinth_hev_high_elf_vampires_all_none_chapel_units	false
			wh2_pro06_tmb_mon_bone_giant_0	idrinth_hev_high_elf_vampires_all_none_chapel_units	false
			wh2_pro07_emp_cha_wizard_death_0	idrinth_hev_high_elf_vampires_all_none_chapel_units	false
			wh2_pro07_emp_cha_wizard_death_1	idrinth_hev_high_elf_vampires_all_none_chapel_units	false
			wh2_pro07_emp_cha_wizard_death_2	idrinth_hev_high_elf_vampires_all_none_chapel_units	false
			wh2_pro07_emp_cha_wizard_death_3	idrinth_hev_high_elf_vampires_all_none_chapel_units	false
			wh2_pro08_neu_cha_felix	idrinth_hev_high_elf_vampires_all_none_chapel_units	false
			wh2_pro08_neu_cha_gotrek	idrinth_hev_high_elf_vampires_all_none_chapel_units	false
			wh2_pro09_grn_cha_black_orc_big_boss_0	idrinth_hev_high_elf_vampires_all_none_chapel_units	false
			wh2_pro09_grn_cha_black_orc_big_boss_1	idrinth_hev_high_elf_vampires_all_none_chapel_units	false
			wh2_twa01_grn_cha_goblin_great_shaman_3	idrinth_hev_high_elf_vampires_all_none_chapel_units	false
			wh2_twa02_wef_cha_glade_captain_0	idrinth_hev_high_elf_vampires_all_none_chapel_units	false
			wh2_twa02_wef_cha_glade_captain_1	idrinth_hev_high_elf_vampires_all_none_chapel_units	false
			wh2_twa02_wef_cha_glade_captain_2	idrinth_hev_high_elf_vampires_all_none_chapel_units	false
			wh2_twa02_wef_cha_glade_captain_3	idrinth_hev_high_elf_vampires_all_none_chapel_units	false
			wh2_twa03_def_cha_rakarth_0	idrinth_hev_high_elf_vampires_all_none_chapel_units	false
			wh2_twa03_def_cha_rakarth_1	idrinth_hev_high_elf_vampires_all_none_chapel_units	false
			wh2_twa03_def_cha_rakarth_2	idrinth_hev_high_elf_vampires_all_none_chapel_units	false
			wh2_twa03_def_cha_rakarth_3	idrinth_hev_high_elf_vampires_all_none_chapel_units	false
			wh2_twa03_def_mon_war_mammoth_0	idrinth_hev_high_elf_vampires_all_none_chapel_units	false
			wh2_twa03_def_mon_wolves_0	idrinth_hev_high_elf_vampires_all_none_chapel_units	false
			wh2_twa03_grn_mon_wyvern_0	idrinth_hev_high_elf_vampires_all_none_chapel_units	false
			wh2_twa04_bst_cha_great_bray_shaman_beasts_0	idrinth_hev_high_elf_vampires_all_none_chapel_units	false
			wh2_twa04_bst_cha_great_bray_shaman_beasts_1	idrinth_hev_high_elf_vampires_all_none_chapel_units	false
			wh2_twa04_bst_cha_great_bray_shaman_beasts_2	idrinth_hev_high_elf_vampires_all_none_chapel_units	false
			wh2_twa04_bst_cha_great_bray_shaman_death_0	idrinth_hev_high_elf_vampires_all_none_chapel_units	false
			wh2_twa04_bst_cha_great_bray_shaman_death_1	idrinth_hev_high_elf_vampires_all_none_chapel_units	false
			wh2_twa04_bst_cha_great_bray_shaman_death_2	idrinth_hev_high_elf_vampires_all_none_chapel_units	false
			wh2_twa04_bst_cha_great_bray_shaman_shadows_0	idrinth_hev_high_elf_vampires_all_none_chapel_units	false
			wh2_twa04_bst_cha_great_bray_shaman_shadows_1	idrinth_hev_high_elf_vampires_all_none_chapel_units	false
			wh2_twa04_bst_cha_great_bray_shaman_shadows_2	idrinth_hev_high_elf_vampires_all_none_chapel_units	false
			wh2_twa04_bst_cha_great_bray_shaman_wild_0	idrinth_hev_high_elf_vampires_all_none_chapel_units	false
			wh2_twa04_bst_cha_great_bray_shaman_wild_1	idrinth_hev_high_elf_vampires_all_none_chapel_units	false
			wh2_twa04_bst_cha_great_bray_shaman_wild_2	idrinth_hev_high_elf_vampires_all_none_chapel_units	false
			wh3_dlc20_chs_cav_chaos_chariot_mkho	idrinth_hev_high_elf_vampires_all_none_chapel_units	false
			wh3_dlc20_chs_cav_chaos_chariot_mnur	idrinth_hev_high_elf_vampires_all_none_chapel_units	false
			wh3_dlc20_chs_cav_chaos_chariot_msla	idrinth_hev_high_elf_vampires_all_none_chapel_units	false
			wh3_dlc20_chs_cav_chaos_chariot_msla_ror	idrinth_hev_high_elf_vampires_all_none_chapel_units	false
			wh3_dlc20_chs_cav_chaos_chariot_mtze	idrinth_hev_high_elf_vampires_all_none_chapel_units	false
			wh3_dlc20_chs_cav_chaos_knights_mkho	idrinth_hev_high_elf_vampires_all_none_chapel_units	false
			wh3_dlc20_chs_cav_chaos_knights_mkho_lances	idrinth_hev_high_elf_vampires_all_none_chapel_units	false
			wh3_dlc20_chs_cav_chaos_knights_mnur	idrinth_hev_high_elf_vampires_all_none_chapel_units	false
			wh3_dlc20_chs_cav_chaos_knights_mnur_lances	idrinth_hev_high_elf_vampires_all_none_chapel_units	false
			wh3_dlc20_chs_cav_chaos_knights_msla	idrinth_hev_high_elf_vampires_all_none_chapel_units	false
			wh3_dlc20_chs_cav_chaos_knights_msla_lances	idrinth_hev_high_elf_vampires_all_none_chapel_units	false
			wh3_dlc20_chs_cav_chaos_knights_mtze_lances	idrinth_hev_high_elf_vampires_all_none_chapel_units	false
			wh3_dlc20_chs_cav_marauder_horsemen_mkho_throwing_axes	idrinth_hev_high_elf_vampires_all_none_chapel_units	false
			wh3_dlc20_chs_cav_marauder_horsemen_mnur_throwing_axes	idrinth_hev_high_elf_vampires_all_none_chapel_units	false
			wh3_dlc20_chs_cav_marauder_horsemen_msla_javelins	idrinth_hev_high_elf_vampires_all_none_chapel_units	false
			wh3_dlc20_chs_cav_marauder_horsemen_mtze_javelins	idrinth_hev_high_elf_vampires_all_none_chapel_units	false
			wh3_dlc20_chs_cha_chaos_lord_mkho	idrinth_hev_high_elf_vampires_all_none_chapel_units	false
			wh3_dlc20_chs_cha_chaos_lord_mkho_chaos_steed	idrinth_hev_high_elf_vampires_all_none_chapel_units	false
			wh3_dlc20_chs_cha_chaos_lord_mkho_gorebeast_chariot	idrinth_hev_high_elf_vampires_all_none_chapel_units	false
			wh3_dlc20_chs_cha_chaos_lord_mkho_juggernaut	idrinth_hev_high_elf_vampires_all_none_chapel_units	false
			wh3_dlc20_chs_cha_chaos_lord_msla	idrinth_hev_high_elf_vampires_all_none_chapel_units	false
			wh3_dlc20_chs_cha_chaos_lord_msla_chaos_chariot	idrinth_hev_high_elf_vampires_all_none_chapel_units	false
			wh3_dlc20_chs_cha_chaos_lord_msla_chaos_steed	idrinth_hev_high_elf_vampires_all_none_chapel_units	false
			wh3_dlc20_chs_cha_chaos_sorcerer_death_warshrine	idrinth_hev_high_elf_vampires_all_none_chapel_units	false
			wh3_dlc20_chs_cha_chaos_sorcerer_fire_warshrine	idrinth_hev_high_elf_vampires_all_none_chapel_units	false
			wh3_dlc20_chs_cha_chaos_sorcerer_lord_death_mnur	idrinth_hev_high_elf_vampires_all_none_chapel_units	false
			wh3_dlc20_chs_cha_chaos_sorcerer_lord_death_mnur_chaos_steed	idrinth_hev_high_elf_vampires_all_none_chapel_units	false
			wh3_dlc20_chs_cha_chaos_sorcerer_lord_death_mnur_warshrine	idrinth_hev_high_elf_vampires_all_none_chapel_units	false
			wh3_dlc20_chs_cha_chaos_sorcerer_lord_death_warshrine	idrinth_hev_high_elf_vampires_all_none_chapel_units	false
			wh3_dlc20_chs_cha_chaos_sorcerer_lord_fire_warshrine	idrinth_hev_high_elf_vampires_all_none_chapel_units	false
			wh3_dlc20_chs_cha_chaos_sorcerer_lord_metal_mtze	idrinth_hev_high_elf_vampires_all_none_chapel_units	false
			wh3_dlc20_chs_cha_chaos_sorcerer_lord_metal_mtze_chaos_steed	idrinth_hev_high_elf_vampires_all_none_chapel_units	false
			wh3_dlc20_chs_cha_chaos_sorcerer_lord_metal_mtze_disc	idrinth_hev_high_elf_vampires_all_none_chapel_units	false
			wh3_dlc20_chs_cha_chaos_sorcerer_lord_metal_mtze_warshrine	idrinth_hev_high_elf_vampires_all_none_chapel_units	false
			wh3_dlc20_chs_cha_chaos_sorcerer_lord_metal_warshrine	idrinth_hev_high_elf_vampires_all_none_chapel_units	false
			wh3_dlc20_chs_cha_chaos_sorcerer_lord_nurgle_mnur	idrinth_hev_high_elf_vampires_all_none_chapel_units	false
			wh3_dlc20_chs_cha_chaos_sorcerer_lord_nurgle_mnur_chaos_steed	idrinth_hev_high_elf_vampires_all_none_chapel_units	false
			wh3_dlc20_chs_cha_chaos_sorcerer_lord_nurgle_mnur_warshrine	idrinth_hev_high_elf_vampires_all_none_chapel_units	false
			wh3_dlc20_chs_cha_chaos_sorcerer_lord_shadows_warshrine	idrinth_hev_high_elf_vampires_all_none_chapel_units	false
			wh3_dlc20_chs_cha_chaos_sorcerer_lord_tzeentch_mtze	idrinth_hev_high_elf_vampires_all_none_chapel_units	false
			wh3_dlc20_chs_cha_chaos_sorcerer_lord_tzeentch_mtze_chaos_steed	idrinth_hev_high_elf_vampires_all_none_chapel_units	false
			wh3_dlc20_chs_cha_chaos_sorcerer_lord_tzeentch_mtze_disc	idrinth_hev_high_elf_vampires_all_none_chapel_units	false
			wh3_dlc20_chs_cha_chaos_sorcerer_lord_tzeentch_mtze_warshrine	idrinth_hev_high_elf_vampires_all_none_chapel_units	false
			wh3_dlc20_chs_cha_chaos_sorcerer_metal_mtze	idrinth_hev_high_elf_vampires_all_none_chapel_units	false
			wh3_dlc20_chs_cha_chaos_sorcerer_metal_mtze_chaos_steed	idrinth_hev_high_elf_vampires_all_none_chapel_units	false
			wh3_dlc20_chs_cha_chaos_sorcerer_metal_mtze_disc	idrinth_hev_high_elf_vampires_all_none_chapel_units	false
			wh3_dlc20_chs_cha_chaos_sorcerer_metal_mtze_warshrine	idrinth_hev_high_elf_vampires_all_none_chapel_units	false
			wh3_dlc20_chs_cha_chaos_sorcerer_metal_warshrine	idrinth_hev_high_elf_vampires_all_none_chapel_units	false
			wh3_dlc20_chs_cha_chaos_sorcerer_shadows_msla	idrinth_hev_high_elf_vampires_all_none_chapel_units	false
			wh3_dlc20_chs_cha_chaos_sorcerer_shadows_msla_chaos_steed	idrinth_hev_high_elf_vampires_all_none_chapel_units	false
			wh3_dlc20_chs_cha_chaos_sorcerer_shadows_msla_warshrine	idrinth_hev_high_elf_vampires_all_none_chapel_units	false
			wh3_dlc20_chs_cha_chaos_sorcerer_shadows_warshrine	idrinth_hev_high_elf_vampires_all_none_chapel_units	false
			wh3_dlc20_chs_cha_chaos_sorcerer_slaanesh_msla	idrinth_hev_high_elf_vampires_all_none_chapel_units	false
			wh3_dlc20_chs_cha_chaos_sorcerer_slaanesh_msla_chaos_steed	idrinth_hev_high_elf_vampires_all_none_chapel_units	false
			wh3_dlc20_chs_cha_chaos_sorcerer_slaanesh_msla_warshrine	idrinth_hev_high_elf_vampires_all_none_chapel_units	false
			wh3_dlc20_chs_cha_chaos_sorcerer_tzeentch_mtze	idrinth_hev_high_elf_vampires_all_none_chapel_units	false
			wh3_dlc20_chs_cha_chaos_sorcerer_tzeentch_mtze_chaos_steed	idrinth_hev_high_elf_vampires_all_none_chapel_units	false
			wh3_dlc20_chs_cha_chaos_sorcerer_tzeentch_mtze_disc	idrinth_hev_high_elf_vampires_all_none_chapel_units	false
			wh3_dlc20_chs_cha_chaos_sorcerer_tzeentch_mtze_warshrine	idrinth_hev_high_elf_vampires_all_none_chapel_units	false
			wh3_dlc20_chs_cha_cultist_msla_warshrine	idrinth_hev_high_elf_vampires_all_none_chapel_units	false
			wh3_dlc20_chs_cha_daemon_prince	idrinth_hev_high_elf_vampires_all_none_chapel_units	false
			wh3_dlc20_chs_cha_daemon_prince_mkho	idrinth_hev_high_elf_vampires_all_none_chapel_units	false
			wh3_dlc20_chs_cha_daemon_prince_mnur	idrinth_hev_high_elf_vampires_all_none_chapel_units	false
			wh3_dlc20_chs_cha_daemon_prince_msla	idrinth_hev_high_elf_vampires_all_none_chapel_units	false
			wh3_dlc20_chs_cha_daemon_prince_mtze	idrinth_hev_high_elf_vampires_all_none_chapel_units	false
			wh3_dlc20_chs_cha_exalted_hero_mkho	idrinth_hev_high_elf_vampires_all_none_chapel_units	false
			wh3_dlc20_chs_cha_exalted_hero_mkho_chaos_steed	idrinth_hev_high_elf_vampires_all_none_chapel_units	false
			wh3_dlc20_chs_cha_exalted_hero_mkho_gorebeast_chariot	idrinth_hev_high_elf_vampires_all_none_chapel_units	false
			wh3_dlc20_chs_cha_exalted_hero_mkho_juggernaut	idrinth_hev_high_elf_vampires_all_none_chapel_units	false
			wh3_dlc20_chs_cha_exalted_hero_mnur	idrinth_hev_high_elf_vampires_all_none_chapel_units	false
			wh3_dlc20_chs_cha_exalted_hero_mnur_chaos_chariot	idrinth_hev_high_elf_vampires_all_none_chapel_units	false
			wh3_dlc20_chs_cha_exalted_hero_mnur_chaos_steed	idrinth_hev_high_elf_vampires_all_none_chapel_units	false
			wh3_dlc20_chs_inf_aspiring_champions_mtze_ror	idrinth_hev_high_elf_vampires_all_none_chapel_units	false
			wh3_dlc20_chs_inf_chaos_marauders_mkho	idrinth_hev_high_elf_vampires_all_none_chapel_units	false
			wh3_dlc20_chs_inf_chaos_marauders_mkho_dualweapons	idrinth_hev_high_elf_vampires_all_none_chapel_units	false
			wh3_dlc20_chs_inf_chaos_marauders_mnur	idrinth_hev_high_elf_vampires_all_none_chapel_units	false
			wh3_dlc20_chs_inf_chaos_marauders_mnur_greatweapons	idrinth_hev_high_elf_vampires_all_none_chapel_units	false
			wh3_dlc20_chs_inf_chaos_marauders_msla	idrinth_hev_high_elf_vampires_all_none_chapel_units	false
			wh3_dlc20_chs_inf_chaos_marauders_msla_hellscourges	idrinth_hev_high_elf_vampires_all_none_chapel_units	false
			wh3_dlc20_chs_inf_chaos_marauders_mtze	idrinth_hev_high_elf_vampires_all_none_chapel_units	false
			wh3_dlc20_chs_inf_chaos_marauders_mtze_spears	idrinth_hev_high_elf_vampires_all_none_chapel_units	false
			wh3_dlc20_chs_inf_chaos_warriors_mnur	idrinth_hev_high_elf_vampires_all_none_chapel_units	false
			wh3_dlc20_chs_inf_chaos_warriors_mnur_greatweapons	idrinth_hev_high_elf_vampires_all_none_chapel_units	false
			wh3_dlc20_chs_inf_chaos_warriors_msla	idrinth_hev_high_elf_vampires_all_none_chapel_units	false
			wh3_dlc20_chs_inf_chaos_warriors_msla_hellscourges	idrinth_hev_high_elf_vampires_all_none_chapel_units	false
			wh3_dlc20_chs_inf_chaos_warriors_mtze	idrinth_hev_high_elf_vampires_all_none_chapel_units	false
			wh3_dlc20_chs_inf_chaos_warriors_mtze_halberds	idrinth_hev_high_elf_vampires_all_none_chapel_units	false
			wh3_dlc20_chs_inf_chosen_mkho	idrinth_hev_high_elf_vampires_all_none_chapel_units	false
			wh3_dlc20_chs_inf_chosen_mkho_dualweapons	idrinth_hev_high_elf_vampires_all_none_chapel_units	false
			wh3_dlc20_chs_inf_chosen_mnur	idrinth_hev_high_elf_vampires_all_none_chapel_units	false
			wh3_dlc20_chs_inf_chosen_mnur_greatweapons	idrinth_hev_high_elf_vampires_all_none_chapel_units	false
			wh3_dlc20_chs_inf_chosen_msla	idrinth_hev_high_elf_vampires_all_none_chapel_units	false
			wh3_dlc20_chs_inf_chosen_msla_hellscourges	idrinth_hev_high_elf_vampires_all_none_chapel_units	false
			wh3_dlc20_chs_inf_chosen_mtze	idrinth_hev_high_elf_vampires_all_none_chapel_units	false
			wh3_dlc20_chs_inf_chosen_mtze_halberds	idrinth_hev_high_elf_vampires_all_none_chapel_units	false
			wh3_dlc20_chs_inf_forsaken_mkho	idrinth_hev_high_elf_vampires_all_none_chapel_units	false
			wh3_dlc20_chs_inf_forsaken_msla	idrinth_hev_high_elf_vampires_all_none_chapel_units	false
			wh3_dlc20_chs_mon_giant_mnur_ror	idrinth_hev_high_elf_vampires_all_none_chapel_units	false
			wh3_dlc20_chs_mon_warshrine	idrinth_hev_high_elf_vampires_all_none_chapel_units	false
			wh3_dlc20_chs_mon_warshrine_mkho	idrinth_hev_high_elf_vampires_all_none_chapel_units	false
			wh3_dlc20_chs_mon_warshrine_mnur	idrinth_hev_high_elf_vampires_all_none_chapel_units	false
			wh3_dlc20_chs_mon_warshrine_msla	idrinth_hev_high_elf_vampires_all_none_chapel_units	false
			wh3_dlc20_chs_mon_warshrine_mtze	idrinth_hev_high_elf_vampires_all_none_chapel_units	false
			wh3_dlc20_kho_cav_skullcrushers_mkho_ror	idrinth_hev_high_elf_vampires_all_none_chapel_units	false
			wh3_dlc20_kho_cha_cultist_mkho_warshrine	idrinth_hev_high_elf_vampires_all_none_chapel_units	false
			wh3_dlc20_kho_cha_valkia	idrinth_hev_high_elf_vampires_all_none_chapel_units	false
			wh3_dlc20_nur_cha_cultist_mnur_warshrine	idrinth_hev_high_elf_vampires_all_none_chapel_units	false
			wh3_dlc20_nur_cha_festus	idrinth_hev_high_elf_vampires_all_none_chapel_units	false
			wh3_dlc20_sla_cha_azazel	idrinth_hev_high_elf_vampires_all_none_chapel_units	false
			wh3_dlc20_tze_cha_cultist_mtze_warshrine	idrinth_hev_high_elf_vampires_all_none_chapel_units	false
			wh3_dlc20_tze_cha_vilitch	idrinth_hev_high_elf_vampires_all_none_chapel_units	false
			wh3_dlc23_chd_cav_bull_centaurs_axe	idrinth_hev_high_elf_vampires_all_none_chapel_units	false
			wh3_dlc23_chd_cav_bull_centaurs_dual_axe	idrinth_hev_high_elf_vampires_all_none_chapel_units	false
			wh3_dlc23_chd_cav_bull_centaurs_dual_axe_ror	idrinth_hev_high_elf_vampires_all_none_chapel_units	false
			wh3_dlc23_chd_cav_bull_centaurs_greatweapons	idrinth_hev_high_elf_vampires_all_none_chapel_units	false
			wh3_dlc23_chd_cav_hobgoblin_wolf_raiders_bows	idrinth_hev_high_elf_vampires_all_none_chapel_units	false
			wh3_dlc23_chd_cav_hobgoblin_wolf_raiders_ror	idrinth_hev_high_elf_vampires_all_none_chapel_units	false
			wh3_dlc23_chd_cav_hobgoblin_wolf_raiders_spears	idrinth_hev_high_elf_vampires_all_none_chapel_units	false
			wh3_dlc23_chd_cha_astragoth_ironhand	idrinth_hev_high_elf_vampires_all_none_chapel_units	false
			wh3_dlc23_chd_cha_bull_centaur_taurruk	idrinth_hev_high_elf_vampires_all_none_chapel_units	false
			wh3_dlc23_chd_cha_convoy_overseer	idrinth_hev_high_elf_vampires_all_none_chapel_units	false
			wh3_dlc23_chd_cha_daemonsmith_sorcerer_death	idrinth_hev_high_elf_vampires_all_none_chapel_units	false
			wh3_dlc23_chd_cha_daemonsmith_sorcerer_death_bale_taurus	idrinth_hev_high_elf_vampires_all_none_chapel_units	false
			wh3_dlc23_chd_cha_daemonsmith_sorcerer_death_great_taurus	idrinth_hev_high_elf_vampires_all_none_chapel_units	false
			wh3_dlc23_chd_cha_daemonsmith_sorcerer_death_lammasu	idrinth_hev_high_elf_vampires_all_none_chapel_units	false
			wh3_dlc23_chd_cha_daemonsmith_sorcerer_fire	idrinth_hev_high_elf_vampires_all_none_chapel_units	false
			wh3_dlc23_chd_cha_daemonsmith_sorcerer_fire_bale_taurus	idrinth_hev_high_elf_vampires_all_none_chapel_units	false
			wh3_dlc23_chd_cha_daemonsmith_sorcerer_fire_great_taurus	idrinth_hev_high_elf_vampires_all_none_chapel_units	false
			wh3_dlc23_chd_cha_daemonsmith_sorcerer_fire_lammasu	idrinth_hev_high_elf_vampires_all_none_chapel_units	false
			wh3_dlc23_chd_cha_daemonsmith_sorcerer_hashut	idrinth_hev_high_elf_vampires_all_none_chapel_units	false
			wh3_dlc23_chd_cha_daemonsmith_sorcerer_hashut_bale_taurus	idrinth_hev_high_elf_vampires_all_none_chapel_units	false
			wh3_dlc23_chd_cha_daemonsmith_sorcerer_hashut_great_taurus	idrinth_hev_high_elf_vampires_all_none_chapel_units	false
			wh3_dlc23_chd_cha_daemonsmith_sorcerer_hashut_lammasu	idrinth_hev_high_elf_vampires_all_none_chapel_units	false
			wh3_dlc23_chd_cha_daemonsmith_sorcerer_metal	idrinth_hev_high_elf_vampires_all_none_chapel_units	false
			wh3_dlc23_chd_cha_daemonsmith_sorcerer_metal_bale_taurus	idrinth_hev_high_elf_vampires_all_none_chapel_units	false
			wh3_dlc23_chd_cha_daemonsmith_sorcerer_metal_great_taurus	idrinth_hev_high_elf_vampires_all_none_chapel_units	false
			wh3_dlc23_chd_cha_daemonsmith_sorcerer_metal_lammasu	idrinth_hev_high_elf_vampires_all_none_chapel_units	false
			wh3_dlc23_chd_cha_drazhoath_the_ashen	idrinth_hev_high_elf_vampires_all_none_chapel_units	false
			wh3_dlc23_chd_cha_drazhoath_the_ashen_bale_taurus_cinderbreath	idrinth_hev_high_elf_vampires_all_none_chapel_units	false
			wh3_dlc23_chd_cha_gorduz_backstabber	idrinth_hev_high_elf_vampires_all_none_chapel_units	false
			wh3_dlc23_chd_cha_gorduz_backstabber_giant_wolf	idrinth_hev_high_elf_vampires_all_none_chapel_units	false
			wh3_dlc23_chd_cha_infernal_castellan	idrinth_hev_high_elf_vampires_all_none_chapel_units	false
			wh3_dlc23_chd_cha_overseer	idrinth_hev_high_elf_vampires_all_none_chapel_units	false
			wh3_dlc23_chd_cha_overseer_great_taurus	idrinth_hev_high_elf_vampires_all_none_chapel_units	false
			wh3_dlc23_chd_cha_overseer_lammasu	idrinth_hev_high_elf_vampires_all_none_chapel_units	false
			wh3_dlc23_chd_cha_sorcerer_prophet_death	idrinth_hev_high_elf_vampires_all_none_chapel_units	false
			wh3_dlc23_chd_cha_sorcerer_prophet_death_bale_taurus	idrinth_hev_high_elf_vampires_all_none_chapel_units	false
			wh3_dlc23_chd_cha_sorcerer_prophet_death_great_taurus	idrinth_hev_high_elf_vampires_all_none_chapel_units	false
			wh3_dlc23_chd_cha_sorcerer_prophet_death_lammasu	idrinth_hev_high_elf_vampires_all_none_chapel_units	false
			wh3_dlc23_chd_cha_sorcerer_prophet_fire	idrinth_hev_high_elf_vampires_all_none_chapel_units	false
			wh3_dlc23_chd_cha_sorcerer_prophet_fire_bale_taurus	idrinth_hev_high_elf_vampires_all_none_chapel_units	false
			wh3_dlc23_chd_cha_sorcerer_prophet_fire_great_taurus	idrinth_hev_high_elf_vampires_all_none_chapel_units	false
			wh3_dlc23_chd_cha_sorcerer_prophet_fire_lammasu	idrinth_hev_high_elf_vampires_all_none_chapel_units	false
			wh3_dlc23_chd_cha_sorcerer_prophet_hashut	idrinth_hev_high_elf_vampires_all_none_chapel_units	false
			wh3_dlc23_chd_cha_sorcerer_prophet_hashut_bale_taurus	idrinth_hev_high_elf_vampires_all_none_chapel_units	false
			wh3_dlc23_chd_cha_sorcerer_prophet_hashut_great_taurus	idrinth_hev_high_elf_vampires_all_none_chapel_units	false
			wh3_dlc23_chd_cha_sorcerer_prophet_hashut_lammasu	idrinth_hev_high_elf_vampires_all_none_chapel_units	false
			wh3_dlc23_chd_cha_sorcerer_prophet_metal	idrinth_hev_high_elf_vampires_all_none_chapel_units	false
			wh3_dlc23_chd_cha_sorcerer_prophet_metal_bale_taurus	idrinth_hev_high_elf_vampires_all_none_chapel_units	false
			wh3_dlc23_chd_cha_sorcerer_prophet_metal_great_taurus	idrinth_hev_high_elf_vampires_all_none_chapel_units	false
			wh3_dlc23_chd_cha_sorcerer_prophet_metal_lammasu	idrinth_hev_high_elf_vampires_all_none_chapel_units	false
			wh3_dlc23_chd_cha_zhatan_the_black	idrinth_hev_high_elf_vampires_all_none_chapel_units	false
			wh3_dlc23_chd_cha_zhatan_the_black_great_taurus	idrinth_hev_high_elf_vampires_all_none_chapel_units	false
			wh3_dlc23_chd_cha_zhatan_the_black_lammasu	idrinth_hev_high_elf_vampires_all_none_chapel_units	false
			wh3_dlc23_chd_inf_chaos_dwarf_blunderbusses	idrinth_hev_high_elf_vampires_all_none_chapel_units	false
			wh3_dlc23_chd_inf_chaos_dwarf_blunderbusses_ror	idrinth_hev_high_elf_vampires_all_none_chapel_units	false
			wh3_dlc23_chd_inf_chaos_dwarf_warriors	idrinth_hev_high_elf_vampires_all_none_chapel_units	false
			wh3_dlc23_chd_inf_chaos_dwarf_warriors_great_weapons	idrinth_hev_high_elf_vampires_all_none_chapel_units	false
			wh3_dlc23_chd_inf_chaos_dwarf_warriors_ror	idrinth_hev_high_elf_vampires_all_none_chapel_units	false
			wh3_dlc23_chd_inf_goblin_labourers	idrinth_hev_high_elf_vampires_all_none_chapel_units	false
			wh3_dlc23_chd_inf_hobgoblin_archers	idrinth_hev_high_elf_vampires_all_none_chapel_units	false
			wh3_dlc23_chd_inf_hobgoblin_cutthroats	idrinth_hev_high_elf_vampires_all_none_chapel_units	false
			wh3_dlc23_chd_inf_hobgoblin_cutthroats_summoned	idrinth_hev_high_elf_vampires_all_none_chapel_units	false
			wh3_dlc23_chd_inf_hobgoblin_sneaky_gits	idrinth_hev_high_elf_vampires_all_none_chapel_units	false
			wh3_dlc23_chd_inf_infernal_guard	idrinth_hev_high_elf_vampires_all_none_chapel_units	false
			wh3_dlc23_chd_inf_infernal_guard_fireglaives	idrinth_hev_high_elf_vampires_all_none_chapel_units	false
			wh3_dlc23_chd_inf_infernal_guard_great_weapons	idrinth_hev_high_elf_vampires_all_none_chapel_units	false
			wh3_dlc23_chd_inf_infernal_ironsworn	idrinth_hev_high_elf_vampires_all_none_chapel_units	false
			wh3_dlc23_chd_inf_infernal_ironsworn_ror	idrinth_hev_high_elf_vampires_all_none_chapel_units	false
			wh3_dlc23_chd_inf_orc_labourers	idrinth_hev_high_elf_vampires_all_none_chapel_units	false
			wh3_dlc23_chd_mon_bale_taurus	idrinth_hev_high_elf_vampires_all_none_chapel_units	false
			wh3_dlc23_chd_mon_great_taurus	idrinth_hev_high_elf_vampires_all_none_chapel_units	false
			wh3_dlc23_chd_mon_kdaai_destroyer	idrinth_hev_high_elf_vampires_all_none_chapel_units	false
			wh3_dlc23_chd_mon_kdaai_fireborn	idrinth_hev_high_elf_vampires_all_none_chapel_units	false
			wh3_dlc23_chd_mon_kdaai_fireborn_summoned	idrinth_hev_high_elf_vampires_all_none_chapel_units	false
			wh3_dlc23_chd_mon_lammasu	idrinth_hev_high_elf_vampires_all_none_chapel_units	false
			wh3_dlc23_chd_veh_deathshrieker_rocket_launcher	idrinth_hev_high_elf_vampires_all_none_chapel_units	false
			wh3_dlc23_chd_veh_dreadquake_mortar	idrinth_hev_high_elf_vampires_all_none_chapel_units	false
			wh3_dlc23_chd_veh_iron_daemon	idrinth_hev_high_elf_vampires_all_none_chapel_units	false
			wh3_dlc23_chd_veh_iron_daemon_1dreadquake	idrinth_hev_high_elf_vampires_all_none_chapel_units	false
			wh3_dlc23_chd_veh_iron_daemon_3payload_qb	idrinth_hev_high_elf_vampires_all_none_chapel_units	false
			wh3_dlc23_chd_veh_iron_daemon_ror	idrinth_hev_high_elf_vampires_all_none_chapel_units	false
			wh3_dlc23_chd_veh_iron_daemon_ror_1dreadquake	idrinth_hev_high_elf_vampires_all_none_chapel_units	false
			wh3_dlc23_chd_veh_magma_cannon	idrinth_hev_high_elf_vampires_all_none_chapel_units	false
			wh3_dlc23_chd_veh_skullcracker	idrinth_hev_high_elf_vampires_all_none_chapel_units	false
			wh3_dlc23_chd_veh_skullcracker_1dreadquake	idrinth_hev_high_elf_vampires_all_none_chapel_units	false
			wh3_dlc23_neu_cha_ulrika	idrinth_hev_high_elf_vampires_all_none_chapel_units	false
			wh3_dlc23_neu_cha_ulrika_warhorse	idrinth_hev_high_elf_vampires_all_none_chapel_units	false
			wh3_dlc24_bst_inf_centigors_great_weapons_mtze	idrinth_hev_high_elf_vampires_all_none_chapel_units	false
			wh3_dlc24_bst_inf_tzaangors	idrinth_hev_high_elf_vampires_all_none_chapel_units	false
			wh3_dlc24_bst_mon_cockatrice	idrinth_hev_high_elf_vampires_all_none_chapel_units	false
			wh3_dlc24_bst_mon_incarnate_elemental_of_beasts	idrinth_hev_high_elf_vampires_all_none_chapel_units	false
			wh3_dlc24_chs_cha_chaos_lord_mtze	idrinth_hev_high_elf_vampires_all_none_chapel_units	false
			wh3_dlc24_chs_cha_chaos_lord_mtze_chaos_chariot	idrinth_hev_high_elf_vampires_all_none_chapel_units	false
			wh3_dlc24_chs_cha_chaos_lord_mtze_chaos_steed	idrinth_hev_high_elf_vampires_all_none_chapel_units	false
			wh3_dlc24_chs_cha_chaos_lord_mtze_disc	idrinth_hev_high_elf_vampires_all_none_chapel_units	false
			wh3_dlc24_chs_cha_exalted_hero_mtze	idrinth_hev_high_elf_vampires_all_none_chapel_units	false
			wh3_dlc24_chs_cha_exalted_hero_mtze_chaos_chariot	idrinth_hev_high_elf_vampires_all_none_chapel_units	false
			wh3_dlc24_chs_cha_exalted_hero_mtze_chaos_steed	idrinth_hev_high_elf_vampires_all_none_chapel_units	false
			wh3_dlc24_chs_cha_exalted_hero_mtze_disc	idrinth_hev_high_elf_vampires_all_none_chapel_units	false
			wh3_dlc24_cth_cha_astromancer_great_moon_bird	idrinth_hev_high_elf_vampires_all_none_chapel_units	false
			wh3_dlc24_cth_cha_celestial_general_yang	idrinth_hev_high_elf_vampires_all_none_chapel_units	false
			wh3_dlc24_cth_cha_celestial_general_yang_cathayan_horse	idrinth_hev_high_elf_vampires_all_none_chapel_units	false
			wh3_dlc24_cth_cha_celestial_general_yang_celestial_lion	idrinth_hev_high_elf_vampires_all_none_chapel_units	false
			wh3_dlc24_cth_cha_celestial_general_yang_longma	idrinth_hev_high_elf_vampires_all_none_chapel_units	false
			wh3_dlc24_cth_cha_gate_master	idrinth_hev_high_elf_vampires_all_none_chapel_units	false
			wh3_dlc24_cth_cha_gate_master_warhorse	idrinth_hev_high_elf_vampires_all_none_chapel_units	false
			wh3_dlc24_cth_cha_saytang_the_watcher	idrinth_hev_high_elf_vampires_all_none_chapel_units	false
			wh3_dlc24_cth_cha_yuan_bo_dragon	idrinth_hev_high_elf_vampires_all_none_chapel_units	false
			wh3_dlc24_cth_cha_yuan_bo_human	idrinth_hev_high_elf_vampires_all_none_chapel_units	false
			wh3_dlc24_cth_inf_dragon_guard_crossbowmen_ror	idrinth_hev_high_elf_vampires_all_none_chapel_units	false
			wh3_dlc24_cth_inf_onyx_crowmen	idrinth_hev_high_elf_vampires_all_none_chapel_units	false
			wh3_dlc24_cth_inf_onyx_crowmen_ror	idrinth_hev_high_elf_vampires_all_none_chapel_units	false
			wh3_dlc24_cth_mon_celestial_lion	idrinth_hev_high_elf_vampires_all_none_chapel_units	false
			wh3_dlc24_cth_mon_great_moon_bird	idrinth_hev_high_elf_vampires_all_none_chapel_units	false
			wh3_dlc24_cth_mon_jade_lion	idrinth_hev_high_elf_vampires_all_none_chapel_units	false
			wh3_dlc24_cth_mon_jet_lion	idrinth_hev_high_elf_vampires_all_none_chapel_units	false
			wh3_dlc24_cth_veh_zhangu_war_drum	idrinth_hev_high_elf_vampires_all_none_chapel_units	false
			wh3_dlc24_cth_veh_zhangu_war_drum_ror	idrinth_hev_high_elf_vampires_all_none_chapel_units	false
			wh3_dlc24_grn_cha_grimgor_ironhide_quest_battle	idrinth_hev_high_elf_vampires_all_none_chapel_units	false
			wh3_dlc24_ksl_cha_druzhina	idrinth_hev_high_elf_vampires_all_none_chapel_units	false
			wh3_dlc24_ksl_cha_druzhina_warhorse	idrinth_hev_high_elf_vampires_all_none_chapel_units	false
			wh3_dlc24_ksl_cha_golden_knight	idrinth_hev_high_elf_vampires_all_none_chapel_units	false
			wh3_dlc24_ksl_cha_golden_knight_warhorse	idrinth_hev_high_elf_vampires_all_none_chapel_units	false
			wh3_dlc24_ksl_cha_hag_witch_beast	idrinth_hev_high_elf_vampires_all_none_chapel_units	false
			wh3_dlc24_ksl_cha_hag_witch_death	idrinth_hev_high_elf_vampires_all_none_chapel_units	false
			wh3_dlc24_ksl_cha_hag_witch_hag	idrinth_hev_high_elf_vampires_all_none_chapel_units	false
			wh3_dlc24_ksl_cha_hag_witch_shadow	idrinth_hev_high_elf_vampires_all_none_chapel_units	false
			wh3_dlc24_ksl_cha_ice_witch_ice_frost_wyrm	idrinth_hev_high_elf_vampires_all_none_chapel_units	false
			wh3_dlc24_ksl_cha_ice_witch_tempest_frost_wyrm	idrinth_hev_high_elf_vampires_all_none_chapel_units	false
			wh3_dlc24_ksl_cha_katarin_frost_wyrm	idrinth_hev_high_elf_vampires_all_none_chapel_units	false
			wh3_dlc24_ksl_cha_katarin_ice_court_sled	idrinth_hev_high_elf_vampires_all_none_chapel_units	false
			wh3_dlc24_ksl_cha_mother_ostankya	idrinth_hev_high_elf_vampires_all_none_chapel_units	false
			wh3_dlc24_ksl_inf_akshina_ambushers	idrinth_hev_high_elf_vampires_all_none_chapel_units	false
			wh3_dlc24_ksl_inf_akshina_ambushers_ror	idrinth_hev_high_elf_vampires_all_none_chapel_units	false
			wh3_dlc24_ksl_inf_kislevite_warriors	idrinth_hev_high_elf_vampires_all_none_chapel_units	false
			wh3_dlc24_ksl_inf_streltsi_ror	idrinth_hev_high_elf_vampires_all_none_chapel_units	false
			wh3_dlc24_ksl_mon_frost_wyrm	idrinth_hev_high_elf_vampires_all_none_chapel_units	false
			wh3_dlc24_ksl_mon_incarnate_elemental_of_beasts	idrinth_hev_high_elf_vampires_all_none_chapel_units	false
			wh3_dlc24_ksl_mon_incarnate_elemental_of_beasts_summoned	idrinth_hev_high_elf_vampires_all_none_chapel_units	false
			wh3_dlc24_ksl_mon_the_things_in_the_woods	idrinth_hev_high_elf_vampires_all_none_chapel_units	false
			wh3_dlc24_ksl_mon_the_things_in_the_woods_ror	idrinth_hev_high_elf_vampires_all_none_chapel_units	false
			wh3_dlc24_ksl_mon_the_things_in_the_woods_summoned	idrinth_hev_high_elf_vampires_all_none_chapel_units	false
			wh3_dlc24_lzd_mon_carnosaur_0	idrinth_hev_high_elf_vampires_all_none_chapel_units	false
			wh3_dlc24_qb_cst_cav_knights_errant_0	idrinth_hev_high_elf_vampires_all_none_chapel_units	false
			wh3_dlc24_qb_cst_cav_knights_of_the_realm	idrinth_hev_high_elf_vampires_all_none_chapel_units	false
			wh3_dlc24_qb_cst_cav_questing_knights_0	idrinth_hev_high_elf_vampires_all_none_chapel_units	false
			wh3_dlc24_tze_cha_aekold_helbrass	idrinth_hev_high_elf_vampires_all_none_chapel_units	false
			wh3_dlc24_tze_cha_blue_scribes	idrinth_hev_high_elf_vampires_all_none_chapel_units	false
			wh3_dlc24_tze_cha_changeling	idrinth_hev_high_elf_vampires_all_none_chapel_units	false
			wh3_dlc24_tze_cha_changeling_quest_battle	idrinth_hev_high_elf_vampires_all_none_chapel_units	false
			wh3_dlc24_tze_cha_changeling_summoned_0	idrinth_hev_high_elf_vampires_all_none_chapel_units	false
			wh3_dlc24_tze_inf_centigors_great_weapons	idrinth_hev_high_elf_vampires_all_none_chapel_units	false
			wh3_dlc24_tze_inf_pink_horrors_ror	idrinth_hev_high_elf_vampires_all_none_chapel_units	false
			wh3_dlc24_tze_inf_tzaangors	idrinth_hev_high_elf_vampires_all_none_chapel_units	false
			wh3_dlc24_tze_mon_cockatrice	idrinth_hev_high_elf_vampires_all_none_chapel_units	false
			wh3_dlc24_tze_mon_flamers_changebringers	idrinth_hev_high_elf_vampires_all_none_chapel_units	false
			wh3_dlc24_tze_mon_mutalith_vortex_beast	idrinth_hev_high_elf_vampires_all_none_chapel_units	false
			wh3_dlc24_tze_mon_mutalith_vortex_beast_ror	idrinth_hev_high_elf_vampires_all_none_chapel_units	false
			wh3_dlc24_tze_mon_screamers_ror	idrinth_hev_high_elf_vampires_all_none_chapel_units	false
			wh3_dlc25_bst_inf_pestigors	idrinth_hev_high_elf_vampires_all_none_chapel_units	false
			wh3_dlc25_bst_mon_jabberslythe_qb_boss	idrinth_hev_high_elf_vampires_all_none_chapel_units	false
			wh3_dlc25_chs_cha_chaos_lord_mnur	idrinth_hev_high_elf_vampires_all_none_chapel_units	false
			wh3_dlc25_chs_cha_chaos_lord_mnur_chaos_chariot	idrinth_hev_high_elf_vampires_all_none_chapel_units	false
			wh3_dlc25_chs_cha_chaos_lord_mnur_chaos_steed	idrinth_hev_high_elf_vampires_all_none_chapel_units	false
			wh3_dlc25_chs_cha_chaos_lord_mnur_rot_beast	idrinth_hev_high_elf_vampires_all_none_chapel_units	false
			wh3_dlc25_chs_cha_chaos_sorcerer_death_mnur	idrinth_hev_high_elf_vampires_all_none_chapel_units	false
			wh3_dlc25_chs_cha_chaos_sorcerer_death_mnur_chaos_steed	idrinth_hev_high_elf_vampires_all_none_chapel_units	false
			wh3_dlc25_chs_cha_chaos_sorcerer_death_mnur_rot_beast	idrinth_hev_high_elf_vampires_all_none_chapel_units	false
			wh3_dlc25_chs_cha_chaos_sorcerer_death_mnur_warshrine	idrinth_hev_high_elf_vampires_all_none_chapel_units	false
			wh3_dlc25_chs_cha_chaos_sorcerer_lord_death_mnur_rot_beast	idrinth_hev_high_elf_vampires_all_none_chapel_units	false
			wh3_dlc25_chs_cha_chaos_sorcerer_lord_nurgle_mnur_rot_beast	idrinth_hev_high_elf_vampires_all_none_chapel_units	false
			wh3_dlc25_chs_cha_chaos_sorcerer_nurgle_mnur	idrinth_hev_high_elf_vampires_all_none_chapel_units	false
			wh3_dlc25_chs_cha_chaos_sorcerer_nurgle_mnur_chaos_steed	idrinth_hev_high_elf_vampires_all_none_chapel_units	false
			wh3_dlc25_chs_cha_chaos_sorcerer_nurgle_mnur_rot_beast	idrinth_hev_high_elf_vampires_all_none_chapel_units	false
			wh3_dlc25_chs_cha_chaos_sorcerer_nurgle_mnur_warshrine	idrinth_hev_high_elf_vampires_all_none_chapel_units	false
			wh3_dlc25_chs_cha_exalted_hero_mnur_rot_beast	idrinth_hev_high_elf_vampires_all_none_chapel_units	false
			wh3_dlc25_dwf_art_goblin_hewer	idrinth_hev_high_elf_vampires_all_none_chapel_units	false
			wh3_dlc25_dwf_art_goblin_hewer_malakai	idrinth_hev_high_elf_vampires_all_none_chapel_units	false
			wh3_dlc25_dwf_art_grudge_thrower_grudge_reward	idrinth_hev_high_elf_vampires_all_none_chapel_units	false
			wh3_dlc25_dwf_cha_daemon_slayer	idrinth_hev_high_elf_vampires_all_none_chapel_units	false
			wh3_dlc25_dwf_cha_dragon_slayer	idrinth_hev_high_elf_vampires_all_none_chapel_units	false
			wh3_dlc25_dwf_cha_garagrim_ironfist	idrinth_hev_high_elf_vampires_all_none_chapel_units	false
			wh3_dlc25_dwf_cha_malakai_makaisson	idrinth_hev_high_elf_vampires_all_none_chapel_units	false
			wh3_dlc25_dwf_inf_doomseekers	idrinth_hev_high_elf_vampires_all_none_chapel_units	false
			wh3_dlc25_dwf_inf_doomseekers_ror	idrinth_hev_high_elf_vampires_all_none_chapel_units	false
			wh3_dlc25_dwf_inf_miners_1_summoned	idrinth_hev_high_elf_vampires_all_none_chapel_units	false
			wh3_dlc25_dwf_inf_slayer_pirates	idrinth_hev_high_elf_vampires_all_none_chapel_units	false
			wh3_dlc25_dwf_inf_slayer_pirates_ror	idrinth_hev_high_elf_vampires_all_none_chapel_units	false
			wh3_dlc25_dwf_inf_thunderers_grudge_rakers	idrinth_hev_high_elf_vampires_all_none_chapel_units	false
			wh3_dlc25_dwf_inf_thunderers_ror	idrinth_hev_high_elf_vampires_all_none_chapel_units	false
			wh3_dlc25_dwf_veh_gyrocopter_summoned_0	idrinth_hev_high_elf_vampires_all_none_chapel_units	false
			wh3_dlc25_dwf_veh_thunderbarge	idrinth_hev_high_elf_vampires_all_none_chapel_units	false
			wh3_dlc25_dwf_veh_thunderbarge_grungni	idrinth_hev_high_elf_vampires_all_none_chapel_units	false
			wh3_dlc25_dwf_veh_thunderbarge_grungni_mp	idrinth_hev_high_elf_vampires_all_none_chapel_units	false
			wh3_dlc25_dwf_veh_thunderbarge_malakai	idrinth_hev_high_elf_vampires_all_none_chapel_units	false
			wh3_dlc25_emp_art_helstorm_rocket_battery_morr	idrinth_hev_high_elf_vampires_all_none_chapel_units	false
			wh3_dlc25_emp_cav_knights_of_the_black_rose	idrinth_hev_high_elf_vampires_all_none_chapel_units	false
			wh3_dlc25_emp_cav_outriders_morr	idrinth_hev_high_elf_vampires_all_none_chapel_units	false
			wh3_dlc25_emp_cha_elspeth_von_draken	idrinth_hev_high_elf_vampires_all_none_chapel_units	false
			wh3_dlc25_emp_cha_elspeth_von_draken_carmine_dragon	idrinth_hev_high_elf_vampires_all_none_chapel_units	false
			wh3_dlc25_emp_cha_elspeth_von_draken_warhorse	idrinth_hev_high_elf_vampires_all_none_chapel_units	false
			wh3_dlc25_emp_cha_engineer	idrinth_hev_high_elf_vampires_all_none_chapel_units	false
			wh3_dlc25_emp_cha_engineer_mechanical_steed	idrinth_hev_high_elf_vampires_all_none_chapel_units	false
			wh3_dlc25_emp_cha_engineer_warhorse	idrinth_hev_high_elf_vampires_all_none_chapel_units	false
			wh3_dlc25_emp_cha_master_engineer	idrinth_hev_high_elf_vampires_all_none_chapel_units	false
			wh3_dlc25_emp_cha_master_engineer_mechanical_steed	idrinth_hev_high_elf_vampires_all_none_chapel_units	false
			wh3_dlc25_emp_cha_master_engineer_steam_tank	idrinth_hev_high_elf_vampires_all_none_chapel_units	false
			wh3_dlc25_emp_cha_master_engineer_warhorse	idrinth_hev_high_elf_vampires_all_none_chapel_units	false
			wh3_dlc25_emp_cha_theodore_bruckner	idrinth_hev_high_elf_vampires_all_none_chapel_units	false
			wh3_dlc25_emp_cha_theodore_bruckner_demigryph_reaper	idrinth_hev_high_elf_vampires_all_none_chapel_units	false
			wh3_dlc25_emp_cha_wizard_metal	idrinth_hev_high_elf_vampires_all_none_chapel_units	false
			wh3_dlc25_emp_cha_wizard_metal_pegasus	idrinth_hev_high_elf_vampires_all_none_chapel_units	false
			wh3_dlc25_emp_cha_wizard_metal_warhorse	idrinth_hev_high_elf_vampires_all_none_chapel_units	false
			wh3_dlc25_emp_inf_hochland_long_rifles	idrinth_hev_high_elf_vampires_all_none_chapel_units	false
			wh3_dlc25_emp_inf_hochland_long_rifles_ror	idrinth_hev_high_elf_vampires_all_none_chapel_units	false
			wh3_dlc25_emp_inf_nuln_ironsides	idrinth_hev_high_elf_vampires_all_none_chapel_units	false
			wh3_dlc25_emp_inf_nuln_ironsides_morr	idrinth_hev_high_elf_vampires_all_none_chapel_units	false
			wh3_dlc25_emp_inf_spearmen_shields_ror	idrinth_hev_high_elf_vampires_all_none_chapel_units	false
			wh3_dlc25_emp_mon_hawks_summoned	idrinth_hev_high_elf_vampires_all_none_chapel_units	false
			wh3_dlc25_emp_mon_incarnate_elemental_of_beasts_summoned	idrinth_hev_high_elf_vampires_all_none_chapel_units	false
			wh3_dlc25_emp_veh_marienburg_land_ship	idrinth_hev_high_elf_vampires_all_none_chapel_units	false
			wh3_dlc25_emp_veh_marienburg_land_ship_morr	idrinth_hev_high_elf_vampires_all_none_chapel_units	false
			wh3_dlc25_emp_veh_marienburg_land_ship_ror	idrinth_hev_high_elf_vampires_all_none_chapel_units	false
			wh3_dlc25_emp_veh_steam_tank_volley_gun	idrinth_hev_high_elf_vampires_all_none_chapel_units	false
			wh3_dlc25_grn_mon_arachnarok_spider_boss	idrinth_hev_high_elf_vampires_all_none_chapel_units	false
			wh3_dlc25_grn_mon_rogue_idol_qb_boss	idrinth_hev_high_elf_vampires_all_none_chapel_units	false
			wh3_dlc25_hef_mon_sun_dragon_boss	idrinth_hev_high_elf_vampires_all_none_chapel_units	false
			wh3_dlc25_nur_cav_plague_drones_1_ror	idrinth_hev_high_elf_vampires_all_none_chapel_units	false
			wh3_dlc25_nur_cav_rot_knights	idrinth_hev_high_elf_vampires_all_none_chapel_units	false
			wh3_dlc25_nur_cav_rot_knights_ror	idrinth_hev_high_elf_vampires_all_none_chapel_units	false
			wh3_dlc25_nur_cha_bray_shaman_wild_chieftain	idrinth_hev_high_elf_vampires_all_none_chapel_units	false
			wh3_dlc25_nur_cha_bray_shaman_wild_chieftain_razorgor_chariot	idrinth_hev_high_elf_vampires_all_none_chapel_units	false
			wh3_dlc25_nur_cha_bray_shaman_wild_chieftain_tuskgor_chariot	idrinth_hev_high_elf_vampires_all_none_chapel_units	false
			wh3_dlc25_nur_cha_epidemius	idrinth_hev_high_elf_vampires_all_none_chapel_units	false
			wh3_dlc25_nur_cha_exalted_great_unclean_one_nurgle_qb_boss	idrinth_hev_high_elf_vampires_all_none_chapel_units	false
			wh3_dlc25_nur_cha_exalted_hero_chieftain	idrinth_hev_high_elf_vampires_all_none_chapel_units	false
			wh3_dlc25_nur_cha_exalted_hero_chieftain_chaos_chariot	idrinth_hev_high_elf_vampires_all_none_chapel_units	false
			wh3_dlc25_nur_cha_exalted_hero_chieftain_chaos_dragon	idrinth_hev_high_elf_vampires_all_none_chapel_units	false
			wh3_dlc25_nur_cha_exalted_hero_chieftain_chaos_steed	idrinth_hev_high_elf_vampires_all_none_chapel_units	false
			wh3_dlc25_nur_cha_fimir_balefiend_shadow_chieftain	idrinth_hev_high_elf_vampires_all_none_chapel_units	false
			wh3_dlc25_nur_cha_infernal_castellan_chieftain	idrinth_hev_high_elf_vampires_all_none_chapel_units	false
			wh3_dlc25_nur_cha_kayzk_the_befouled	idrinth_hev_high_elf_vampires_all_none_chapel_units	false
			wh3_dlc25_nur_cha_skin_wolf_werekin_chieftain	idrinth_hev_high_elf_vampires_all_none_chapel_units	false
			wh3_dlc25_nur_cha_tamurkhan	idrinth_hev_high_elf_vampires_all_none_chapel_units	false
			wh3_dlc25_nur_cha_tamurkhan_bubebolos	idrinth_hev_high_elf_vampires_all_none_chapel_units	false
			wh3_dlc25_nur_chieftain_art_hellcannon	idrinth_hev_high_elf_vampires_all_none_chapel_units	false
			wh3_dlc25_nur_chieftain_cav_chaos_chariot_mnur	idrinth_hev_high_elf_vampires_all_none_chapel_units	false
			wh3_dlc25_nur_chieftain_cav_rot_knights	idrinth_hev_high_elf_vampires_all_none_chapel_units	false
			wh3_dlc25_nur_chieftain_inf_aspiring_champions_0	idrinth_hev_high_elf_vampires_all_none_chapel_units	false
			wh3_dlc25_nur_chieftain_inf_centigors_1	idrinth_hev_high_elf_vampires_all_none_chapel_units	false
			wh3_dlc25_nur_chieftain_inf_chaos_dwarf_blunderbusses	idrinth_hev_high_elf_vampires_all_none_chapel_units	false
			wh3_dlc25_nur_chieftain_inf_cygor_0	idrinth_hev_high_elf_vampires_all_none_chapel_units	false
			wh3_dlc25_nur_chieftain_inf_infernal_guard_fireglaives	idrinth_hev_high_elf_vampires_all_none_chapel_units	false
			wh3_dlc25_nur_chieftain_mon_dragon_ogre_shaggoth	idrinth_hev_high_elf_vampires_all_none_chapel_units	false
			wh3_dlc25_nur_chieftain_mon_fimir_0	idrinth_hev_high_elf_vampires_all_none_chapel_units	false
			wh3_dlc25_nur_chieftain_mon_fimir_1	idrinth_hev_high_elf_vampires_all_none_chapel_units	false
			wh3_dlc25_nur_chieftain_mon_frost_wyrm_0	idrinth_hev_high_elf_vampires_all_none_chapel_units	false
			wh3_dlc25_nur_chieftain_mon_ghorgon	idrinth_hev_high_elf_vampires_all_none_chapel_units	false
			wh3_dlc25_nur_chieftain_mon_skinwolves_0	idrinth_hev_high_elf_vampires_all_none_chapel_units	false
			wh3_dlc25_nur_chieftain_mon_toad_dragon	idrinth_hev_high_elf_vampires_all_none_chapel_units	false
			wh3_dlc25_nur_chieftain_mon_war_mammoth_0	idrinth_hev_high_elf_vampires_all_none_chapel_units	false
			wh3_dlc25_nur_chieftain_mon_war_mammoth_1	idrinth_hev_high_elf_vampires_all_none_chapel_units	false
			wh3_dlc25_nur_chieftain_veh_dreadquake_mortar	idrinth_hev_high_elf_vampires_all_none_chapel_units	false
			wh3_dlc25_nur_inf_nurglings_summoned	idrinth_hev_high_elf_vampires_all_none_chapel_units	false
			wh3_dlc25_nur_inf_pestigors	idrinth_hev_high_elf_vampires_all_none_chapel_units	false
			wh3_dlc25_nur_inf_plague_ogres	idrinth_hev_high_elf_vampires_all_none_chapel_units	false
			wh3_dlc25_nur_inf_plague_ogres_great_weapons	idrinth_hev_high_elf_vampires_all_none_chapel_units	false
			wh3_dlc25_nur_mon_bile_trolls	idrinth_hev_high_elf_vampires_all_none_chapel_units	false
			wh3_dlc25_nur_mon_soul_grinder_0_ror	idrinth_hev_high_elf_vampires_all_none_chapel_units	false
			wh3_dlc25_nur_mon_toad_dragon	idrinth_hev_high_elf_vampires_all_none_chapel_units	false
			wh3_dlc26_bst_inf_khorngors	idrinth_hev_high_elf_vampires_all_none_chapel_units	false
			wh3_dlc26_chs_inf_chosen_mkho_ror	idrinth_hev_high_elf_vampires_all_none_chapel_units	false
			wh3_dlc26_grn_art_bolt_throwa	idrinth_hev_high_elf_vampires_all_none_chapel_units	false
			wh3_dlc26_grn_art_bolt_throwa_ror	idrinth_hev_high_elf_vampires_all_none_chapel_units	false
			wh3_dlc26_grn_cav_mangler_squig	idrinth_hev_high_elf_vampires_all_none_chapel_units	false
			wh3_dlc26_grn_cha_gorbad_ironclaw	idrinth_hev_high_elf_vampires_all_none_chapel_units	false
			wh3_dlc26_grn_cha_gorbad_ironclaw_gnarla	idrinth_hev_high_elf_vampires_all_none_chapel_units	false
			wh3_dlc26_grn_cha_night_goblin_big_boss	idrinth_hev_high_elf_vampires_all_none_chapel_units	false
			wh3_dlc26_grn_cha_night_goblin_big_boss_squig	idrinth_hev_high_elf_vampires_all_none_chapel_units	false
			wh3_dlc26_grn_cha_savage_orc_great_shaman	idrinth_hev_high_elf_vampires_all_none_chapel_units	false
			wh3_dlc26_grn_cha_savage_orc_great_shaman_boar	idrinth_hev_high_elf_vampires_all_none_chapel_units	false
			wh3_dlc26_grn_cha_savage_orc_great_shaman_wyvern	idrinth_hev_high_elf_vampires_all_none_chapel_units	false
			wh3_dlc26_grn_cha_snagla_grobspit	idrinth_hev_high_elf_vampires_all_none_chapel_units	false
			wh3_dlc26_grn_inf_black_orcs_shield	idrinth_hev_high_elf_vampires_all_none_chapel_units	false
			wh3_dlc26_grn_inf_rugluds_armoured_orcs	idrinth_hev_high_elf_vampires_all_none_chapel_units	false
			wh3_dlc26_grn_inf_squig_herd_0_summoned	idrinth_hev_high_elf_vampires_all_none_chapel_units	false
			wh3_dlc26_grn_mon_arachnarok_spider_flinger	idrinth_hev_high_elf_vampires_all_none_chapel_units	false
			wh3_dlc26_grn_mon_colossal_squig	idrinth_hev_high_elf_vampires_all_none_chapel_units	false
			wh3_dlc26_grn_mon_colossal_squig_ror	idrinth_hev_high_elf_vampires_all_none_chapel_units	false
			wh3_dlc26_grn_mon_wyvern_summoned	idrinth_hev_high_elf_vampires_all_none_chapel_units	false
			wh3_dlc26_kho_cha_arbaal	idrinth_hev_high_elf_vampires_all_none_chapel_units	false
			wh3_dlc26_kho_cha_arbaal_flesh_hound	idrinth_hev_high_elf_vampires_all_none_chapel_units	false
			wh3_dlc26_kho_cha_bloodspeaker	idrinth_hev_high_elf_vampires_all_none_chapel_units	false
			wh3_dlc26_kho_cha_bloodspeaker_chaos_steed	idrinth_hev_high_elf_vampires_all_none_chapel_units	false
			wh3_dlc26_kho_cha_bloodspeaker_warshrine	idrinth_hev_high_elf_vampires_all_none_chapel_units	false
			wh3_dlc26_kho_cha_scyla_anfingrimm	idrinth_hev_high_elf_vampires_all_none_chapel_units	false
			wh3_dlc26_kho_cha_skarr_bloodwrath	idrinth_hev_high_elf_vampires_all_none_chapel_units	false
			wh3_dlc26_kho_cha_skulltaker	idrinth_hev_high_elf_vampires_all_none_chapel_units	false
			wh3_dlc26_kho_cha_skulltaker_bloodthrone	idrinth_hev_high_elf_vampires_all_none_chapel_units	false
			wh3_dlc26_kho_cha_skulltaker_juggernaut	idrinth_hev_high_elf_vampires_all_none_chapel_units	false
			wh3_dlc26_kho_inf_khorngors	idrinth_hev_high_elf_vampires_all_none_chapel_units	false
			wh3_dlc26_kho_inf_skullreapers	idrinth_hev_high_elf_vampires_all_none_chapel_units	false
			wh3_dlc26_kho_inf_wrathmongers	idrinth_hev_high_elf_vampires_all_none_chapel_units	false
			wh3_dlc26_kho_inf_wrathmongers_ror	idrinth_hev_high_elf_vampires_all_none_chapel_units	false
			wh3_dlc26_kho_mon_bloodbeast_of_khorne	idrinth_hev_high_elf_vampires_all_none_chapel_units	false
			wh3_dlc26_kho_mon_slaughterbrute	idrinth_hev_high_elf_vampires_all_none_chapel_units	false
			wh3_dlc26_kho_mon_spawn_of_khorne_0_summoned	idrinth_hev_high_elf_vampires_all_none_chapel_units	false
			wh3_dlc26_kho_veh_skullcannon_ror	idrinth_hev_high_elf_vampires_all_none_chapel_units	false
			wh3_dlc26_ogr_cha_bragg_the_gutsman	idrinth_hev_high_elf_vampires_all_none_chapel_units	false
			wh3_dlc26_ogr_cha_bruiser	idrinth_hev_high_elf_vampires_all_none_chapel_units	false
			wh3_dlc26_ogr_cha_butcher_death	idrinth_hev_high_elf_vampires_all_none_chapel_units	false
			wh3_dlc26_ogr_cha_butcher_heavens	idrinth_hev_high_elf_vampires_all_none_chapel_units	false
			wh3_dlc26_ogr_cha_golgfag_maneater	idrinth_hev_high_elf_vampires_all_none_chapel_units	false
			wh3_dlc26_ogr_cha_paymaster	idrinth_hev_high_elf_vampires_all_none_chapel_units	false
			wh3_dlc26_ogr_cha_slaughtermaster_death	idrinth_hev_high_elf_vampires_all_none_chapel_units	false
			wh3_dlc26_ogr_cha_slaughtermaster_heavens	idrinth_hev_high_elf_vampires_all_none_chapel_units	false
			wh3_dlc26_ogr_inf_eshin_maneater_ror	idrinth_hev_high_elf_vampires_all_none_chapel_units	false
			wh3_dlc26_ogr_inf_golgfags_maneaters	idrinth_hev_high_elf_vampires_all_none_chapel_units	false
			wh3_dlc26_ogr_inf_pigback_riders	idrinth_hev_high_elf_vampires_all_none_chapel_units	false
			wh3_dlc26_ogr_inf_pigback_riders_ror	idrinth_hev_high_elf_vampires_all_none_chapel_units	false
			wh3_dlc26_ogr_mon_blood_vultures	idrinth_hev_high_elf_vampires_all_none_chapel_units	false
			wh3_dlc26_ogr_mon_sabretusk_pack_0_summoned	idrinth_hev_high_elf_vampires_all_none_chapel_units	false
			wh3_dlc26_ogr_mon_thundertusk	idrinth_hev_high_elf_vampires_all_none_chapel_units	false
			wh3_dlc26_ogr_mon_yhetees	idrinth_hev_high_elf_vampires_all_none_chapel_units	false
			wh3_dlc26_ogr_mon_yhetees_ror	idrinth_hev_high_elf_vampires_all_none_chapel_units	false
			wh3_dlc27_bst_inf_cygor_monst_arcanum	idrinth_hev_high_elf_vampires_all_none_chapel_units	false
			wh3_dlc27_bst_inf_cygor_monst_arcanum_reward	idrinth_hev_high_elf_vampires_all_none_chapel_units	false
			wh3_dlc27_bst_inf_slaangors	idrinth_hev_high_elf_vampires_all_none_chapel_units	false
			wh3_dlc27_bst_mon_chimera	idrinth_hev_high_elf_vampires_all_none_chapel_units	false
			wh3_dlc27_bst_mon_chimera_ror	idrinth_hev_high_elf_vampires_all_none_chapel_units	false
			wh3_dlc27_bst_mon_cockatrice	idrinth_hev_high_elf_vampires_all_none_chapel_units	false
			wh3_dlc27_bst_mon_ghorgon_monst_arcanum	idrinth_hev_high_elf_vampires_all_none_chapel_units	false
			wh3_dlc27_bst_mon_ghorgon_monst_arcanum_reward	idrinth_hev_high_elf_vampires_all_none_chapel_units	false
			wh3_dlc27_bst_mon_jabberslythe_monst_arcanum	idrinth_hev_high_elf_vampires_all_none_chapel_units	false
			wh3_dlc27_bst_mon_jabberslythe_monst_arcanum_reward	idrinth_hev_high_elf_vampires_all_none_chapel_units	false
			wh3_dlc27_bst_mon_preyton	idrinth_hev_high_elf_vampires_all_none_chapel_units	false
			wh3_dlc27_bst_mon_preyton_ror	idrinth_hev_high_elf_vampires_all_none_chapel_units	false
			wh3_dlc27_chd_mon_bale_taurus_monst_arcanum	idrinth_hev_high_elf_vampires_all_none_chapel_units	false
			wh3_dlc27_chd_mon_lammasu_monst_arcanum	idrinth_hev_high_elf_vampires_all_none_chapel_units	false
			wh3_dlc27_chs_cha_chaos_lord_msla_daemonic_steed	idrinth_hev_high_elf_vampires_all_none_chapel_units	false
			wh3_dlc27_chs_cha_chaos_sorcerer_shadows_msla_daemonic_steed	idrinth_hev_high_elf_vampires_all_none_chapel_units	false
			wh3_dlc27_chs_cha_chaos_sorcerer_slaanesh_msla_daemonic_steed	idrinth_hev_high_elf_vampires_all_none_chapel_units	false
			wh3_dlc27_chs_cha_daemon_prince_mkho_qb	idrinth_hev_high_elf_vampires_all_none_chapel_units	false
			wh3_dlc27_chs_cha_exalted_hero_msla	idrinth_hev_high_elf_vampires_all_none_chapel_units	false
			wh3_dlc27_chs_cha_exalted_hero_msla_chaos_chariot	idrinth_hev_high_elf_vampires_all_none_chapel_units	false
			wh3_dlc27_chs_cha_exalted_hero_msla_chaos_steed	idrinth_hev_high_elf_vampires_all_none_chapel_units	false
			wh3_dlc27_chs_cha_exalted_hero_msla_daemonic_steed	idrinth_hev_high_elf_vampires_all_none_chapel_units	false
			wh3_dlc27_chs_cha_sorcerer_lord_shadows_msla	idrinth_hev_high_elf_vampires_all_none_chapel_units	false
			wh3_dlc27_chs_cha_sorcerer_lord_shadows_msla_chaos_steed	idrinth_hev_high_elf_vampires_all_none_chapel_units	false
			wh3_dlc27_chs_cha_sorcerer_lord_shadows_msla_daemonic_steed	idrinth_hev_high_elf_vampires_all_none_chapel_units	false
			wh3_dlc27_chs_cha_sorcerer_lord_shadows_msla_warshrine	idrinth_hev_high_elf_vampires_all_none_chapel_units	false
			wh3_dlc27_chs_cha_sorcerer_lord_slaanesh_msla	idrinth_hev_high_elf_vampires_all_none_chapel_units	false
			wh3_dlc27_chs_cha_sorcerer_lord_slaanesh_msla_chaos_steed	idrinth_hev_high_elf_vampires_all_none_chapel_units	false
			wh3_dlc27_chs_cha_sorcerer_lord_slaanesh_msla_daemonic_steed	idrinth_hev_high_elf_vampires_all_none_chapel_units	false
			wh3_dlc27_chs_cha_sorcerer_lord_slaanesh_msla_warshrine	idrinth_hev_high_elf_vampires_all_none_chapel_units	false
			wh3_dlc27_chs_feral_manticore_monst_arcanum	idrinth_hev_high_elf_vampires_all_none_chapel_units	false
			wh3_dlc27_chs_feral_manticore_monst_arcanum_reward	idrinth_hev_high_elf_vampires_all_none_chapel_units	false
			wh3_dlc27_chs_inf_chaos_warriors_0	idrinth_hev_high_elf_vampires_all_none_chapel_units	false
			wh3_dlc27_chs_inf_chaos_warriors_1	idrinth_hev_high_elf_vampires_all_none_chapel_units	false
			wh3_dlc27_chs_inf_chaos_warriors_2	idrinth_hev_high_elf_vampires_all_none_chapel_units	false
			wh3_dlc27_chs_inf_chaos_warriors_mnur_greatweapons	idrinth_hev_high_elf_vampires_all_none_chapel_units	false
			wh3_dlc27_chs_inf_chaos_warriors_msla_hellscourges	idrinth_hev_high_elf_vampires_all_none_chapel_units	false
			wh3_dlc27_chs_inf_chaos_warriors_mtze_halberds	idrinth_hev_high_elf_vampires_all_none_chapel_units	false
			wh3_dlc27_chs_mon_chaos_spawn	idrinth_hev_high_elf_vampires_all_none_chapel_units	false
			wh3_dlc27_chs_mon_dragon_ogre_shaggoth_monst_arcanum_reward	idrinth_hev_high_elf_vampires_all_none_chapel_units	false
			wh3_dlc27_cth_mon_celestial_lion_monst_arcanum	idrinth_hev_high_elf_vampires_all_none_chapel_units	false
			wh3_dlc27_def_mon_black_dragon_monst_arcanum	idrinth_hev_high_elf_vampires_all_none_chapel_units	false
			wh3_dlc27_hef_cha_caradryan	idrinth_hev_high_elf_vampires_all_none_chapel_units	false
			wh3_dlc27_hef_cha_caradryan_ashtari	idrinth_hev_high_elf_vampires_all_none_chapel_units	false
			wh3_dlc27_hef_cha_caradryan_chariot	idrinth_hev_high_elf_vampires_all_none_chapel_units	false
			wh3_dlc27_hef_cha_caradryan_steed	idrinth_hev_high_elf_vampires_all_none_chapel_units	false
			wh3_dlc27_hef_cha_mist_mage	idrinth_hev_high_elf_vampires_all_none_chapel_units	false
			wh3_dlc27_hef_cha_mist_mage_eagle	idrinth_hev_high_elf_vampires_all_none_chapel_units	false
			wh3_dlc27_hef_cha_mist_mage_skycutter	idrinth_hev_high_elf_vampires_all_none_chapel_units	false
			wh3_dlc27_hef_cha_sea_helm	idrinth_hev_high_elf_vampires_all_none_chapel_units	false
			wh3_dlc27_hef_cha_sea_helm_eagle	idrinth_hev_high_elf_vampires_all_none_chapel_units	false
			wh3_dlc27_hef_cha_sea_helm_skycutter	idrinth_hev_high_elf_vampires_all_none_chapel_units	false
			wh3_dlc27_hef_cha_sea_lord_aislinn	idrinth_hev_high_elf_vampires_all_none_chapel_units	false
			wh3_dlc27_hef_cha_sea_lord_aislinn_dragon	idrinth_hev_high_elf_vampires_all_none_chapel_units	false
			wh3_dlc27_hef_cha_sea_lord_aislinn_skycutter	idrinth_hev_high_elf_vampires_all_none_chapel_units	false
			wh3_dlc27_hef_inf_militia_qb	idrinth_hev_high_elf_vampires_all_none_chapel_units	false
			wh3_dlc27_hef_inf_oceanids	idrinth_hev_high_elf_vampires_all_none_chapel_units	false
			wh3_dlc27_hef_inf_oceanids_split_up_summoned	idrinth_hev_high_elf_vampires_all_none_chapel_units	false
			wh3_dlc27_hef_inf_oceanids_summoned	idrinth_hev_high_elf_vampires_all_none_chapel_units	false
			wh3_dlc27_hef_inf_ships_company	idrinth_hev_high_elf_vampires_all_none_chapel_units	false
			wh3_dlc27_hef_inf_ships_company_ror	idrinth_hev_high_elf_vampires_all_none_chapel_units	false
			wh3_dlc27_hef_inf_swordmasters_of_hoeth_ror	idrinth_hev_high_elf_vampires_all_none_chapel_units	false
			wh3_dlc27_hef_mon_merwyrm	idrinth_hev_high_elf_vampires_all_none_chapel_units	false
			wh3_dlc27_hef_mon_merwyrm_ror	idrinth_hev_high_elf_vampires_all_none_chapel_units	false
			wh3_dlc27_hef_mon_merwyrm_summoned	idrinth_hev_high_elf_vampires_all_none_chapel_units	false
			wh3_dlc27_hef_mon_sea_elemental	idrinth_hev_high_elf_vampires_all_none_chapel_units	false
			wh3_dlc27_hef_veh_skycutter_bolt_thrower	idrinth_hev_high_elf_vampires_all_none_chapel_units	false
			wh3_dlc27_hef_veh_skycutter_bows	idrinth_hev_high_elf_vampires_all_none_chapel_units	false
			wh3_dlc27_kho_inf_chaos_warriors_2	idrinth_hev_high_elf_vampires_all_none_chapel_units	false
			wh3_dlc27_kho_mon_spawn_of_khorne_0	idrinth_hev_high_elf_vampires_all_none_chapel_units	false
			wh3_dlc27_lzd_mon_dread_saurian_monst_arcanum	idrinth_hev_high_elf_vampires_all_none_chapel_units	false
			wh3_dlc27_nor_cav_chaos_chariot_ror	idrinth_hev_high_elf_vampires_all_none_chapel_units	false
			wh3_dlc27_nor_cav_kurgan_horsemen_dualweapons	idrinth_hev_high_elf_vampires_all_none_chapel_units	false
			wh3_dlc27_nor_cav_kurgan_horsemen_greatweapons	idrinth_hev_high_elf_vampires_all_none_chapel_units	false
			wh3_dlc27_nor_cav_marauder_horsemen_ror	idrinth_hev_high_elf_vampires_all_none_chapel_units	false
			wh3_dlc27_nor_cha_beorg_bearstruck	idrinth_hev_high_elf_vampires_all_none_chapel_units	false
			wh3_dlc27_nor_cha_fimir_noble	idrinth_hev_high_elf_vampires_all_none_chapel_units	false
			wh3_dlc27_nor_cha_great_shaman_sorcerer_death	idrinth_hev_high_elf_vampires_all_none_chapel_units	false
			wh3_dlc27_nor_cha_great_shaman_sorcerer_death_chariot	idrinth_hev_high_elf_vampires_all_none_chapel_units	false
			wh3_dlc27_nor_cha_great_shaman_sorcerer_death_mammoth	idrinth_hev_high_elf_vampires_all_none_chapel_units	false
			wh3_dlc27_nor_cha_great_shaman_sorcerer_death_warhorse	idrinth_hev_high_elf_vampires_all_none_chapel_units	false
			wh3_dlc27_nor_cha_great_shaman_sorcerer_fire	idrinth_hev_high_elf_vampires_all_none_chapel_units	false
			wh3_dlc27_nor_cha_great_shaman_sorcerer_fire_chariot	idrinth_hev_high_elf_vampires_all_none_chapel_units	false
			wh3_dlc27_nor_cha_great_shaman_sorcerer_fire_mammoth	idrinth_hev_high_elf_vampires_all_none_chapel_units	false
			wh3_dlc27_nor_cha_great_shaman_sorcerer_fire_warhorse	idrinth_hev_high_elf_vampires_all_none_chapel_units	false
			wh3_dlc27_nor_cha_great_shaman_sorcerer_metal	idrinth_hev_high_elf_vampires_all_none_chapel_units	false
			wh3_dlc27_nor_cha_great_shaman_sorcerer_metal_chariot	idrinth_hev_high_elf_vampires_all_none_chapel_units	false
			wh3_dlc27_nor_cha_great_shaman_sorcerer_metal_mammoth	idrinth_hev_high_elf_vampires_all_none_chapel_units	false
			wh3_dlc27_nor_cha_great_shaman_sorcerer_metal_warhorse	idrinth_hev_high_elf_vampires_all_none_chapel_units	false
			wh3_dlc27_nor_cha_sayl_the_faithless	idrinth_hev_high_elf_vampires_all_none_chapel_units	false
			wh3_dlc27_nor_cha_sayl_the_faithless_chariot	idrinth_hev_high_elf_vampires_all_none_chapel_units	false
			wh3_dlc27_nor_cha_sayl_the_faithless_mammoth	idrinth_hev_high_elf_vampires_all_none_chapel_units	false
			wh3_dlc27_nor_cha_sayl_the_faithless_warhorse	idrinth_hev_high_elf_vampires_all_none_chapel_units	false
			wh3_dlc27_nor_cha_shaman_sorcerer_death_2_summoned	idrinth_hev_high_elf_vampires_all_none_chapel_units	false
			wh3_dlc27_nor_cha_shaman_sorcerer_fire_2_summoned	idrinth_hev_high_elf_vampires_all_none_chapel_units	false
			wh3_dlc27_nor_cha_shaman_sorcerer_metal_2_summoned	idrinth_hev_high_elf_vampires_all_none_chapel_units	false
			wh3_dlc27_nor_inf_chaos_marauders_great_weapons_ror	idrinth_hev_high_elf_vampires_all_none_chapel_units	false
			wh3_dlc27_nor_inf_marauder_bearmen	idrinth_hev_high_elf_vampires_all_none_chapel_units	false
			wh3_dlc27_nor_inf_marauder_bearmen_greatweapons	idrinth_hev_high_elf_vampires_all_none_chapel_units	false
			wh3_dlc27_nor_mon_chimera	idrinth_hev_high_elf_vampires_all_none_chapel_units	false
			wh3_dlc27_nor_mon_chimera_monst_arcanum	idrinth_hev_high_elf_vampires_all_none_chapel_units	false
			wh3_dlc27_nor_mon_chimera_monst_arcanum_reward	idrinth_hev_high_elf_vampires_all_none_chapel_units	false
			wh3_dlc27_nor_mon_chimera_ror	idrinth_hev_high_elf_vampires_all_none_chapel_units	false
			wh3_dlc27_nor_mon_cursd_ettin	idrinth_hev_high_elf_vampires_all_none_chapel_units	false
			wh3_dlc27_nor_mon_cursd_ettin_runecaller	idrinth_hev_high_elf_vampires_all_none_chapel_units	false
			wh3_dlc27_nor_mon_dread_maw	idrinth_hev_high_elf_vampires_all_none_chapel_units	false
			wh3_dlc27_nor_mon_dread_maw_underground	idrinth_hev_high_elf_vampires_all_none_chapel_units	false
			wh3_dlc27_nur_mon_spawn_of_nurgle_0	idrinth_hev_high_elf_vampires_all_none_chapel_units	false
			wh3_dlc27_nur_mon_toad_dragon_monst_arcanum	idrinth_hev_high_elf_vampires_all_none_chapel_units	false
			wh3_dlc27_nur_mon_toad_dragon_monst_arcanum_reward	idrinth_hev_high_elf_vampires_all_none_chapel_units	false
			wh3_dlc27_ogr_mon_thundertusk_monst_arcanum	idrinth_hev_high_elf_vampires_all_none_chapel_units	false
			wh3_dlc27_sla_cav_heartseekers_of_slaanesh_dechala	idrinth_hev_high_elf_vampires_all_none_chapel_units	false
			wh3_dlc27_sla_cav_pleasureseekers	idrinth_hev_high_elf_vampires_all_none_chapel_units	false
			wh3_dlc27_sla_cav_pleasureseekers_dechala	idrinth_hev_high_elf_vampires_all_none_chapel_units	false
			wh3_dlc27_sla_cha_alluress_shadow_daemonic_steed	idrinth_hev_high_elf_vampires_all_none_chapel_units	false
			wh3_dlc27_sla_cha_alluress_slaanesh_daemonic_steed	idrinth_hev_high_elf_vampires_all_none_chapel_units	false
			wh3_dlc27_sla_cha_dechala	idrinth_hev_high_elf_vampires_all_none_chapel_units	false
			wh3_dlc27_sla_cha_druchii_anointed	idrinth_hev_high_elf_vampires_all_none_chapel_units	false
			wh3_dlc27_sla_cha_druchii_anointed_cold_one	idrinth_hev_high_elf_vampires_all_none_chapel_units	false
			wh3_dlc27_sla_cha_druchii_anointed_daemonic_steed	idrinth_hev_high_elf_vampires_all_none_chapel_units	false
			wh3_dlc27_sla_cha_herald_of_slaanesh_shadow_daemonic_steed	idrinth_hev_high_elf_vampires_all_none_chapel_units	false
			wh3_dlc27_sla_cha_herald_of_slaanesh_slaanesh_daemonic_steed	idrinth_hev_high_elf_vampires_all_none_chapel_units	false
			wh3_dlc27_sla_cha_masque_of_slaanesh	idrinth_hev_high_elf_vampires_all_none_chapel_units	false
			wh3_dlc27_sla_cha_styrkaar_the_sortsvinaer	idrinth_hev_high_elf_vampires_all_none_chapel_units	false
			wh3_dlc27_sla_cha_styrkaar_the_sortsvinaer_daemonic_steed	idrinth_hev_high_elf_vampires_all_none_chapel_units	false
			wh3_dlc27_sla_cha_styrkaar_the_sortsvinaer_steed_of_slaanesh	idrinth_hev_high_elf_vampires_all_none_chapel_units	false
			wh3_dlc27_sla_inf_chaos_furies_dechala	idrinth_hev_high_elf_vampires_all_none_chapel_units	false
			wh3_dlc27_sla_inf_chaos_furies_summoned	idrinth_hev_high_elf_vampires_all_none_chapel_units	false
			wh3_dlc27_sla_inf_daemonette_1_dechala	idrinth_hev_high_elf_vampires_all_none_chapel_units	false
			wh3_dlc27_sla_inf_devotees_of_slaanesh	idrinth_hev_high_elf_vampires_all_none_chapel_units	false
			wh3_dlc27_sla_inf_devotees_of_slaanesh_crossbows	idrinth_hev_high_elf_vampires_all_none_chapel_units	false
			wh3_dlc27_sla_inf_slaangors	idrinth_hev_high_elf_vampires_all_none_chapel_units	false
			wh3_dlc27_sla_inf_vengeful_furies_summoned	idrinth_hev_high_elf_vampires_all_none_chapel_units	false
			wh3_dlc27_sla_mon_champions_of_slaanesh	idrinth_hev_high_elf_vampires_all_none_chapel_units	false
			wh3_dlc27_sla_mon_champions_of_slaanesh_ror	idrinth_hev_high_elf_vampires_all_none_chapel_units	false
			wh3_dlc27_sla_mon_fiends_of_slaanesh_dechala	idrinth_hev_high_elf_vampires_all_none_chapel_units	false
			wh3_dlc27_sla_mon_giant_spawn_of_sla_summoned_i	idrinth_hev_high_elf_vampires_all_none_chapel_units	false
			wh3_dlc27_sla_mon_keeper_of_secrets_dechala	idrinth_hev_high_elf_vampires_all_none_chapel_units	false
			wh3_dlc27_sla_mon_preyton	idrinth_hev_high_elf_vampires_all_none_chapel_units	false
			wh3_dlc27_sla_mon_preyton_monst_arcanum	idrinth_hev_high_elf_vampires_all_none_chapel_units	false
			wh3_dlc27_sla_mon_preyton_monst_arcanum_reward	idrinth_hev_high_elf_vampires_all_none_chapel_units	false
			wh3_dlc27_sla_mon_preyton_ror	idrinth_hev_high_elf_vampires_all_none_chapel_units	false
			wh3_dlc27_sla_mon_spawn_of_slaanesh_0	idrinth_hev_high_elf_vampires_all_none_chapel_units	false
			wh3_dlc27_sla_veh_exalted_seeker_chariot_dechala	idrinth_hev_high_elf_vampires_all_none_chapel_units	false
			wh3_dlc27_sla_veh_seeker_chariot_ror	idrinth_hev_high_elf_vampires_all_none_chapel_units	false
			wh3_dlc27_throgg_mon_bile_trolls	idrinth_hev_high_elf_vampires_all_none_chapel_units	false
			wh3_dlc27_throgg_mon_chs_trolls_0	idrinth_hev_high_elf_vampires_all_none_chapel_units	false
			wh3_dlc27_throgg_mon_chs_trolls_1	idrinth_hev_high_elf_vampires_all_none_chapel_units	false
			wh3_dlc27_throgg_mon_river_trolls_0	idrinth_hev_high_elf_vampires_all_none_chapel_units	false
			wh3_dlc27_throgg_mon_stone_trolls_0	idrinth_hev_high_elf_vampires_all_none_chapel_units	false
			wh3_dlc27_tmb_mon_carrion_monst_arcanum	idrinth_hev_high_elf_vampires_all_none_chapel_units	false
			wh3_dlc27_tze_mon_cockatrice_monst_arcanum	idrinth_hev_high_elf_vampires_all_none_chapel_units	false
			wh3_dlc27_tze_mon_cockatrice_monst_arcanum_reward	idrinth_hev_high_elf_vampires_all_none_chapel_units	false
			wh3_dlc27_tze_mon_spawn_of_tzeentch_0	idrinth_hev_high_elf_vampires_all_none_chapel_units	false
			wh3_main_chd_art_hobgob_bolt_thrower	idrinth_hev_high_elf_vampires_all_none_chapel_units	false
			wh3_main_chs_art_hellcannon_prologue	idrinth_hev_high_elf_vampires_all_none_chapel_units	false
			wh3_main_cth_art_fire_rain_rocket_battery_0	idrinth_hev_high_elf_vampires_all_none_chapel_units	false
			wh3_main_cth_art_grand_cannon_0	idrinth_hev_high_elf_vampires_all_none_chapel_units	false
			wh3_main_cth_cav_jade_lancers_0	idrinth_hev_high_elf_vampires_all_none_chapel_units	false
			wh3_main_cth_cav_jade_longma_riders_0	idrinth_hev_high_elf_vampires_all_none_chapel_units	false
			wh3_main_cth_cav_peasant_horsemen_0	idrinth_hev_high_elf_vampires_all_none_chapel_units	false
			wh3_main_cth_cha_alchemist_0	idrinth_hev_high_elf_vampires_all_none_chapel_units	false
			wh3_main_cth_cha_alchemist_1	idrinth_hev_high_elf_vampires_all_none_chapel_units	false
			wh3_main_cth_cha_astromancer_0	idrinth_hev_high_elf_vampires_all_none_chapel_units	false
			wh3_main_cth_cha_astromancer_1	idrinth_hev_high_elf_vampires_all_none_chapel_units	false
			wh3_main_cth_cha_astromancer_2	idrinth_hev_high_elf_vampires_all_none_chapel_units	false
			wh3_main_cth_cha_dragon_blooded_shugengan_lord_yang_0	idrinth_hev_high_elf_vampires_all_none_chapel_units	false
			wh3_main_cth_cha_dragon_blooded_shugengan_lord_yang_1	idrinth_hev_high_elf_vampires_all_none_chapel_units	false
			wh3_main_cth_cha_dragon_blooded_shugengan_lord_yang_2	idrinth_hev_high_elf_vampires_all_none_chapel_units	false
			wh3_main_cth_cha_dragon_blooded_shugengan_lord_yin_0	idrinth_hev_high_elf_vampires_all_none_chapel_units	false
			wh3_main_cth_cha_dragon_blooded_shugengan_lord_yin_1	idrinth_hev_high_elf_vampires_all_none_chapel_units	false
			wh3_main_cth_cha_dragon_blooded_shugengan_lord_yin_2	idrinth_hev_high_elf_vampires_all_none_chapel_units	false
			wh3_main_cth_cha_iron_dragon_0	idrinth_hev_high_elf_vampires_all_none_chapel_units	false
			wh3_main_cth_cha_iron_dragon_1	idrinth_hev_high_elf_vampires_all_none_chapel_units	false
			wh3_main_cth_cha_lord_caravan_master	idrinth_hev_high_elf_vampires_all_none_chapel_units	false
			wh3_main_cth_cha_lord_magistrate_0	idrinth_hev_high_elf_vampires_all_none_chapel_units	false
			wh3_main_cth_cha_lord_magistrate_1	idrinth_hev_high_elf_vampires_all_none_chapel_units	false
			wh3_main_cth_cha_lord_magistrate_2	idrinth_hev_high_elf_vampires_all_none_chapel_units	false
			wh3_main_cth_cha_storm_dragon_0	idrinth_hev_high_elf_vampires_all_none_chapel_units	false
			wh3_main_cth_cha_storm_dragon_1	idrinth_hev_high_elf_vampires_all_none_chapel_units	false
			wh3_main_cth_inf_ancestral_warriors_summoned_0	idrinth_hev_high_elf_vampires_all_none_chapel_units	false
			wh3_main_cth_inf_crane_gunners_0	idrinth_hev_high_elf_vampires_all_none_chapel_units	false
			wh3_main_cth_inf_dragon_guard_0	idrinth_hev_high_elf_vampires_all_none_chapel_units	false
			wh3_main_cth_inf_dragon_guard_crossbowmen_0	idrinth_hev_high_elf_vampires_all_none_chapel_units	false
			wh3_main_cth_inf_grenadiers	idrinth_hev_high_elf_vampires_all_none_chapel_units	false
			wh3_main_cth_inf_iron_hail_gunners_0	idrinth_hev_high_elf_vampires_all_none_chapel_units	false
			wh3_main_cth_inf_jade_warrior_crossbowmen_0	idrinth_hev_high_elf_vampires_all_none_chapel_units	false
			wh3_main_cth_inf_jade_warrior_crossbowmen_1	idrinth_hev_high_elf_vampires_all_none_chapel_units	false
			wh3_main_cth_inf_jade_warriors_0	idrinth_hev_high_elf_vampires_all_none_chapel_units	false
			wh3_main_cth_inf_jade_warriors_1	idrinth_hev_high_elf_vampires_all_none_chapel_units	false
			wh3_main_cth_inf_peasant_archers_0	idrinth_hev_high_elf_vampires_all_none_chapel_units	false
			wh3_main_cth_inf_peasant_spearmen_1	idrinth_hev_high_elf_vampires_all_none_chapel_units	false
			wh3_main_cth_mon_terracotta_sentinel_0	idrinth_hev_high_elf_vampires_all_none_chapel_units	false
			wh3_main_cth_veh_sky_junk_0	idrinth_hev_high_elf_vampires_all_none_chapel_units	false
			wh3_main_cth_veh_sky_lantern_0	idrinth_hev_high_elf_vampires_all_none_chapel_units	false
			wh3_main_cth_veh_war_compass_0	idrinth_hev_high_elf_vampires_all_none_chapel_units	false
			wh3_main_dae_cha_be_lakor_0	idrinth_hev_high_elf_vampires_all_none_chapel_units	false
			wh3_main_dae_cha_daemon_prince_0	idrinth_hev_high_elf_vampires_all_none_chapel_units	false
			wh3_main_dae_cha_daemon_prince_MP	idrinth_hev_high_elf_vampires_all_none_chapel_units	false
			wh3_main_dae_cha_daemon_prince_khorne	idrinth_hev_high_elf_vampires_all_none_chapel_units	false
			wh3_main_dae_cha_daemon_prince_khorne_MP	idrinth_hev_high_elf_vampires_all_none_chapel_units	false
			wh3_main_dae_cha_daemon_prince_nurgle	idrinth_hev_high_elf_vampires_all_none_chapel_units	false
			wh3_main_dae_cha_daemon_prince_nurgle_MP	idrinth_hev_high_elf_vampires_all_none_chapel_units	false
			wh3_main_dae_cha_daemon_prince_slaanesh	idrinth_hev_high_elf_vampires_all_none_chapel_units	false
			wh3_main_dae_cha_daemon_prince_slaanesh_MP	idrinth_hev_high_elf_vampires_all_none_chapel_units	false
			wh3_main_dae_cha_daemon_prince_tzeentch	idrinth_hev_high_elf_vampires_all_none_chapel_units	false
			wh3_main_dae_cha_daemon_prince_tzeentch_MP	idrinth_hev_high_elf_vampires_all_none_chapel_units	false
			wh3_main_dae_inf_chaos_furies_0	idrinth_hev_high_elf_vampires_all_none_chapel_units	false
			wh3_main_dae_inf_chaos_furies_summoned_0	idrinth_hev_high_elf_vampires_all_none_chapel_units	false
			wh3_main_grn_inf_goblins_sword_shield	idrinth_hev_high_elf_vampires_all_none_chapel_units	false
			wh3_main_grn_inf_orc_boyz_spear_shield	idrinth_hev_high_elf_vampires_all_none_chapel_units	false
			wh3_main_ie_nor_cha_exalted_great_unclean_one_burplesmirk_spewpit	idrinth_hev_high_elf_vampires_all_none_chapel_units	false
			wh3_main_ie_nor_cha_exalted_hero_mkho_killgore_slaymaim	idrinth_hev_high_elf_vampires_all_none_chapel_units	false
			wh3_main_kho_cav_bloodcrushers_0	idrinth_hev_high_elf_vampires_all_none_chapel_units	false
			wh3_main_kho_cav_gorebeast_chariot	idrinth_hev_high_elf_vampires_all_none_chapel_units	false
			wh3_main_kho_cav_skullcrushers_0	idrinth_hev_high_elf_vampires_all_none_chapel_units	false
			wh3_main_kho_cha_bloodreaper_0	idrinth_hev_high_elf_vampires_all_none_chapel_units	false
			wh3_main_kho_cha_bloodreaper_1	idrinth_hev_high_elf_vampires_all_none_chapel_units	false
			wh3_main_kho_cha_bloodreaper_2	idrinth_hev_high_elf_vampires_all_none_chapel_units	false
			wh3_main_kho_cha_cultist_0	idrinth_hev_high_elf_vampires_all_none_chapel_units	false
			wh3_main_kho_cha_cultist_1	idrinth_hev_high_elf_vampires_all_none_chapel_units	false
			wh3_main_kho_cha_exalted_bloodthirster_0	idrinth_hev_high_elf_vampires_all_none_chapel_units	false
			wh3_main_kho_cha_herald_of_khorne_0	idrinth_hev_high_elf_vampires_all_none_chapel_units	false
			wh3_main_kho_cha_herald_of_khorne_1	idrinth_hev_high_elf_vampires_all_none_chapel_units	false
			wh3_main_kho_cha_herald_of_khorne_2	idrinth_hev_high_elf_vampires_all_none_chapel_units	false
			wh3_main_kho_cha_skarbrand_0	idrinth_hev_high_elf_vampires_all_none_chapel_units	false
			wh3_main_kho_inf_bloodletters_0	idrinth_hev_high_elf_vampires_all_none_chapel_units	false
			wh3_main_kho_inf_bloodletters_1	idrinth_hev_high_elf_vampires_all_none_chapel_units	false
			wh3_main_kho_inf_bloodletters_summoned_0	idrinth_hev_high_elf_vampires_all_none_chapel_units	false
			wh3_main_kho_inf_chaos_furies_0	idrinth_hev_high_elf_vampires_all_none_chapel_units	false
			wh3_main_kho_inf_chaos_warhounds_0	idrinth_hev_high_elf_vampires_all_none_chapel_units	false
			wh3_main_kho_inf_chaos_warriors_0	idrinth_hev_high_elf_vampires_all_none_chapel_units	false
			wh3_main_kho_inf_chaos_warriors_1	idrinth_hev_high_elf_vampires_all_none_chapel_units	false
			wh3_main_kho_inf_chaos_warriors_2	idrinth_hev_high_elf_vampires_all_none_chapel_units	false
			wh3_main_kho_inf_flesh_hounds_of_khorne_0	idrinth_hev_high_elf_vampires_all_none_chapel_units	false
			wh3_main_kho_mon_bloodthirster_0	idrinth_hev_high_elf_vampires_all_none_chapel_units	false
			wh3_main_kho_mon_bloodthirster_summoned_0	idrinth_hev_high_elf_vampires_all_none_chapel_units	false
			wh3_main_kho_mon_khornataurs_0	idrinth_hev_high_elf_vampires_all_none_chapel_units	false
			wh3_main_kho_mon_khornataurs_1	idrinth_hev_high_elf_vampires_all_none_chapel_units	false
			wh3_main_kho_mon_soul_grinder_0	idrinth_hev_high_elf_vampires_all_none_chapel_units	false
			wh3_main_kho_mon_spawn_of_khorne_0	idrinth_hev_high_elf_vampires_all_none_chapel_units	false
			wh3_main_kho_veh_blood_shrine_0	idrinth_hev_high_elf_vampires_all_none_chapel_units	false
			wh3_main_kho_veh_skullcannon_0	idrinth_hev_high_elf_vampires_all_none_chapel_units	false
			wh3_main_ksl_cav_gryphon_legion_0	idrinth_hev_high_elf_vampires_all_none_chapel_units	false
			wh3_main_ksl_cav_horse_archers_0	idrinth_hev_high_elf_vampires_all_none_chapel_units	false
			wh3_main_ksl_cav_horse_raiders_0	idrinth_hev_high_elf_vampires_all_none_chapel_units	false
			wh3_main_ksl_cav_war_bear_riders_1	idrinth_hev_high_elf_vampires_all_none_chapel_units	false
			wh3_main_ksl_cav_winged_lancers_0	idrinth_hev_high_elf_vampires_all_none_chapel_units	false
			wh3_main_ksl_cha_ataman	idrinth_hev_high_elf_vampires_all_none_chapel_units	false
			wh3_main_ksl_cha_boris_0	idrinth_hev_high_elf_vampires_all_none_chapel_units	false
			wh3_main_ksl_cha_boris_1	idrinth_hev_high_elf_vampires_all_none_chapel_units	false
			wh3_main_ksl_cha_boris_2	idrinth_hev_high_elf_vampires_all_none_chapel_units	false
			wh3_main_ksl_cha_boyar_0	idrinth_hev_high_elf_vampires_all_none_chapel_units	false
			wh3_main_ksl_cha_boyar_1	idrinth_hev_high_elf_vampires_all_none_chapel_units	false
			wh3_main_ksl_cha_boyar_2	idrinth_hev_high_elf_vampires_all_none_chapel_units	false
			wh3_main_ksl_cha_frost_maiden_ice_0	idrinth_hev_high_elf_vampires_all_none_chapel_units	false
			wh3_main_ksl_cha_frost_maiden_ice_1	idrinth_hev_high_elf_vampires_all_none_chapel_units	false
			wh3_main_ksl_cha_frost_maiden_ice_2	idrinth_hev_high_elf_vampires_all_none_chapel_units	false
			wh3_main_ksl_cha_frost_maiden_tempest_0	idrinth_hev_high_elf_vampires_all_none_chapel_units	false
			wh3_main_ksl_cha_frost_maiden_tempest_1	idrinth_hev_high_elf_vampires_all_none_chapel_units	false
			wh3_main_ksl_cha_frost_maiden_tempest_2	idrinth_hev_high_elf_vampires_all_none_chapel_units	false
			wh3_main_ksl_cha_ice_witch_ice_0	idrinth_hev_high_elf_vampires_all_none_chapel_units	false
			wh3_main_ksl_cha_ice_witch_ice_1	idrinth_hev_high_elf_vampires_all_none_chapel_units	false
			wh3_main_ksl_cha_ice_witch_ice_2	idrinth_hev_high_elf_vampires_all_none_chapel_units	false
			wh3_main_ksl_cha_ice_witch_tempest_0	idrinth_hev_high_elf_vampires_all_none_chapel_units	false
			wh3_main_ksl_cha_ice_witch_tempest_1	idrinth_hev_high_elf_vampires_all_none_chapel_units	false
			wh3_main_ksl_cha_ice_witch_tempest_2	idrinth_hev_high_elf_vampires_all_none_chapel_units	false
			wh3_main_ksl_cha_katarin_0	idrinth_hev_high_elf_vampires_all_none_chapel_units	false
			wh3_main_ksl_cha_katarin_1	idrinth_hev_high_elf_vampires_all_none_chapel_units	false
			wh3_main_ksl_cha_katarin_2	idrinth_hev_high_elf_vampires_all_none_chapel_units	false
			wh3_main_ksl_cha_kostaltyn_0	idrinth_hev_high_elf_vampires_all_none_chapel_units	false
			wh3_main_ksl_cha_kostaltyn_1	idrinth_hev_high_elf_vampires_all_none_chapel_units	false
			wh3_main_ksl_cha_kostaltyn_2	idrinth_hev_high_elf_vampires_all_none_chapel_units	false
			wh3_main_ksl_cha_patriarch_0	idrinth_hev_high_elf_vampires_all_none_chapel_units	false
			wh3_main_ksl_cha_patriarch_1	idrinth_hev_high_elf_vampires_all_none_chapel_units	false
			wh3_main_ksl_cha_patriarch_2	idrinth_hev_high_elf_vampires_all_none_chapel_units	false
			wh3_main_ksl_inf_armoured_kossars_0	idrinth_hev_high_elf_vampires_all_none_chapel_units	false
			wh3_main_ksl_inf_armoured_kossars_1	idrinth_hev_high_elf_vampires_all_none_chapel_units	false
			wh3_main_ksl_inf_ice_guard_0	idrinth_hev_high_elf_vampires_all_none_chapel_units	false
			wh3_main_ksl_inf_ice_guard_1	idrinth_hev_high_elf_vampires_all_none_chapel_units	false
			wh3_main_ksl_inf_kossars_0	idrinth_hev_high_elf_vampires_all_none_chapel_units	false
			wh3_main_ksl_inf_kossars_1	idrinth_hev_high_elf_vampires_all_none_chapel_units	false
			wh3_main_ksl_inf_kossars_tutorial_0	idrinth_hev_high_elf_vampires_all_none_chapel_units	false
			wh3_main_ksl_inf_kossars_tutorial_1	idrinth_hev_high_elf_vampires_all_none_chapel_units	false
			wh3_main_ksl_inf_streltsi_0	idrinth_hev_high_elf_vampires_all_none_chapel_units	false
			wh3_main_ksl_inf_tzar_guard_0	idrinth_hev_high_elf_vampires_all_none_chapel_units	false
			wh3_main_ksl_inf_tzar_guard_1	idrinth_hev_high_elf_vampires_all_none_chapel_units	false
			wh3_main_ksl_mon_elemental_bear_0	idrinth_hev_high_elf_vampires_all_none_chapel_units	false
			wh3_main_ksl_mon_elemental_bear_summoned_0	idrinth_hev_high_elf_vampires_all_none_chapel_units	false
			wh3_main_ksl_mon_snow_leopard_0	idrinth_hev_high_elf_vampires_all_none_chapel_units	false
			wh3_main_ksl_mon_snow_leopard_summoned_0	idrinth_hev_high_elf_vampires_all_none_chapel_units	false
			wh3_main_ksl_mon_snow_leopard_summoned_1	idrinth_hev_high_elf_vampires_all_none_chapel_units	false
			wh3_main_ksl_mon_snow_leopard_summoned_2	idrinth_hev_high_elf_vampires_all_none_chapel_units	false
			wh3_main_ksl_veh_heavy_war_sled_0	idrinth_hev_high_elf_vampires_all_none_chapel_units	false
			wh3_main_ksl_veh_light_war_sled_0	idrinth_hev_high_elf_vampires_all_none_chapel_units	false
			wh3_main_ksl_veh_little_grom_0	idrinth_hev_high_elf_vampires_all_none_chapel_units	false
			wh3_main_monster_feral_bears	idrinth_hev_high_elf_vampires_all_none_chapel_units	false
			wh3_main_monster_feral_ice_bears	idrinth_hev_high_elf_vampires_all_none_chapel_units	false
			wh3_main_nur_cav_plague_drones_0	idrinth_hev_high_elf_vampires_all_none_chapel_units	false
			wh3_main_nur_cav_plague_drones_1	idrinth_hev_high_elf_vampires_all_none_chapel_units	false
			wh3_main_nur_cav_pox_riders_of_nurgle_0	idrinth_hev_high_elf_vampires_all_none_chapel_units	false
			wh3_main_nur_cha_cultist_0	idrinth_hev_high_elf_vampires_all_none_chapel_units	false
			wh3_main_nur_cha_cultist_1	idrinth_hev_high_elf_vampires_all_none_chapel_units	false
			wh3_main_nur_cha_exalted_great_unclean_one_death_0	idrinth_hev_high_elf_vampires_all_none_chapel_units	false
			wh3_main_nur_cha_exalted_great_unclean_one_nurgle_0	idrinth_hev_high_elf_vampires_all_none_chapel_units	false
			wh3_main_nur_cha_herald_of_nurgle_death_0	idrinth_hev_high_elf_vampires_all_none_chapel_units	false
			wh3_main_nur_cha_herald_of_nurgle_death_1	idrinth_hev_high_elf_vampires_all_none_chapel_units	false
			wh3_main_nur_cha_herald_of_nurgle_death_2	idrinth_hev_high_elf_vampires_all_none_chapel_units	false
			wh3_main_nur_cha_herald_of_nurgle_nurgle_0	idrinth_hev_high_elf_vampires_all_none_chapel_units	false
			wh3_main_nur_cha_herald_of_nurgle_nurgle_1	idrinth_hev_high_elf_vampires_all_none_chapel_units	false
			wh3_main_nur_cha_herald_of_nurgle_nurgle_2	idrinth_hev_high_elf_vampires_all_none_chapel_units	false
			wh3_main_nur_cha_ku_gath_plaguefather_0	idrinth_hev_high_elf_vampires_all_none_chapel_units	false
			wh3_main_nur_cha_plagueridden_death_0	idrinth_hev_high_elf_vampires_all_none_chapel_units	false
			wh3_main_nur_cha_plagueridden_death_1	idrinth_hev_high_elf_vampires_all_none_chapel_units	false
			wh3_main_nur_cha_plagueridden_death_2	idrinth_hev_high_elf_vampires_all_none_chapel_units	false
			wh3_main_nur_cha_plagueridden_nurgle_0	idrinth_hev_high_elf_vampires_all_none_chapel_units	false
			wh3_main_nur_cha_plagueridden_nurgle_1	idrinth_hev_high_elf_vampires_all_none_chapel_units	false
			wh3_main_nur_cha_plagueridden_nurgle_2	idrinth_hev_high_elf_vampires_all_none_chapel_units	false
			wh3_main_nur_inf_chaos_furies_0	idrinth_hev_high_elf_vampires_all_none_chapel_units	false
			wh3_main_nur_inf_forsaken_0	idrinth_hev_high_elf_vampires_all_none_chapel_units	false
			wh3_main_nur_inf_forsaken_0_warriors	idrinth_hev_high_elf_vampires_all_none_chapel_units	false
			wh3_main_nur_inf_nurglings_0	idrinth_hev_high_elf_vampires_all_none_chapel_units	false
			wh3_main_nur_inf_nurglings_summoned_0	idrinth_hev_high_elf_vampires_all_none_chapel_units	false
			wh3_main_nur_inf_plaguebearers_0	idrinth_hev_high_elf_vampires_all_none_chapel_units	false
			wh3_main_nur_inf_plaguebearers_1	idrinth_hev_high_elf_vampires_all_none_chapel_units	false
			wh3_main_nur_inf_plaguebearers_1_summoned	idrinth_hev_high_elf_vampires_all_none_chapel_units	false
			wh3_main_nur_inf_plaguebearers_summoned_0	idrinth_hev_high_elf_vampires_all_none_chapel_units	false
			wh3_main_nur_mon_beast_of_nurgle_0	idrinth_hev_high_elf_vampires_all_none_chapel_units	false
			wh3_main_nur_mon_great_unclean_one_0	idrinth_hev_high_elf_vampires_all_none_chapel_units	false
			wh3_main_nur_mon_great_unclean_one_summoned_0	idrinth_hev_high_elf_vampires_all_none_chapel_units	false
			wh3_main_nur_mon_plague_toads_0	idrinth_hev_high_elf_vampires_all_none_chapel_units	false
			wh3_main_nur_mon_rot_flies_0	idrinth_hev_high_elf_vampires_all_none_chapel_units	false
			wh3_main_nur_mon_soul_grinder_0	idrinth_hev_high_elf_vampires_all_none_chapel_units	false
			wh3_main_nur_mon_spawn_of_nurgle_0	idrinth_hev_high_elf_vampires_all_none_chapel_units	false
			wh3_main_nur_mon_spawn_of_nurgle_0_summoned	idrinth_hev_high_elf_vampires_all_none_chapel_units	false
			wh3_main_nur_mon_spawn_of_nurgle_0_warriors	idrinth_hev_high_elf_vampires_all_none_chapel_units	false
			wh3_main_ogr_cav_crushers_0	idrinth_hev_high_elf_vampires_all_none_chapel_units	false
			wh3_main_ogr_cav_crushers_1	idrinth_hev_high_elf_vampires_all_none_chapel_units	false
			wh3_main_ogr_cav_mournfang_cavalry_0	idrinth_hev_high_elf_vampires_all_none_chapel_units	false
			wh3_main_ogr_cav_mournfang_cavalry_1	idrinth_hev_high_elf_vampires_all_none_chapel_units	false
			wh3_main_ogr_cav_mournfang_cavalry_2	idrinth_hev_high_elf_vampires_all_none_chapel_units	false
			wh3_main_ogr_cha_butcher_beasts_0	idrinth_hev_high_elf_vampires_all_none_chapel_units	false
			wh3_main_ogr_cha_butcher_great_maw_0	idrinth_hev_high_elf_vampires_all_none_chapel_units	false
			wh3_main_ogr_cha_firebelly_0	idrinth_hev_high_elf_vampires_all_none_chapel_units	false
			wh3_main_ogr_cha_greasus_goldtooth_0	idrinth_hev_high_elf_vampires_all_none_chapel_units	false
			wh3_main_ogr_cha_hunter_0	idrinth_hev_high_elf_vampires_all_none_chapel_units	false
			wh3_main_ogr_cha_hunter_1	idrinth_hev_high_elf_vampires_all_none_chapel_units	false
			wh3_main_ogr_cha_skrag_the_slaughterer_0	idrinth_hev_high_elf_vampires_all_none_chapel_units	false
			wh3_main_ogr_cha_slaughtermaster_beasts_0	idrinth_hev_high_elf_vampires_all_none_chapel_units	false
			wh3_main_ogr_cha_slaughtermaster_great_maw_0	idrinth_hev_high_elf_vampires_all_none_chapel_units	false
			wh3_main_ogr_cha_tyrant_0	idrinth_hev_high_elf_vampires_all_none_chapel_units	false
			wh3_main_ogr_feral_manticore_summoned	idrinth_hev_high_elf_vampires_all_none_chapel_units	false
			wh3_main_ogr_inf_gnoblars_0	idrinth_hev_high_elf_vampires_all_none_chapel_units	false
			wh3_main_ogr_inf_gnoblars_1	idrinth_hev_high_elf_vampires_all_none_chapel_units	false
			wh3_main_ogr_inf_gnoblars_flingers	idrinth_hev_high_elf_vampires_all_none_chapel_units	false
			wh3_main_ogr_inf_ironguts_0	idrinth_hev_high_elf_vampires_all_none_chapel_units	false
			wh3_main_ogr_inf_leadbelchers_0	idrinth_hev_high_elf_vampires_all_none_chapel_units	false
			wh3_main_ogr_inf_maneaters_0	idrinth_hev_high_elf_vampires_all_none_chapel_units	false
			wh3_main_ogr_inf_maneaters_1	idrinth_hev_high_elf_vampires_all_none_chapel_units	false
			wh3_main_ogr_inf_maneaters_2	idrinth_hev_high_elf_vampires_all_none_chapel_units	false
			wh3_main_ogr_inf_maneaters_3	idrinth_hev_high_elf_vampires_all_none_chapel_units	false
			wh3_main_ogr_inf_maneaters_summoned_0	idrinth_hev_high_elf_vampires_all_none_chapel_units	false
			wh3_main_ogr_inf_ogres_0	idrinth_hev_high_elf_vampires_all_none_chapel_units	false
			wh3_main_ogr_inf_ogres_1	idrinth_hev_high_elf_vampires_all_none_chapel_units	false
			wh3_main_ogr_inf_ogres_2	idrinth_hev_high_elf_vampires_all_none_chapel_units	false
			wh3_main_ogr_mon_giant_0	idrinth_hev_high_elf_vampires_all_none_chapel_units	false
			wh3_main_ogr_mon_gorgers_0	idrinth_hev_high_elf_vampires_all_none_chapel_units	false
			wh3_main_ogr_mon_gorgers_summoned_0	idrinth_hev_high_elf_vampires_all_none_chapel_units	false
			wh3_main_ogr_mon_sabretusk_pack_0	idrinth_hev_high_elf_vampires_all_none_chapel_units	false
			wh3_main_ogr_mon_stonehorn_0	idrinth_hev_high_elf_vampires_all_none_chapel_units	false
			wh3_main_ogr_mon_stonehorn_1	idrinth_hev_high_elf_vampires_all_none_chapel_units	false
			wh3_main_ogr_veh_gnoblar_scraplauncher_0	idrinth_hev_high_elf_vampires_all_none_chapel_units	false
			wh3_main_ogr_veh_ironblaster_0	idrinth_hev_high_elf_vampires_all_none_chapel_units	false
			wh3_main_pro_kho_cha_bloodreaper_0	idrinth_hev_high_elf_vampires_all_none_chapel_units	false
			wh3_main_pro_kho_cha_bloodreaper_1	idrinth_hev_high_elf_vampires_all_none_chapel_units	false
			wh3_main_pro_kho_cha_bloodreaper_2	idrinth_hev_high_elf_vampires_all_none_chapel_units	false
			wh3_main_pro_kho_cha_cultist_0	idrinth_hev_high_elf_vampires_all_none_chapel_units	false
			wh3_main_pro_kho_cha_cultist_1	idrinth_hev_high_elf_vampires_all_none_chapel_units	false
			wh3_main_pro_kho_cha_herald_of_khorne_0	idrinth_hev_high_elf_vampires_all_none_chapel_units	false
			wh3_main_pro_kho_cha_herald_of_khorne_1	idrinth_hev_high_elf_vampires_all_none_chapel_units	false
			wh3_main_pro_kho_cha_herald_of_khorne_2	idrinth_hev_high_elf_vampires_all_none_chapel_units	false
			wh3_main_pro_kho_inf_bloodletters_0	idrinth_hev_high_elf_vampires_all_none_chapel_units	false
			wh3_main_pro_kho_inf_chaos_furies_0	idrinth_hev_high_elf_vampires_all_none_chapel_units	false
			wh3_main_pro_kho_inf_chaos_warhounds_0	idrinth_hev_high_elf_vampires_all_none_chapel_units	false
			wh3_main_pro_kho_inf_chaos_warriors_0	idrinth_hev_high_elf_vampires_all_none_chapel_units	false
			wh3_main_pro_kho_inf_flesh_hounds_of_khorne_0	idrinth_hev_high_elf_vampires_all_none_chapel_units	false
			wh3_main_pro_kho_inf_flesh_hounds_of_khorne_simaergul_0	idrinth_hev_high_elf_vampires_all_none_chapel_units	false
			wh3_main_pro_ksl_cav_gryphon_legion_ror_0	idrinth_hev_high_elf_vampires_all_none_chapel_units	false
			wh3_main_pro_ksl_cav_horse_raiders_0	idrinth_hev_high_elf_vampires_all_none_chapel_units	false
			wh3_main_pro_ksl_cav_war_bear_riders_1	idrinth_hev_high_elf_vampires_all_none_chapel_units	false
			wh3_main_pro_ksl_cav_winged_lancers_0	idrinth_hev_high_elf_vampires_all_none_chapel_units	false
			wh3_main_pro_ksl_cha_boyar_0	idrinth_hev_high_elf_vampires_all_none_chapel_units	false
			wh3_main_pro_ksl_cha_boyar_1	idrinth_hev_high_elf_vampires_all_none_chapel_units	false
			wh3_main_pro_ksl_cha_boyar_2	idrinth_hev_high_elf_vampires_all_none_chapel_units	false
			wh3_main_pro_ksl_cha_frost_maiden_ice_0	idrinth_hev_high_elf_vampires_all_none_chapel_units	false
			wh3_main_pro_ksl_cha_frost_maiden_ice_1	idrinth_hev_high_elf_vampires_all_none_chapel_units	false
			wh3_main_pro_ksl_cha_frost_maiden_ice_2	idrinth_hev_high_elf_vampires_all_none_chapel_units	false
			wh3_main_pro_ksl_cha_gerik_0	idrinth_hev_high_elf_vampires_all_none_chapel_units	false
			wh3_main_pro_ksl_cha_patriarch_0	idrinth_hev_high_elf_vampires_all_none_chapel_units	false
			wh3_main_pro_ksl_cha_patriarch_1	idrinth_hev_high_elf_vampires_all_none_chapel_units	false
			wh3_main_pro_ksl_cha_patriarch_2	idrinth_hev_high_elf_vampires_all_none_chapel_units	false
			wh3_main_pro_ksl_cha_sergi_0	idrinth_hev_high_elf_vampires_all_none_chapel_units	false
			wh3_main_pro_ksl_cha_slavin_0	idrinth_hev_high_elf_vampires_all_none_chapel_units	false
			wh3_main_pro_ksl_cha_yuri_0	idrinth_hev_high_elf_vampires_all_none_chapel_units	false
			wh3_main_pro_ksl_cha_yuri_0_1	idrinth_hev_high_elf_vampires_all_none_chapel_units	false
			wh3_main_pro_ksl_cha_yuri_0_2	idrinth_hev_high_elf_vampires_all_none_chapel_units	false
			wh3_main_pro_ksl_cha_yuri_0_3	idrinth_hev_high_elf_vampires_all_none_chapel_units	false
			wh3_main_pro_ksl_cha_yuri_1	idrinth_hev_high_elf_vampires_all_none_chapel_units	false
			wh3_main_pro_ksl_cha_yuri_2	idrinth_hev_high_elf_vampires_all_none_chapel_units	false
			wh3_main_pro_ksl_cha_yuri_3	idrinth_hev_high_elf_vampires_all_none_chapel_units	false
			wh3_main_pro_ksl_cha_yuri_4	idrinth_hev_high_elf_vampires_all_none_chapel_units	false
			wh3_main_pro_ksl_cha_yuri_5	idrinth_hev_high_elf_vampires_all_none_chapel_units	false
			wh3_main_pro_ksl_cha_yuri_5_brazen_altar	idrinth_hev_high_elf_vampires_all_none_chapel_units	false
			wh3_main_pro_ksl_cha_yuri_5_howling_citadel	idrinth_hev_high_elf_vampires_all_none_chapel_units	false
			wh3_main_pro_ksl_inf_armoured_kossars_0	idrinth_hev_high_elf_vampires_all_none_chapel_units	false
			wh3_main_pro_ksl_inf_armoured_kossars_1	idrinth_hev_high_elf_vampires_all_none_chapel_units	false
			wh3_main_pro_ksl_inf_ice_guard_ror_0	idrinth_hev_high_elf_vampires_all_none_chapel_units	false
			wh3_main_pro_ksl_inf_ice_guard_ror_1	idrinth_hev_high_elf_vampires_all_none_chapel_units	false
			wh3_main_pro_ksl_inf_kossars_0	idrinth_hev_high_elf_vampires_all_none_chapel_units	false
			wh3_main_pro_ksl_inf_kossars_1	idrinth_hev_high_elf_vampires_all_none_chapel_units	false
			wh3_main_pro_ksl_inf_streltsi_0	idrinth_hev_high_elf_vampires_all_none_chapel_units	false
			wh3_main_pro_ksl_inf_tzar_guard_0	idrinth_hev_high_elf_vampires_all_none_chapel_units	false
			wh3_main_pro_ksl_mon_elemental_bear_ror_0	idrinth_hev_high_elf_vampires_all_none_chapel_units	false
			wh3_main_pro_ksl_mon_snow_leopard_ror_0	idrinth_hev_high_elf_vampires_all_none_chapel_units	false
			wh3_main_pro_ksl_veh_heavy_war_sled_ror_0	idrinth_hev_high_elf_vampires_all_none_chapel_units	false
			wh3_main_pro_ksl_veh_light_war_sled_ror_0	idrinth_hev_high_elf_vampires_all_none_chapel_units	false
			wh3_main_pro_ksl_veh_little_grom_0	idrinth_hev_high_elf_vampires_all_none_chapel_units	false
			wh3_main_pro_tze_cav_chaos_knights_0	idrinth_hev_high_elf_vampires_all_none_chapel_units	false
			wh3_main_pro_tze_cha_cultist_0	idrinth_hev_high_elf_vampires_all_none_chapel_units	false
			wh3_main_pro_tze_cha_cultist_1	idrinth_hev_high_elf_vampires_all_none_chapel_units	false
			wh3_main_pro_tze_cha_herald_of_tzeentch_tzeentch_0	idrinth_hev_high_elf_vampires_all_none_chapel_units	false
			wh3_main_pro_tze_cha_herald_of_tzeentch_tzeentch_1	idrinth_hev_high_elf_vampires_all_none_chapel_units	false
			wh3_main_pro_tze_cha_herald_of_tzeentch_tzeentch_2	idrinth_hev_high_elf_vampires_all_none_chapel_units	false
			wh3_main_pro_tze_inf_blue_horrors_0	idrinth_hev_high_elf_vampires_all_none_chapel_units	false
			wh3_main_pro_tze_inf_forsaken_0	idrinth_hev_high_elf_vampires_all_none_chapel_units	false
			wh3_main_pro_tze_inf_pink_horrors_0	idrinth_hev_high_elf_vampires_all_none_chapel_units	false
			wh3_main_pro_tze_mon_flamers_0	idrinth_hev_high_elf_vampires_all_none_chapel_units	false
			wh3_main_pro_tze_mon_screamers_0	idrinth_hev_high_elf_vampires_all_none_chapel_units	false
			wh3_main_sla_cav_heartseekers_of_slaanesh_0	idrinth_hev_high_elf_vampires_all_none_chapel_units	false
			wh3_main_sla_cav_hellstriders_0	idrinth_hev_high_elf_vampires_all_none_chapel_units	false
			wh3_main_sla_cav_hellstriders_1	idrinth_hev_high_elf_vampires_all_none_chapel_units	false
			wh3_main_sla_cav_seekers_of_slaanesh_0	idrinth_hev_high_elf_vampires_all_none_chapel_units	false
			wh3_main_sla_cha_alluress_shadow_0	idrinth_hev_high_elf_vampires_all_none_chapel_units	false
			wh3_main_sla_cha_alluress_shadow_1	idrinth_hev_high_elf_vampires_all_none_chapel_units	false
			wh3_main_sla_cha_alluress_shadow_2	idrinth_hev_high_elf_vampires_all_none_chapel_units	false
			wh3_main_sla_cha_alluress_shadow_3	idrinth_hev_high_elf_vampires_all_none_chapel_units	false
			wh3_main_sla_cha_alluress_slaanesh_0	idrinth_hev_high_elf_vampires_all_none_chapel_units	false
			wh3_main_sla_cha_alluress_slaanesh_1	idrinth_hev_high_elf_vampires_all_none_chapel_units	false
			wh3_main_sla_cha_alluress_slaanesh_2	idrinth_hev_high_elf_vampires_all_none_chapel_units	false
			wh3_main_sla_cha_alluress_slaanesh_3	idrinth_hev_high_elf_vampires_all_none_chapel_units	false
			wh3_main_sla_cha_cultist_0	idrinth_hev_high_elf_vampires_all_none_chapel_units	false
			wh3_main_sla_cha_cultist_1	idrinth_hev_high_elf_vampires_all_none_chapel_units	false
			wh3_main_sla_cha_exalted_keeper_of_secrets_shadow_0	idrinth_hev_high_elf_vampires_all_none_chapel_units	false
			wh3_main_sla_cha_exalted_keeper_of_secrets_slaanesh_0	idrinth_hev_high_elf_vampires_all_none_chapel_units	false
			wh3_main_sla_cha_herald_of_slaanesh_shadow_0	idrinth_hev_high_elf_vampires_all_none_chapel_units	false
			wh3_main_sla_cha_herald_of_slaanesh_shadow_1	idrinth_hev_high_elf_vampires_all_none_chapel_units	false
			wh3_main_sla_cha_herald_of_slaanesh_shadow_2	idrinth_hev_high_elf_vampires_all_none_chapel_units	false
			wh3_main_sla_cha_herald_of_slaanesh_shadow_3	idrinth_hev_high_elf_vampires_all_none_chapel_units	false
			wh3_main_sla_cha_herald_of_slaanesh_slaanesh_0	idrinth_hev_high_elf_vampires_all_none_chapel_units	false
			wh3_main_sla_cha_herald_of_slaanesh_slaanesh_1	idrinth_hev_high_elf_vampires_all_none_chapel_units	false
			wh3_main_sla_cha_herald_of_slaanesh_slaanesh_2	idrinth_hev_high_elf_vampires_all_none_chapel_units	false
			wh3_main_sla_cha_herald_of_slaanesh_slaanesh_3	idrinth_hev_high_elf_vampires_all_none_chapel_units	false
			wh3_main_sla_cha_nkari_0	idrinth_hev_high_elf_vampires_all_none_chapel_units	false
			wh3_main_sla_inf_chaos_furies_0	idrinth_hev_high_elf_vampires_all_none_chapel_units	false
			wh3_main_sla_inf_daemonette_0	idrinth_hev_high_elf_vampires_all_none_chapel_units	false
			wh3_main_sla_inf_daemonette_1	idrinth_hev_high_elf_vampires_all_none_chapel_units	false
			wh3_main_sla_inf_daemonette_summoned_0	idrinth_hev_high_elf_vampires_all_none_chapel_units	false
			wh3_main_sla_inf_marauders_0	idrinth_hev_high_elf_vampires_all_none_chapel_units	false
			wh3_main_sla_inf_marauders_1	idrinth_hev_high_elf_vampires_all_none_chapel_units	false
			wh3_main_sla_inf_marauders_2	idrinth_hev_high_elf_vampires_all_none_chapel_units	false
			wh3_main_sla_mon_fiends_of_slaanesh_0	idrinth_hev_high_elf_vampires_all_none_chapel_units	false
			wh3_main_sla_mon_keeper_of_secrets_0	idrinth_hev_high_elf_vampires_all_none_chapel_units	false
			wh3_main_sla_mon_keeper_of_secrets_summoned_0	idrinth_hev_high_elf_vampires_all_none_chapel_units	false
			wh3_main_sla_mon_soul_grinder_0	idrinth_hev_high_elf_vampires_all_none_chapel_units	false
			wh3_main_sla_mon_spawn_of_slaanesh_0	idrinth_hev_high_elf_vampires_all_none_chapel_units	false
			wh3_main_sla_veh_exalted_seeker_chariot_0	idrinth_hev_high_elf_vampires_all_none_chapel_units	false
			wh3_main_sla_veh_hellflayer_0	idrinth_hev_high_elf_vampires_all_none_chapel_units	false
			wh3_main_sla_veh_seeker_chariot_0	idrinth_hev_high_elf_vampires_all_none_chapel_units	false
			wh3_main_tze_cav_chaos_knights_0	idrinth_hev_high_elf_vampires_all_none_chapel_units	false
			wh3_main_tze_cav_doom_knights_0	idrinth_hev_high_elf_vampires_all_none_chapel_units	false
			wh3_main_tze_cha_cultist_0	idrinth_hev_high_elf_vampires_all_none_chapel_units	false
			wh3_main_tze_cha_cultist_1	idrinth_hev_high_elf_vampires_all_none_chapel_units	false
			wh3_main_tze_cha_exalted_lord_of_change_metal_0	idrinth_hev_high_elf_vampires_all_none_chapel_units	false
			wh3_main_tze_cha_exalted_lord_of_change_tzeentch_0	idrinth_hev_high_elf_vampires_all_none_chapel_units	false
			wh3_main_tze_cha_herald_of_tzeentch_metal_0	idrinth_hev_high_elf_vampires_all_none_chapel_units	false
			wh3_main_tze_cha_herald_of_tzeentch_metal_1	idrinth_hev_high_elf_vampires_all_none_chapel_units	false
			wh3_main_tze_cha_herald_of_tzeentch_metal_2	idrinth_hev_high_elf_vampires_all_none_chapel_units	false
			wh3_main_tze_cha_herald_of_tzeentch_tzeentch_0	idrinth_hev_high_elf_vampires_all_none_chapel_units	false
			wh3_main_tze_cha_herald_of_tzeentch_tzeentch_1	idrinth_hev_high_elf_vampires_all_none_chapel_units	false
			wh3_main_tze_cha_herald_of_tzeentch_tzeentch_2	idrinth_hev_high_elf_vampires_all_none_chapel_units	false
			wh3_main_tze_cha_iridescent_horror_metal_0	idrinth_hev_high_elf_vampires_all_none_chapel_units	false
			wh3_main_tze_cha_iridescent_horror_metal_1	idrinth_hev_high_elf_vampires_all_none_chapel_units	false
			wh3_main_tze_cha_iridescent_horror_metal_2	idrinth_hev_high_elf_vampires_all_none_chapel_units	false
			wh3_main_tze_cha_iridescent_horror_tzeentch_0	idrinth_hev_high_elf_vampires_all_none_chapel_units	false
			wh3_main_tze_cha_iridescent_horror_tzeentch_1	idrinth_hev_high_elf_vampires_all_none_chapel_units	false
			wh3_main_tze_cha_iridescent_horror_tzeentch_2	idrinth_hev_high_elf_vampires_all_none_chapel_units	false
			wh3_main_tze_cha_kairos_fateweaver_0	idrinth_hev_high_elf_vampires_all_none_chapel_units	false
			wh3_main_tze_cha_kairos_fateweaver_custom_battle_0	idrinth_hev_high_elf_vampires_all_none_chapel_units	false
			wh3_main_tze_inf_blue_horrors_0	idrinth_hev_high_elf_vampires_all_none_chapel_units	false
			wh3_main_tze_inf_blue_horrors_summoned_0	idrinth_hev_high_elf_vampires_all_none_chapel_units	false
			wh3_main_tze_inf_chaos_furies_0	idrinth_hev_high_elf_vampires_all_none_chapel_units	false
			wh3_main_tze_inf_forsaken_0	idrinth_hev_high_elf_vampires_all_none_chapel_units	false
			wh3_main_tze_inf_pink_horrors_0	idrinth_hev_high_elf_vampires_all_none_chapel_units	false
			wh3_main_tze_inf_pink_horrors_1	idrinth_hev_high_elf_vampires_all_none_chapel_units	false
			wh3_main_tze_inf_pink_horrors_summoned_0	idrinth_hev_high_elf_vampires_all_none_chapel_units	false
			wh3_main_tze_mon_exalted_flamers_0	idrinth_hev_high_elf_vampires_all_none_chapel_units	false
			wh3_main_tze_mon_flamers_0	idrinth_hev_high_elf_vampires_all_none_chapel_units	false
			wh3_main_tze_mon_lord_of_change_0	idrinth_hev_high_elf_vampires_all_none_chapel_units	false
			wh3_main_tze_mon_lord_of_change_summoned_0	idrinth_hev_high_elf_vampires_all_none_chapel_units	false
			wh3_main_tze_mon_screamers_0	idrinth_hev_high_elf_vampires_all_none_chapel_units	false
			wh3_main_tze_mon_soul_grinder_0	idrinth_hev_high_elf_vampires_all_none_chapel_units	false
			wh3_main_tze_mon_spawn_of_tzeentch_0	idrinth_hev_high_elf_vampires_all_none_chapel_units	false
			wh3_main_tze_veh_burning_chariot_0	idrinth_hev_high_elf_vampires_all_none_chapel_units	false
			wh3_main_vmp_blood_knights_sword_shield	idrinth_hev_high_elf_vampires_all_none_chapel_units	false
			wh3_main_vmp_inf_grave_guard_2	idrinth_hev_high_elf_vampires_all_none_chapel_units	false
			wh3_pro10_mom_qb_cha_daemon_prince	idrinth_hev_high_elf_vampires_all_none_chapel_units	false
			wh3_pro10_tze_cha_cultist_0	idrinth_hev_high_elf_vampires_all_none_chapel_units	false
			wh3_pro11_chs_cha_harald_hammerstorm	idrinth_hev_high_elf_vampires_all_none_chapel_units	false
			wh3_pro12_kho_cha_karanak	idrinth_hev_high_elf_vampires_all_none_chapel_units	false
			wh3_pro12_kho_inf_flesh_hounds_of_khorne_summoned	idrinth_hev_high_elf_vampires_all_none_chapel_units	false
			wh3_prologue_test_general	idrinth_hev_high_elf_vampires_all_none_chapel_units	false
			wh3_survival_dae_cha_be_lakor_01	idrinth_hev_high_elf_vampires_all_none_chapel_units	false
			wh3_survival_dae_cha_be_lakor_02	idrinth_hev_high_elf_vampires_all_none_chapel_units	false
			wh3_survival_kho_cha_bloodreaper	idrinth_hev_high_elf_vampires_all_none_chapel_units	false
			wh3_survival_kho_cha_daemon_prince_of_khorne	idrinth_hev_high_elf_vampires_all_none_chapel_units	false
			wh3_survival_kho_cha_exalted_bloodthirster	idrinth_hev_high_elf_vampires_all_none_chapel_units	false
			wh3_survival_kho_cha_exalted_bloodthirster_0	idrinth_hev_high_elf_vampires_all_none_chapel_units	false
			wh3_survival_nur_cha_daemon_prince_of_nurgle	idrinth_hev_high_elf_vampires_all_none_chapel_units	false
			wh3_survival_nur_cha_exalted_great_unclean_one_nurgle	idrinth_hev_high_elf_vampires_all_none_chapel_units	false
			wh3_survival_nur_cha_exalted_great_unclean_one_nurgle_0	idrinth_hev_high_elf_vampires_all_none_chapel_units	false
			wh3_survival_nur_cha_plagueridden_death	idrinth_hev_high_elf_vampires_all_none_chapel_units	false
			wh3_survival_sla_cha_alluress_shadow	idrinth_hev_high_elf_vampires_all_none_chapel_units	false
			wh3_survival_sla_cha_daemon_prince_of_slaanesh	idrinth_hev_high_elf_vampires_all_none_chapel_units	false
			wh3_survival_sla_cha_exalted_keeper_of_secrets_slaanesh	idrinth_hev_high_elf_vampires_all_none_chapel_units	false
			wh3_survival_tze_cha_daemon_prince_of_tzeentch	idrinth_hev_high_elf_vampires_all_none_chapel_units	false
			wh3_survival_tze_cha_exalted_lord_of_change_tzeentch	idrinth_hev_high_elf_vampires_all_none_chapel_units	false
			wh3_survival_tze_cha_iridescent_horror_metal	idrinth_hev_high_elf_vampires_all_none_chapel_units	false
			wh3_twa06_cth_inf_dragon_guard_ror_0	idrinth_hev_high_elf_vampires_all_none_chapel_units	false
			wh3_twa06_kho_inf_bloodletters_ror_0	idrinth_hev_high_elf_vampires_all_none_chapel_units	false
			wh3_twa06_ksl_inf_tzar_guard_ror_0	idrinth_hev_high_elf_vampires_all_none_chapel_units	false
			wh3_twa06_nur_inf_plaguebearers_ror_0	idrinth_hev_high_elf_vampires_all_none_chapel_units	false
			wh3_twa06_ogr_inf_maneaters_ror_0	idrinth_hev_high_elf_vampires_all_none_chapel_units	false
			wh3_twa06_sla_inf_daemonette_ror_0	idrinth_hev_high_elf_vampires_all_none_chapel_units	false
			wh3_twa06_tze_inf_pink_horrors_ror_0	idrinth_hev_high_elf_vampires_all_none_chapel_units	false
			wh3_twa07_cth_cav_jade_longma_riders_ror_0	idrinth_hev_high_elf_vampires_all_none_chapel_units	false
			wh3_twa07_kho_cav_bloodcrushers_ror_0	idrinth_hev_high_elf_vampires_all_none_chapel_units	false
			wh3_twa07_ksl_cav_war_bear_riders_ror_0	idrinth_hev_high_elf_vampires_all_none_chapel_units	false
			wh3_twa07_nur_cav_pox_riders_of_nurgle_ror_0	idrinth_hev_high_elf_vampires_all_none_chapel_units	false
			wh3_twa07_ogr_cav_crushers_ror_0	idrinth_hev_high_elf_vampires_all_none_chapel_units	false
			wh3_twa07_sla_cav_heartseekers_of_slaanesh_ror_0	idrinth_hev_high_elf_vampires_all_none_chapel_units	false
			wh3_twa07_tze_cav_doom_knights_ror_0	idrinth_hev_high_elf_vampires_all_none_chapel_units	false
			wh3_twa08_cth_mon_terracotta_sentinel_0_ror	idrinth_hev_high_elf_vampires_all_none_chapel_units	false
			wh3_twa08_kho_mon_bloodthirster_0_ror	idrinth_hev_high_elf_vampires_all_none_chapel_units	false
			wh3_twa08_ksl_mon_elemental_bear_0_ror	idrinth_hev_high_elf_vampires_all_none_chapel_units	false
			wh3_twa08_nur_mon_great_unclean_one_0_ror	idrinth_hev_high_elf_vampires_all_none_chapel_units	false
			wh3_twa08_ogr_mon_stonehorn_0_ror	idrinth_hev_high_elf_vampires_all_none_chapel_units	false
			wh3_twa08_sla_mon_keeper_of_secrets_0_ror	idrinth_hev_high_elf_vampires_all_none_chapel_units	false
			wh3_twa08_tze_mon_lord_of_change_0_ror	idrinth_hev_high_elf_vampires_all_none_chapel_units	false
			wh3_twa10_cth_inf_peasant_archers_ror	idrinth_hev_high_elf_vampires_all_none_chapel_units	false
			wh3_twa10_kho_inf_flesh_hounds_of_khorne_ror	idrinth_hev_high_elf_vampires_all_none_chapel_units	false
			wh3_twa10_ksl_inf_armoured_kossars_ror	idrinth_hev_high_elf_vampires_all_none_chapel_units	false
			wh3_twa10_nur_inf_nurglings_ror	idrinth_hev_high_elf_vampires_all_none_chapel_units	false
			wh3_twa10_ogr_inf_gnoblars_ror	idrinth_hev_high_elf_vampires_all_none_chapel_units	false
			wh3_twa10_sla_inf_marauders_spears_ror	idrinth_hev_high_elf_vampires_all_none_chapel_units	false
			wh3_twa10_tze_inf_blue_horrors_ror	idrinth_hev_high_elf_vampires_all_none_chapel_units	false
			wh_dlc01_chs_cav_gorebeast_chariot	idrinth_hev_high_elf_vampires_all_none_chapel_units	false
			wh_dlc01_chs_cha_chaos_lord_10	idrinth_hev_high_elf_vampires_all_none_chapel_units	false
			wh_dlc01_chs_cha_chaos_lord_2	idrinth_hev_high_elf_vampires_all_none_chapel_units	false
			wh_dlc01_chs_cha_chaos_lord_9	idrinth_hev_high_elf_vampires_all_none_chapel_units	false
			wh_dlc01_chs_cha_chaos_sorcerer_death_8	idrinth_hev_high_elf_vampires_all_none_chapel_units	false
			wh_dlc01_chs_cha_chaos_sorcerer_fire_8	idrinth_hev_high_elf_vampires_all_none_chapel_units	false
			wh_dlc01_chs_cha_chaos_sorcerer_lord_death_0	idrinth_hev_high_elf_vampires_all_none_chapel_units	false
			wh_dlc01_chs_cha_chaos_sorcerer_lord_death_10	idrinth_hev_high_elf_vampires_all_none_chapel_units	false
			wh_dlc01_chs_cha_chaos_sorcerer_lord_death_12	idrinth_hev_high_elf_vampires_all_none_chapel_units	false
			wh_dlc01_chs_cha_chaos_sorcerer_lord_death_13	idrinth_hev_high_elf_vampires_all_none_chapel_units	false
			wh_dlc01_chs_cha_chaos_sorcerer_lord_death_7	idrinth_hev_high_elf_vampires_all_none_chapel_units	false
			wh_dlc01_chs_cha_chaos_sorcerer_lord_death_8	idrinth_hev_high_elf_vampires_all_none_chapel_units	false
			wh_dlc01_chs_cha_chaos_sorcerer_lord_death_9	idrinth_hev_high_elf_vampires_all_none_chapel_units	false
			wh_dlc01_chs_cha_chaos_sorcerer_lord_fire_0	idrinth_hev_high_elf_vampires_all_none_chapel_units	false
			wh_dlc01_chs_cha_chaos_sorcerer_lord_fire_10	idrinth_hev_high_elf_vampires_all_none_chapel_units	false
			wh_dlc01_chs_cha_chaos_sorcerer_lord_fire_12	idrinth_hev_high_elf_vampires_all_none_chapel_units	false
			wh_dlc01_chs_cha_chaos_sorcerer_lord_fire_13	idrinth_hev_high_elf_vampires_all_none_chapel_units	false
			wh_dlc01_chs_cha_chaos_sorcerer_lord_fire_7	idrinth_hev_high_elf_vampires_all_none_chapel_units	false
			wh_dlc01_chs_cha_chaos_sorcerer_lord_fire_8	idrinth_hev_high_elf_vampires_all_none_chapel_units	false
			wh_dlc01_chs_cha_chaos_sorcerer_lord_fire_9	idrinth_hev_high_elf_vampires_all_none_chapel_units	false
			wh_dlc01_chs_cha_chaos_sorcerer_lord_metal_0	idrinth_hev_high_elf_vampires_all_none_chapel_units	false
			wh_dlc01_chs_cha_chaos_sorcerer_lord_metal_10	idrinth_hev_high_elf_vampires_all_none_chapel_units	false
			wh_dlc01_chs_cha_chaos_sorcerer_lord_metal_12	idrinth_hev_high_elf_vampires_all_none_chapel_units	false
			wh_dlc01_chs_cha_chaos_sorcerer_lord_metal_13	idrinth_hev_high_elf_vampires_all_none_chapel_units	false
			wh_dlc01_chs_cha_chaos_sorcerer_lord_metal_7	idrinth_hev_high_elf_vampires_all_none_chapel_units	false
			wh_dlc01_chs_cha_chaos_sorcerer_lord_metal_8	idrinth_hev_high_elf_vampires_all_none_chapel_units	false
			wh_dlc01_chs_cha_chaos_sorcerer_lord_metal_9	idrinth_hev_high_elf_vampires_all_none_chapel_units	false
			wh_dlc01_chs_cha_chaos_sorcerer_lord_shadows_0	idrinth_hev_high_elf_vampires_all_none_chapel_units	false
			wh_dlc01_chs_cha_chaos_sorcerer_lord_shadows_1	idrinth_hev_high_elf_vampires_all_none_chapel_units	false
			wh_dlc01_chs_cha_chaos_sorcerer_lord_shadows_2	idrinth_hev_high_elf_vampires_all_none_chapel_units	false
			wh_dlc01_chs_cha_chaos_sorcerer_lord_shadows_3	idrinth_hev_high_elf_vampires_all_none_chapel_units	false
			wh_dlc01_chs_cha_chaos_sorcerer_lord_shadows_4	idrinth_hev_high_elf_vampires_all_none_chapel_units	false
			wh_dlc01_chs_cha_chaos_sorcerer_metal_8	idrinth_hev_high_elf_vampires_all_none_chapel_units	false
			wh_dlc01_chs_cha_chaos_sorcerer_shadows_0	idrinth_hev_high_elf_vampires_all_none_chapel_units	false
			wh_dlc01_chs_cha_chaos_sorcerer_shadows_1	idrinth_hev_high_elf_vampires_all_none_chapel_units	false
			wh_dlc01_chs_cha_chaos_sorcerer_shadows_2	idrinth_hev_high_elf_vampires_all_none_chapel_units	false
			wh_dlc01_chs_cha_chaos_sorcerer_shadows_3	idrinth_hev_high_elf_vampires_all_none_chapel_units	false
			wh_dlc01_chs_cha_exalted_hero_10	idrinth_hev_high_elf_vampires_all_none_chapel_units	false
			wh_dlc01_chs_cha_exalted_hero_8	idrinth_hev_high_elf_vampires_all_none_chapel_units	false
			wh_dlc01_chs_cha_kholek	idrinth_hev_high_elf_vampires_all_none_chapel_units	false
			wh_dlc01_chs_cha_prince_sigvald_the_magnificent	idrinth_hev_high_elf_vampires_all_none_chapel_units	false
			wh_dlc01_chs_cha_qb_lord_of_change_0	idrinth_hev_high_elf_vampires_all_none_chapel_units	false
			wh_dlc01_chs_inf_chaos_warriors_2	idrinth_hev_high_elf_vampires_all_none_chapel_units	false
			wh_dlc01_chs_inf_chosen_2	idrinth_hev_high_elf_vampires_all_none_chapel_units	false
			wh_dlc01_chs_inf_forsaken_0	idrinth_hev_high_elf_vampires_all_none_chapel_units	false
			wh_dlc01_chs_mon_dragon_ogre	idrinth_hev_high_elf_vampires_all_none_chapel_units	false
			wh_dlc01_chs_mon_dragon_ogre_shaggoth	idrinth_hev_high_elf_vampires_all_none_chapel_units	false
			wh_dlc01_chs_mon_trolls_1	idrinth_hev_high_elf_vampires_all_none_chapel_units	false
			wh_dlc01_nor_cha_chaos_sorcerer_lord_0	idrinth_hev_high_elf_vampires_all_none_chapel_units	false
			wh_dlc01_nor_cha_chaos_sorcerer_lord_1	idrinth_hev_high_elf_vampires_all_none_chapel_units	false
			wh_dlc01_nor_cha_chaos_sorcerer_lord_2	idrinth_hev_high_elf_vampires_all_none_chapel_units	false
			wh_dlc02_vmp_cav_blood_knights_0	idrinth_hev_high_elf_vampires_all_none_chapel_units	false
			wh_dlc03_bst_cav_razorgor_chariot_0	idrinth_hev_high_elf_vampires_all_none_chapel_units	false
			wh_dlc03_bst_cha_beastlord_0	idrinth_hev_high_elf_vampires_all_none_chapel_units	false
			wh_dlc03_bst_cha_beastlord_0_qb	idrinth_hev_high_elf_vampires_all_none_chapel_units	false
			wh_dlc03_bst_cha_beastlord_1	idrinth_hev_high_elf_vampires_all_none_chapel_units	false
			wh_dlc03_bst_cha_bray_shaman_beasts_0	idrinth_hev_high_elf_vampires_all_none_chapel_units	false
			wh_dlc03_bst_cha_bray_shaman_beasts_1	idrinth_hev_high_elf_vampires_all_none_chapel_units	false
			wh_dlc03_bst_cha_bray_shaman_death_0	idrinth_hev_high_elf_vampires_all_none_chapel_units	false
			wh_dlc03_bst_cha_bray_shaman_death_1	idrinth_hev_high_elf_vampires_all_none_chapel_units	false
			wh_dlc03_bst_cha_bray_shaman_shadows_0	idrinth_hev_high_elf_vampires_all_none_chapel_units	false
			wh_dlc03_bst_cha_bray_shaman_shadows_1	idrinth_hev_high_elf_vampires_all_none_chapel_units	false
			wh_dlc03_bst_cha_bray_shaman_wild_0	idrinth_hev_high_elf_vampires_all_none_chapel_units	false
			wh_dlc03_bst_cha_bray_shaman_wild_0_qb	idrinth_hev_high_elf_vampires_all_none_chapel_units	false
			wh_dlc03_bst_cha_bray_shaman_wild_1	idrinth_hev_high_elf_vampires_all_none_chapel_units	false
			wh_dlc03_bst_cha_gorebull_0	idrinth_hev_high_elf_vampires_all_none_chapel_units	false
			wh_dlc03_bst_cha_graktar_0	idrinth_hev_high_elf_vampires_all_none_chapel_units	false
			wh_dlc03_bst_cha_khazrak_one_eye_0	idrinth_hev_high_elf_vampires_all_none_chapel_units	false
			wh_dlc03_bst_cha_khazrak_one_eye_1	idrinth_hev_high_elf_vampires_all_none_chapel_units	false
			wh_dlc03_bst_cha_malagor_the_dark_omen_0	idrinth_hev_high_elf_vampires_all_none_chapel_units	false
			wh_dlc03_bst_feral_manticore	idrinth_hev_high_elf_vampires_all_none_chapel_units	false
			wh_dlc03_bst_inf_bestigor_herd_0	idrinth_hev_high_elf_vampires_all_none_chapel_units	false
			wh_dlc03_bst_inf_centigors_0	idrinth_hev_high_elf_vampires_all_none_chapel_units	false
			wh_dlc03_bst_inf_centigors_1	idrinth_hev_high_elf_vampires_all_none_chapel_units	false
			wh_dlc03_bst_inf_centigors_2	idrinth_hev_high_elf_vampires_all_none_chapel_units	false
			wh_dlc03_bst_inf_chaos_warhounds_0	idrinth_hev_high_elf_vampires_all_none_chapel_units	false
			wh_dlc03_bst_inf_chaos_warhounds_1	idrinth_hev_high_elf_vampires_all_none_chapel_units	false
			wh_dlc03_bst_inf_cygor_0	idrinth_hev_high_elf_vampires_all_none_chapel_units	false
			wh_dlc03_bst_inf_cygor_0_summoned	idrinth_hev_high_elf_vampires_all_none_chapel_units	false
			wh_dlc03_bst_inf_gor_herd_0	idrinth_hev_high_elf_vampires_all_none_chapel_units	false
			wh_dlc03_bst_inf_gor_herd_1	idrinth_hev_high_elf_vampires_all_none_chapel_units	false
			wh_dlc03_bst_inf_minotaurs_0	idrinth_hev_high_elf_vampires_all_none_chapel_units	false
			wh_dlc03_bst_inf_minotaurs_1	idrinth_hev_high_elf_vampires_all_none_chapel_units	false
			wh_dlc03_bst_inf_minotaurs_2	idrinth_hev_high_elf_vampires_all_none_chapel_units	false
			wh_dlc03_bst_inf_razorgor_herd_0	idrinth_hev_high_elf_vampires_all_none_chapel_units	false
			wh_dlc03_bst_inf_ungor_herd_1	idrinth_hev_high_elf_vampires_all_none_chapel_units	false
			wh_dlc03_bst_inf_ungor_raiders_0	idrinth_hev_high_elf_vampires_all_none_chapel_units	false
			wh_dlc03_bst_inf_ungor_spearmen_0	idrinth_hev_high_elf_vampires_all_none_chapel_units	false
			wh_dlc03_bst_inf_ungor_spearmen_1	idrinth_hev_high_elf_vampires_all_none_chapel_units	false
			wh_dlc03_bst_mon_chaos_spawn_0	idrinth_hev_high_elf_vampires_all_none_chapel_units	false
			wh_dlc03_bst_mon_chaos_spawn_0_summoned	idrinth_hev_high_elf_vampires_all_none_chapel_units	false
			wh_dlc03_bst_mon_giant_0	idrinth_hev_high_elf_vampires_all_none_chapel_units	false
			wh_dlc03_emp_cha_boris_todbringer_0	idrinth_hev_high_elf_vampires_all_none_chapel_units	false
			wh_dlc03_emp_cha_boris_todbringer_1	idrinth_hev_high_elf_vampires_all_none_chapel_units	false
			wh_dlc03_emp_cha_boris_todbringer_2	idrinth_hev_high_elf_vampires_all_none_chapel_units	false
			wh_dlc03_emp_cha_boris_todbringer_3	idrinth_hev_high_elf_vampires_all_none_chapel_units	false
			wh_dlc03_emp_cha_wizard_beasts_0	idrinth_hev_high_elf_vampires_all_none_chapel_units	false
			wh_dlc03_emp_cha_wizard_beasts_1	idrinth_hev_high_elf_vampires_all_none_chapel_units	false
			wh_dlc03_emp_cha_wizard_beasts_2	idrinth_hev_high_elf_vampires_all_none_chapel_units	false
			wh_dlc03_emp_cha_wizard_beasts_3	idrinth_hev_high_elf_vampires_all_none_chapel_units	false
			wh_dlc03_emp_cha_wizard_beasts_4	idrinth_hev_high_elf_vampires_all_none_chapel_units	false
			wh_dlc04_emp_art_hammer_of_the_witches_0	idrinth_hev_high_elf_vampires_all_none_chapel_units	false
			wh_dlc04_emp_art_sunmaker_0	idrinth_hev_high_elf_vampires_all_none_chapel_units	false
			wh_dlc04_emp_cav_knights_blazing_sun_0	idrinth_hev_high_elf_vampires_all_none_chapel_units	false
			wh_dlc04_emp_cav_royal_altdorf_gryphites_0	idrinth_hev_high_elf_vampires_all_none_chapel_units	false
			wh_dlc04_emp_cav_zintlers_reiksguard_0	idrinth_hev_high_elf_vampires_all_none_chapel_units	false
			wh_dlc04_emp_cha_arch_lector_0	idrinth_hev_high_elf_vampires_all_none_chapel_units	false
			wh_dlc04_emp_cha_arch_lector_1	idrinth_hev_high_elf_vampires_all_none_chapel_units	false
			wh_dlc04_emp_cha_arch_lector_2	idrinth_hev_high_elf_vampires_all_none_chapel_units	false
			wh_dlc04_emp_cha_volkmar_the_grim_0	idrinth_hev_high_elf_vampires_all_none_chapel_units	false
			wh_dlc04_emp_cha_volkmar_the_grim_1	idrinth_hev_high_elf_vampires_all_none_chapel_units	false
			wh_dlc04_emp_cha_volkmar_the_grim_2	idrinth_hev_high_elf_vampires_all_none_chapel_units	false
			wh_dlc04_emp_cha_volkmar_the_grim_3	idrinth_hev_high_elf_vampires_all_none_chapel_units	false
			wh_dlc04_emp_inf_flagellants_0	idrinth_hev_high_elf_vampires_all_none_chapel_units	false
			wh_dlc04_emp_inf_free_company_militia_0	idrinth_hev_high_elf_vampires_all_none_chapel_units	false
			wh_dlc04_emp_inf_sigmars_sons_0	idrinth_hev_high_elf_vampires_all_none_chapel_units	false
			wh_dlc04_emp_inf_silver_bullets_0	idrinth_hev_high_elf_vampires_all_none_chapel_units	false
			wh_dlc04_emp_inf_stirlands_revenge_0	idrinth_hev_high_elf_vampires_all_none_chapel_units	false
			wh_dlc04_emp_inf_tattersouls_0	idrinth_hev_high_elf_vampires_all_none_chapel_units	false
			wh_dlc04_emp_veh_templehof_luminark_0	idrinth_hev_high_elf_vampires_all_none_chapel_units	false
			wh_dlc04_vmp_cav_chillgheists_0	idrinth_hev_high_elf_vampires_all_none_chapel_units	false
			wh_dlc04_vmp_cav_vereks_reavers_0	idrinth_hev_high_elf_vampires_all_none_chapel_units	false
			wh_dlc04_vmp_cha_helman_ghorst_0	idrinth_hev_high_elf_vampires_all_none_chapel_units	false
			wh_dlc04_vmp_cha_helman_ghorst_1	idrinth_hev_high_elf_vampires_all_none_chapel_units	false
			wh_dlc04_vmp_cha_master_necromancer_1	idrinth_hev_high_elf_vampires_all_none_chapel_units	false
			wh_dlc04_vmp_cha_master_necromancer_2	idrinth_hev_high_elf_vampires_all_none_chapel_units	false
			wh_dlc04_vmp_cha_master_necromancer_3	idrinth_hev_high_elf_vampires_all_none_chapel_units	false
			wh_dlc04_vmp_cha_necromancer_1	idrinth_hev_high_elf_vampires_all_none_chapel_units	false
			wh_dlc04_vmp_cha_necromancer_2	idrinth_hev_high_elf_vampires_all_none_chapel_units	false
			wh_dlc04_vmp_cha_necromancer_3	idrinth_hev_high_elf_vampires_all_none_chapel_units	false
			wh_dlc04_vmp_cha_strigoi_ghoul_king_0	idrinth_hev_high_elf_vampires_all_none_chapel_units	false
			wh_dlc04_vmp_cha_strigoi_ghoul_king_0_boss	idrinth_hev_high_elf_vampires_all_none_chapel_units	false
			wh_dlc04_vmp_cha_strigoi_ghoul_king_1	idrinth_hev_high_elf_vampires_all_none_chapel_units	false
			wh_dlc04_vmp_cha_vlad_von_carstein_0	idrinth_hev_high_elf_vampires_all_none_chapel_units	false
			wh_dlc04_vmp_inf_feasters_in_the_dusk_0	idrinth_hev_high_elf_vampires_all_none_chapel_units	false
			wh_dlc04_vmp_inf_konigstein_stalkers_0	idrinth_hev_high_elf_vampires_all_none_chapel_units	false
			wh_dlc04_vmp_inf_sternsmen_0	idrinth_hev_high_elf_vampires_all_none_chapel_units	false
			wh_dlc04_vmp_inf_tithe_0	idrinth_hev_high_elf_vampires_all_none_chapel_units	false
			wh_dlc04_vmp_mon_devils_swartzhafen_0	idrinth_hev_high_elf_vampires_all_none_chapel_units	false
			wh_dlc04_vmp_mon_direpack_0	idrinth_hev_high_elf_vampires_all_none_chapel_units	false
			wh_dlc04_vmp_veh_claw_of_nagash_0	idrinth_hev_high_elf_vampires_all_none_chapel_units	false
			wh_dlc04_vmp_veh_corpse_cart_0	idrinth_hev_high_elf_vampires_all_none_chapel_units	false
			wh_dlc04_vmp_veh_corpse_cart_1	idrinth_hev_high_elf_vampires_all_none_chapel_units	false
			wh_dlc04_vmp_veh_corpse_cart_2	idrinth_hev_high_elf_vampires_all_none_chapel_units	false
			wh_dlc04_vmp_veh_mortis_engine_0	idrinth_hev_high_elf_vampires_all_none_chapel_units	false
			wh_dlc05_bst_cha_morghur_0	idrinth_hev_high_elf_vampires_all_none_chapel_units	false
			wh_dlc05_bst_cha_morghur_0_boss	idrinth_hev_high_elf_vampires_all_none_chapel_units	false
			wh_dlc05_bst_mon_chaos_spawn_0_boss	idrinth_hev_high_elf_vampires_all_none_chapel_units	false
			wh_dlc05_bst_mon_harpies_0	idrinth_hev_high_elf_vampires_all_none_chapel_units	false
			wh_dlc05_emp_cha_wizard_life_0	idrinth_hev_high_elf_vampires_all_none_chapel_units	false
			wh_dlc05_emp_cha_wizard_life_1	idrinth_hev_high_elf_vampires_all_none_chapel_units	false
			wh_dlc05_emp_cha_wizard_life_2	idrinth_hev_high_elf_vampires_all_none_chapel_units	false
			wh_dlc05_emp_cha_wizard_life_3	idrinth_hev_high_elf_vampires_all_none_chapel_units	false
			wh_dlc05_emp_cha_wizard_shadows_0	idrinth_hev_high_elf_vampires_all_none_chapel_units	false
			wh_dlc05_emp_cha_wizard_shadows_1	idrinth_hev_high_elf_vampires_all_none_chapel_units	false
			wh_dlc05_emp_cha_wizard_shadows_2	idrinth_hev_high_elf_vampires_all_none_chapel_units	false
			wh_dlc05_emp_cha_wizard_shadows_3	idrinth_hev_high_elf_vampires_all_none_chapel_units	false
			wh_dlc05_vmp_cha_red_duke_0	idrinth_hev_high_elf_vampires_all_none_chapel_units	false
			wh_dlc05_vmp_cha_red_duke_1	idrinth_hev_high_elf_vampires_all_none_chapel_units	false
			wh_dlc05_vmp_cha_red_duke_2	idrinth_hev_high_elf_vampires_all_none_chapel_units	false
			wh_dlc05_vmp_cha_red_duke_3	idrinth_hev_high_elf_vampires_all_none_chapel_units	false
			wh_dlc05_vmp_cha_vampire_shadows_0	idrinth_hev_high_elf_vampires_all_none_chapel_units	false
			wh_dlc05_vmp_cha_vampire_shadows_1	idrinth_hev_high_elf_vampires_all_none_chapel_units	false
			wh_dlc05_vmp_cha_vampire_shadows_2	idrinth_hev_high_elf_vampires_all_none_chapel_units	false
			wh_dlc05_wef_cav_glade_riders_0	idrinth_hev_high_elf_vampires_all_none_chapel_units	false
			wh_dlc05_wef_cav_glade_riders_1	idrinth_hev_high_elf_vampires_all_none_chapel_units	false
			wh_dlc05_wef_cav_glade_riders_1_qb	idrinth_hev_high_elf_vampires_all_none_chapel_units	false
			wh_dlc05_wef_cav_hawk_riders_0	idrinth_hev_high_elf_vampires_all_none_chapel_units	false
			wh_dlc05_wef_cav_sisters_thorn_0	idrinth_hev_high_elf_vampires_all_none_chapel_units	false
			wh_dlc05_wef_cav_wild_riders_0	idrinth_hev_high_elf_vampires_all_none_chapel_units	false
			wh_dlc05_wef_cav_wild_riders_1	idrinth_hev_high_elf_vampires_all_none_chapel_units	false
			wh_dlc05_wef_cha_ancient_treeman_0	idrinth_hev_high_elf_vampires_all_none_chapel_units	false
			wh_dlc05_wef_cha_branchwraith_0	idrinth_hev_high_elf_vampires_all_none_chapel_units	false
			wh_dlc05_wef_cha_durthu_0	idrinth_hev_high_elf_vampires_all_none_chapel_units	false
			wh_dlc05_wef_cha_female_glade_lord_0	idrinth_hev_high_elf_vampires_all_none_chapel_units	false
			wh_dlc05_wef_cha_female_glade_lord_0_qb	idrinth_hev_high_elf_vampires_all_none_chapel_units	false
			wh_dlc05_wef_cha_female_glade_lord_1	idrinth_hev_high_elf_vampires_all_none_chapel_units	false
			wh_dlc05_wef_cha_female_glade_lord_2	idrinth_hev_high_elf_vampires_all_none_chapel_units	false
			wh_dlc05_wef_cha_female_glade_lord_2_qb	idrinth_hev_high_elf_vampires_all_none_chapel_units	false
			wh_dlc05_wef_cha_female_glade_lord_3	idrinth_hev_high_elf_vampires_all_none_chapel_units	false
			wh_dlc05_wef_cha_glade_lord_0	idrinth_hev_high_elf_vampires_all_none_chapel_units	false
			wh_dlc05_wef_cha_glade_lord_1	idrinth_hev_high_elf_vampires_all_none_chapel_units	false
			wh_dlc05_wef_cha_glade_lord_2	idrinth_hev_high_elf_vampires_all_none_chapel_units	false
			wh_dlc05_wef_cha_glade_lord_3	idrinth_hev_high_elf_vampires_all_none_chapel_units	false
			wh_dlc05_wef_cha_orion_0	idrinth_hev_high_elf_vampires_all_none_chapel_units	false
			wh_dlc05_wef_cha_spellsinger_beasts_0	idrinth_hev_high_elf_vampires_all_none_chapel_units	false
			wh_dlc05_wef_cha_spellsinger_beasts_1	idrinth_hev_high_elf_vampires_all_none_chapel_units	false
			wh_dlc05_wef_cha_spellsinger_beasts_2	idrinth_hev_high_elf_vampires_all_none_chapel_units	false
			wh_dlc05_wef_cha_spellsinger_beasts_3	idrinth_hev_high_elf_vampires_all_none_chapel_units	false
			wh_dlc05_wef_cha_spellsinger_life_0	idrinth_hev_high_elf_vampires_all_none_chapel_units	false
			wh_dlc05_wef_cha_spellsinger_life_1	idrinth_hev_high_elf_vampires_all_none_chapel_units	false
			wh_dlc05_wef_cha_spellsinger_life_2	idrinth_hev_high_elf_vampires_all_none_chapel_units	false
			wh_dlc05_wef_cha_spellsinger_life_3	idrinth_hev_high_elf_vampires_all_none_chapel_units	false
			wh_dlc05_wef_cha_spellsinger_shadows_0	idrinth_hev_high_elf_vampires_all_none_chapel_units	false
			wh_dlc05_wef_cha_spellsinger_shadows_1	idrinth_hev_high_elf_vampires_all_none_chapel_units	false
			wh_dlc05_wef_cha_spellsinger_shadows_2	idrinth_hev_high_elf_vampires_all_none_chapel_units	false
			wh_dlc05_wef_cha_spellsinger_shadows_3	idrinth_hev_high_elf_vampires_all_none_chapel_units	false
			wh_dlc05_wef_cha_waystalker_0	idrinth_hev_high_elf_vampires_all_none_chapel_units	false
			wh_dlc05_wef_forest_dragon_0	idrinth_hev_high_elf_vampires_all_none_chapel_units	false
			wh_dlc05_wef_inf_deepwood_scouts_0	idrinth_hev_high_elf_vampires_all_none_chapel_units	false
			wh_dlc05_wef_inf_deepwood_scouts_1	idrinth_hev_high_elf_vampires_all_none_chapel_units	false
			wh_dlc05_wef_inf_deepwood_scouts_1_qb	idrinth_hev_high_elf_vampires_all_none_chapel_units	false
			wh_dlc05_wef_inf_dryads_0	idrinth_hev_high_elf_vampires_all_none_chapel_units	false
			wh_dlc05_wef_inf_eternal_guard_0	idrinth_hev_high_elf_vampires_all_none_chapel_units	false
			wh_dlc05_wef_inf_eternal_guard_1	idrinth_hev_high_elf_vampires_all_none_chapel_units	false
			wh_dlc05_wef_inf_eternal_guard_1_qb	idrinth_hev_high_elf_vampires_all_none_chapel_units	false
			wh_dlc05_wef_inf_glade_guard_0	idrinth_hev_high_elf_vampires_all_none_chapel_units	false
			wh_dlc05_wef_inf_glade_guard_1	idrinth_hev_high_elf_vampires_all_none_chapel_units	false
			wh_dlc05_wef_inf_glade_guard_1_qb	idrinth_hev_high_elf_vampires_all_none_chapel_units	false
			wh_dlc05_wef_inf_glade_guard_2	idrinth_hev_high_elf_vampires_all_none_chapel_units	false
			wh_dlc05_wef_inf_wardancers_0	idrinth_hev_high_elf_vampires_all_none_chapel_units	false
			wh_dlc05_wef_inf_wardancers_1	idrinth_hev_high_elf_vampires_all_none_chapel_units	false
			wh_dlc05_wef_inf_waywatchers_0	idrinth_hev_high_elf_vampires_all_none_chapel_units	false
			wh_dlc05_wef_inf_wildwood_rangers_0	idrinth_hev_high_elf_vampires_all_none_chapel_units	false
			wh_dlc05_wef_mon_great_eagle_0	idrinth_hev_high_elf_vampires_all_none_chapel_units	false
			wh_dlc05_wef_mon_treekin_0	idrinth_hev_high_elf_vampires_all_none_chapel_units	false
			wh_dlc05_wef_mon_treeman_0	idrinth_hev_high_elf_vampires_all_none_chapel_units	false
			wh_dlc06_chs_cav_marauder_horsemasters_0	idrinth_hev_high_elf_vampires_all_none_chapel_units	false
			wh_dlc06_chs_feral_manticore	idrinth_hev_high_elf_vampires_all_none_chapel_units	false
			wh_dlc06_chs_inf_aspiring_champions_0	idrinth_hev_high_elf_vampires_all_none_chapel_units	false
			wh_dlc06_dwf_art_bolt_thrower_0	idrinth_hev_high_elf_vampires_all_none_chapel_units	false
			wh_dlc06_dwf_art_gob_lobber_0	idrinth_hev_high_elf_vampires_all_none_chapel_units	false
			wh_dlc06_dwf_cha_belegar_ironhammer_0	idrinth_hev_high_elf_vampires_all_none_chapel_units	false
			wh_dlc06_dwf_cha_master_engineer_ghost_0	idrinth_hev_high_elf_vampires_all_none_chapel_units	false
			wh_dlc06_dwf_cha_runelord_0	idrinth_hev_high_elf_vampires_all_none_chapel_units	false
			wh_dlc06_dwf_cha_runelord_1	idrinth_hev_high_elf_vampires_all_none_chapel_units	false
			wh_dlc06_dwf_cha_runesmith_ghost_0	idrinth_hev_high_elf_vampires_all_none_chapel_units	false
			wh_dlc06_dwf_cha_thane_ghost_0	idrinth_hev_high_elf_vampires_all_none_chapel_units	false
			wh_dlc06_dwf_cha_thane_ghost_1	idrinth_hev_high_elf_vampires_all_none_chapel_units	false
			wh_dlc06_dwf_inf_bugmans_rangers_0	idrinth_hev_high_elf_vampires_all_none_chapel_units	false
			wh_dlc06_dwf_inf_dragonback_slayers_0	idrinth_hev_high_elf_vampires_all_none_chapel_units	false
			wh_dlc06_dwf_inf_ekrund_miners_0	idrinth_hev_high_elf_vampires_all_none_chapel_units	false
			wh_dlc06_dwf_inf_norgrimlings_ironbreakers_0	idrinth_hev_high_elf_vampires_all_none_chapel_units	false
			wh_dlc06_dwf_inf_norgrimlings_irondrakes_0	idrinth_hev_high_elf_vampires_all_none_chapel_units	false
			wh_dlc06_dwf_inf_old_grumblers_0	idrinth_hev_high_elf_vampires_all_none_chapel_units	false
			wh_dlc06_dwf_inf_peak_gate_guard_0	idrinth_hev_high_elf_vampires_all_none_chapel_units	false
			wh_dlc06_dwf_inf_rangers_0	idrinth_hev_high_elf_vampires_all_none_chapel_units	false
			wh_dlc06_dwf_inf_rangers_1	idrinth_hev_high_elf_vampires_all_none_chapel_units	false
			wh_dlc06_dwf_inf_ulthars_raiders_0	idrinth_hev_high_elf_vampires_all_none_chapel_units	false
			wh_dlc06_dwf_inf_warriors_dragonfire_pass_0	idrinth_hev_high_elf_vampires_all_none_chapel_units	false
			wh_dlc06_dwf_veh_skyhammer_0	idrinth_hev_high_elf_vampires_all_none_chapel_units	false
			wh_dlc06_emp_cha_arch_lector_0_boss	idrinth_hev_high_elf_vampires_all_none_chapel_units	false
			wh_dlc06_emp_cha_captain_0_boss	idrinth_hev_high_elf_vampires_all_none_chapel_units	false
			wh_dlc06_emp_cha_witch_hunter_boss	idrinth_hev_high_elf_vampires_all_none_chapel_units	false
			wh_dlc06_grn_art_hammer_of_gork_0	idrinth_hev_high_elf_vampires_all_none_chapel_units	false
			wh_dlc06_grn_cav_broken_tusks_mob_0	idrinth_hev_high_elf_vampires_all_none_chapel_units	false
			wh_dlc06_grn_cav_deff_creepers_0	idrinth_hev_high_elf_vampires_all_none_chapel_units	false
			wh_dlc06_grn_cav_durkits_squigs_0	idrinth_hev_high_elf_vampires_all_none_chapel_units	false
			wh_dlc06_grn_cav_mogrubbs_marauders_0	idrinth_hev_high_elf_vampires_all_none_chapel_units	false
			wh_dlc06_grn_cav_moon_howlers_0	idrinth_hev_high_elf_vampires_all_none_chapel_units	false
			wh_dlc06_grn_cav_squig_hoppers_0	idrinth_hev_high_elf_vampires_all_none_chapel_units	false
			wh_dlc06_grn_cav_teef_robbers_0	idrinth_hev_high_elf_vampires_all_none_chapel_units	false
			wh_dlc06_grn_cha_night_goblin_warboss_0	idrinth_hev_high_elf_vampires_all_none_chapel_units	false
			wh_dlc06_grn_cha_night_goblin_warboss_1	idrinth_hev_high_elf_vampires_all_none_chapel_units	false
			wh_dlc06_grn_cha_skarsnik_0	idrinth_hev_high_elf_vampires_all_none_chapel_units	false
			wh_dlc06_grn_cha_wurrzag_0	idrinth_hev_high_elf_vampires_all_none_chapel_units	false
			wh_dlc06_grn_cha_wurrzag_1	idrinth_hev_high_elf_vampires_all_none_chapel_units	false
			wh_dlc06_grn_inf_da_eight_peaks_loonies_0	idrinth_hev_high_elf_vampires_all_none_chapel_units	false
			wh_dlc06_grn_inf_da_rusty_arrers_0	idrinth_hev_high_elf_vampires_all_none_chapel_units	false
			wh_dlc06_grn_inf_da_warlords_boyz_0	idrinth_hev_high_elf_vampires_all_none_chapel_units	false
			wh_dlc06_grn_inf_krimson_killerz_0	idrinth_hev_high_elf_vampires_all_none_chapel_units	false
			wh_dlc06_grn_inf_nasty_skulkers_0	idrinth_hev_high_elf_vampires_all_none_chapel_units	false
			wh_dlc06_grn_inf_squig_explosive_0	idrinth_hev_high_elf_vampires_all_none_chapel_units	false
			wh_dlc06_grn_inf_squig_herd_0	idrinth_hev_high_elf_vampires_all_none_chapel_units	false
			wh_dlc06_grn_mon_spider_hatchlings_0	idrinth_hev_high_elf_vampires_all_none_chapel_units	false
			wh_dlc06_grn_mon_spider_hatchlings_0_summoned	idrinth_hev_high_elf_vampires_all_none_chapel_units	false
			wh_dlc06_grn_mon_venom_queen_0	idrinth_hev_high_elf_vampires_all_none_chapel_units	false
			wh_dlc07_brt_art_blessed_field_trebuchet_0	idrinth_hev_high_elf_vampires_all_none_chapel_units	false
			wh_dlc07_brt_cav_grail_guardians_0	idrinth_hev_high_elf_vampires_all_none_chapel_units	false
			wh_dlc07_brt_cav_knights_errant_0	idrinth_hev_high_elf_vampires_all_none_chapel_units	false
			wh_dlc07_brt_cav_questing_knights_0	idrinth_hev_high_elf_vampires_all_none_chapel_units	false
			wh_dlc07_brt_cav_royal_hippogryph_knights_0	idrinth_hev_high_elf_vampires_all_none_chapel_units	false
			wh_dlc07_brt_cav_royal_pegasus_knights_0	idrinth_hev_high_elf_vampires_all_none_chapel_units	false
			wh_dlc07_brt_cha_alberic_bordeleaux_0	idrinth_hev_high_elf_vampires_all_none_chapel_units	false
			wh_dlc07_brt_cha_alberic_bordeleaux_1	idrinth_hev_high_elf_vampires_all_none_chapel_units	false
			wh_dlc07_brt_cha_alberic_bordeleaux_2	idrinth_hev_high_elf_vampires_all_none_chapel_units	false
			wh_dlc07_brt_cha_alberic_bordeleaux_3	idrinth_hev_high_elf_vampires_all_none_chapel_units	false
			wh_dlc07_brt_cha_damsel_beasts_0	idrinth_hev_high_elf_vampires_all_none_chapel_units	false
			wh_dlc07_brt_cha_damsel_beasts_1	idrinth_hev_high_elf_vampires_all_none_chapel_units	false
			wh_dlc07_brt_cha_damsel_beasts_2	idrinth_hev_high_elf_vampires_all_none_chapel_units	false
			wh_dlc07_brt_cha_damsel_beasts_3	idrinth_hev_high_elf_vampires_all_none_chapel_units	false
			wh_dlc07_brt_cha_damsel_life_0	idrinth_hev_high_elf_vampires_all_none_chapel_units	false
			wh_dlc07_brt_cha_damsel_life_1	idrinth_hev_high_elf_vampires_all_none_chapel_units	false
			wh_dlc07_brt_cha_damsel_life_2	idrinth_hev_high_elf_vampires_all_none_chapel_units	false
			wh_dlc07_brt_cha_damsel_life_3	idrinth_hev_high_elf_vampires_all_none_chapel_units	false
			wh_dlc07_brt_cha_fay_enchantress_0	idrinth_hev_high_elf_vampires_all_none_chapel_units	false
			wh_dlc07_brt_cha_fay_enchantress_1	idrinth_hev_high_elf_vampires_all_none_chapel_units	false
			wh_dlc07_brt_cha_green_knight_0	idrinth_hev_high_elf_vampires_all_none_chapel_units	false
			wh_dlc07_brt_cha_prophetess_0	idrinth_hev_high_elf_vampires_all_none_chapel_units	false
			wh_dlc07_brt_cha_prophetess_1	idrinth_hev_high_elf_vampires_all_none_chapel_units	false
			wh_dlc07_brt_cha_prophetess_2	idrinth_hev_high_elf_vampires_all_none_chapel_units	false
			wh_dlc07_brt_cha_prophetess_3	idrinth_hev_high_elf_vampires_all_none_chapel_units	false
			wh_dlc07_brt_cha_prophetess_beasts_0	idrinth_hev_high_elf_vampires_all_none_chapel_units	false
			wh_dlc07_brt_cha_prophetess_beasts_1	idrinth_hev_high_elf_vampires_all_none_chapel_units	false
			wh_dlc07_brt_cha_prophetess_beasts_2	idrinth_hev_high_elf_vampires_all_none_chapel_units	false
			wh_dlc07_brt_cha_prophetess_beasts_3	idrinth_hev_high_elf_vampires_all_none_chapel_units	false
			wh_dlc07_brt_cha_prophetess_heavens_0	idrinth_hev_high_elf_vampires_all_none_chapel_units	false
			wh_dlc07_brt_cha_prophetess_heavens_1	idrinth_hev_high_elf_vampires_all_none_chapel_units	false
			wh_dlc07_brt_cha_prophetess_heavens_2	idrinth_hev_high_elf_vampires_all_none_chapel_units	false
			wh_dlc07_brt_cha_prophetess_heavens_3	idrinth_hev_high_elf_vampires_all_none_chapel_units	false
			wh_dlc07_brt_inf_battle_pilgrims_0	idrinth_hev_high_elf_vampires_all_none_chapel_units	false
			wh_dlc07_brt_inf_foot_squires_0	idrinth_hev_high_elf_vampires_all_none_chapel_units	false
			wh_dlc07_brt_inf_grail_reliquae_0	idrinth_hev_high_elf_vampires_all_none_chapel_units	false
			wh_dlc07_brt_inf_men_at_arms_1	idrinth_hev_high_elf_vampires_all_none_chapel_units	false
			wh_dlc07_brt_inf_men_at_arms_2	idrinth_hev_high_elf_vampires_all_none_chapel_units	false
			wh_dlc07_brt_inf_peasant_bowmen_1	idrinth_hev_high_elf_vampires_all_none_chapel_units	false
			wh_dlc07_brt_inf_peasant_bowmen_2	idrinth_hev_high_elf_vampires_all_none_chapel_units	false
			wh_dlc07_brt_inf_spearmen_at_arms_1	idrinth_hev_high_elf_vampires_all_none_chapel_units	false
			wh_dlc07_brt_peasant_mob_0	idrinth_hev_high_elf_vampires_all_none_chapel_units	false
			wh_dlc08_bst_mon_cygor_boss	idrinth_hev_high_elf_vampires_all_none_chapel_units	false
			wh_dlc08_chs_cha_chaos_lord_2_qb	idrinth_hev_high_elf_vampires_all_none_chapel_units	false
			wh_dlc08_chs_mon_dragon_ogre_shaggoth_boss	idrinth_hev_high_elf_vampires_all_none_chapel_units	false
			wh_dlc08_chs_mon_dragon_ogre_shaggoth_minor_boss	idrinth_hev_high_elf_vampires_all_none_chapel_units	false
			wh_dlc08_grn_mon_arachnarok_spider_boss	idrinth_hev_high_elf_vampires_all_none_chapel_units	false
			wh_dlc08_grn_mon_giant_boss	idrinth_hev_high_elf_vampires_all_none_chapel_units	false
			wh_dlc08_nor_art_hellcannon_battery	idrinth_hev_high_elf_vampires_all_none_chapel_units	false
			wh_dlc08_nor_cav_marauder_horsemasters_0	idrinth_hev_high_elf_vampires_all_none_chapel_units	false
			wh_dlc08_nor_cha_arzik_0	idrinth_hev_high_elf_vampires_all_none_chapel_units	false
			wh_dlc08_nor_cha_fimir_balefiend_fire_0	idrinth_hev_high_elf_vampires_all_none_chapel_units	false
			wh_dlc08_nor_cha_fimir_balefiend_shadow_0	idrinth_hev_high_elf_vampires_all_none_chapel_units	false
			wh_dlc08_nor_cha_kihar_0	idrinth_hev_high_elf_vampires_all_none_chapel_units	false
			wh_dlc08_nor_cha_shaman_sorcerer_death_0	idrinth_hev_high_elf_vampires_all_none_chapel_units	false
			wh_dlc08_nor_cha_shaman_sorcerer_death_1	idrinth_hev_high_elf_vampires_all_none_chapel_units	false
			wh_dlc08_nor_cha_shaman_sorcerer_death_2	idrinth_hev_high_elf_vampires_all_none_chapel_units	false
			wh_dlc08_nor_cha_shaman_sorcerer_fire_0	idrinth_hev_high_elf_vampires_all_none_chapel_units	false
			wh_dlc08_nor_cha_shaman_sorcerer_fire_1	idrinth_hev_high_elf_vampires_all_none_chapel_units	false
			wh_dlc08_nor_cha_shaman_sorcerer_fire_2	idrinth_hev_high_elf_vampires_all_none_chapel_units	false
			wh_dlc08_nor_cha_shaman_sorcerer_metal_0	idrinth_hev_high_elf_vampires_all_none_chapel_units	false
			wh_dlc08_nor_cha_shaman_sorcerer_metal_1	idrinth_hev_high_elf_vampires_all_none_chapel_units	false
			wh_dlc08_nor_cha_shaman_sorcerer_metal_2	idrinth_hev_high_elf_vampires_all_none_chapel_units	false
			wh_dlc08_nor_cha_skin_wolf_werekin_0	idrinth_hev_high_elf_vampires_all_none_chapel_units	false
			wh_dlc08_nor_cha_throgg_0	idrinth_hev_high_elf_vampires_all_none_chapel_units	false
			wh_dlc08_nor_cha_wulfrik_0	idrinth_hev_high_elf_vampires_all_none_chapel_units	false
			wh_dlc08_nor_cha_wulfrik_1	idrinth_hev_high_elf_vampires_all_none_chapel_units	false
			wh_dlc08_nor_cha_wulfrik_2	idrinth_hev_high_elf_vampires_all_none_chapel_units	false
			wh_dlc08_nor_cha_wulfrik_3	idrinth_hev_high_elf_vampires_all_none_chapel_units	false
			wh_dlc08_nor_feral_manticore	idrinth_hev_high_elf_vampires_all_none_chapel_units	false
			wh_dlc08_nor_inf_marauder_berserkers_0	idrinth_hev_high_elf_vampires_all_none_chapel_units	false
			wh_dlc08_nor_inf_marauder_champions_0	idrinth_hev_high_elf_vampires_all_none_chapel_units	false
			wh_dlc08_nor_inf_marauder_champions_1	idrinth_hev_high_elf_vampires_all_none_chapel_units	false
			wh_dlc08_nor_inf_marauder_hunters_0	idrinth_hev_high_elf_vampires_all_none_chapel_units	false
			wh_dlc08_nor_inf_marauder_hunters_1	idrinth_hev_high_elf_vampires_all_none_chapel_units	false
			wh_dlc08_nor_inf_marauder_spearman_0	idrinth_hev_high_elf_vampires_all_none_chapel_units	false
			wh_dlc08_nor_mon_fimir_0	idrinth_hev_high_elf_vampires_all_none_chapel_units	false
			wh_dlc08_nor_mon_fimir_1	idrinth_hev_high_elf_vampires_all_none_chapel_units	false
			wh_dlc08_nor_mon_frost_wyrm_0	idrinth_hev_high_elf_vampires_all_none_chapel_units	false
			wh_dlc08_nor_mon_frost_wyrm_boss	idrinth_hev_high_elf_vampires_all_none_chapel_units	false
			wh_dlc08_nor_mon_frost_wyrm_ror_0	idrinth_hev_high_elf_vampires_all_none_chapel_units	false
			wh_dlc08_nor_mon_norscan_giant_0	idrinth_hev_high_elf_vampires_all_none_chapel_units	false
			wh_dlc08_nor_mon_norscan_ice_trolls_0	idrinth_hev_high_elf_vampires_all_none_chapel_units	false
			wh_dlc08_nor_mon_skinwolves_0	idrinth_hev_high_elf_vampires_all_none_chapel_units	false
			wh_dlc08_nor_mon_skinwolves_1	idrinth_hev_high_elf_vampires_all_none_chapel_units	false
			wh_dlc08_nor_mon_war_mammoth_0	idrinth_hev_high_elf_vampires_all_none_chapel_units	false
			wh_dlc08_nor_mon_war_mammoth_1	idrinth_hev_high_elf_vampires_all_none_chapel_units	false
			wh_dlc08_nor_mon_war_mammoth_2	idrinth_hev_high_elf_vampires_all_none_chapel_units	false
			wh_dlc08_nor_mon_war_mammoth_boss	idrinth_hev_high_elf_vampires_all_none_chapel_units	false
			wh_dlc08_nor_mon_war_mammoth_ror_1	idrinth_hev_high_elf_vampires_all_none_chapel_units	false
			wh_dlc08_nor_mon_warwolves_0	idrinth_hev_high_elf_vampires_all_none_chapel_units	false
			wh_dlc08_nor_veh_marauder_warwolves_chariot_0	idrinth_hev_high_elf_vampires_all_none_chapel_units	false
			wh_dlc08_vmp_mon_terrorgheist_boss	idrinth_hev_high_elf_vampires_all_none_chapel_units	false
			wh_dlc08_wef_forest_dragon_boss	idrinth_hev_high_elf_vampires_all_none_chapel_units	false
			wh_dlc08_wef_mon_treeman_boss	idrinth_hev_high_elf_vampires_all_none_chapel_units	false
			wh_dlc15_grn_mon_arachnarok_spider_waaagh_0	idrinth_hev_high_elf_vampires_all_none_chapel_units	false
			wh_main_brt_art_field_trebuchet	idrinth_hev_high_elf_vampires_all_none_chapel_units	false
			wh_main_brt_cav_grail_knights	idrinth_hev_high_elf_vampires_all_none_chapel_units	false
			wh_main_brt_cav_knights_of_the_realm	idrinth_hev_high_elf_vampires_all_none_chapel_units	false
			wh_main_brt_cav_mounted_yeomen_0	idrinth_hev_high_elf_vampires_all_none_chapel_units	false
			wh_main_brt_cav_mounted_yeomen_1	idrinth_hev_high_elf_vampires_all_none_chapel_units	false
			wh_main_brt_cav_pegasus_knights	idrinth_hev_high_elf_vampires_all_none_chapel_units	false
			wh_main_brt_cha_damsel_0	idrinth_hev_high_elf_vampires_all_none_chapel_units	false
			wh_main_brt_cha_damsel_1	idrinth_hev_high_elf_vampires_all_none_chapel_units	false
			wh_main_brt_cha_damsel_2	idrinth_hev_high_elf_vampires_all_none_chapel_units	false
			wh_main_brt_cha_damsel_3	idrinth_hev_high_elf_vampires_all_none_chapel_units	false
			wh_main_brt_cha_king_louen_leoncoeur_0	idrinth_hev_high_elf_vampires_all_none_chapel_units	false
			wh_main_brt_cha_king_louen_leoncoeur_1	idrinth_hev_high_elf_vampires_all_none_chapel_units	false
			wh_main_brt_cha_king_louen_leoncoeur_2	idrinth_hev_high_elf_vampires_all_none_chapel_units	false
			wh_main_brt_cha_king_louen_leoncoeur_3	idrinth_hev_high_elf_vampires_all_none_chapel_units	false
			wh_main_brt_cha_king_louen_leoncoeur_4	idrinth_hev_high_elf_vampires_all_none_chapel_units	false
			wh_main_brt_cha_lord_0	idrinth_hev_high_elf_vampires_all_none_chapel_units	false
			wh_main_brt_cha_lord_2	idrinth_hev_high_elf_vampires_all_none_chapel_units	false
			wh_main_brt_cha_lord_3	idrinth_hev_high_elf_vampires_all_none_chapel_units	false
			wh_main_brt_cha_lord_4	idrinth_hev_high_elf_vampires_all_none_chapel_units	false
			wh_main_brt_cha_paladin_0	idrinth_hev_high_elf_vampires_all_none_chapel_units	false
			wh_main_brt_cha_paladin_3	idrinth_hev_high_elf_vampires_all_none_chapel_units	false
			wh_main_brt_cha_paladin_4	idrinth_hev_high_elf_vampires_all_none_chapel_units	false
			wh_main_brt_inf_men_at_arms	idrinth_hev_high_elf_vampires_all_none_chapel_units	false
			wh_main_brt_inf_peasant_bowmen	idrinth_hev_high_elf_vampires_all_none_chapel_units	false
			wh_main_brt_inf_spearmen_at_arms	idrinth_hev_high_elf_vampires_all_none_chapel_units	false
			wh_main_bst_feral_manticore_summoned	idrinth_hev_high_elf_vampires_all_none_chapel_units	false
			wh_main_chs_art_hellcannon	idrinth_hev_high_elf_vampires_all_none_chapel_units	false
			wh_main_chs_cav_chaos_chariot	idrinth_hev_high_elf_vampires_all_none_chapel_units	false
			wh_main_chs_cav_chaos_knights_0	idrinth_hev_high_elf_vampires_all_none_chapel_units	false
			wh_main_chs_cav_chaos_knights_1	idrinth_hev_high_elf_vampires_all_none_chapel_units	false
			wh_main_chs_cav_marauder_horsemen_0	idrinth_hev_high_elf_vampires_all_none_chapel_units	false
			wh_main_chs_cav_marauder_horsemen_1	idrinth_hev_high_elf_vampires_all_none_chapel_units	false
			wh_main_chs_cha_archaon_the_everchosen_0	idrinth_hev_high_elf_vampires_all_none_chapel_units	false
			wh_main_chs_cha_archaon_the_everchosen_1	idrinth_hev_high_elf_vampires_all_none_chapel_units	false
			wh_main_chs_cha_chaos_lord_0	idrinth_hev_high_elf_vampires_all_none_chapel_units	false
			wh_main_chs_cha_chaos_lord_11	idrinth_hev_high_elf_vampires_all_none_chapel_units	false
			wh_main_chs_cha_chaos_lord_12	idrinth_hev_high_elf_vampires_all_none_chapel_units	false
			wh_main_chs_cha_chaos_lord_8	idrinth_hev_high_elf_vampires_all_none_chapel_units	false
			wh_main_chs_cha_chaos_sorcerer_death_0	idrinth_hev_high_elf_vampires_all_none_chapel_units	false
			wh_main_chs_cha_chaos_sorcerer_death_10	idrinth_hev_high_elf_vampires_all_none_chapel_units	false
			wh_main_chs_cha_chaos_sorcerer_death_11	idrinth_hev_high_elf_vampires_all_none_chapel_units	false
			wh_main_chs_cha_chaos_sorcerer_death_7	idrinth_hev_high_elf_vampires_all_none_chapel_units	false
			wh_main_chs_cha_chaos_sorcerer_death_9	idrinth_hev_high_elf_vampires_all_none_chapel_units	false
			wh_main_chs_cha_chaos_sorcerer_fire_0	idrinth_hev_high_elf_vampires_all_none_chapel_units	false
			wh_main_chs_cha_chaos_sorcerer_fire_10	idrinth_hev_high_elf_vampires_all_none_chapel_units	false
			wh_main_chs_cha_chaos_sorcerer_fire_11	idrinth_hev_high_elf_vampires_all_none_chapel_units	false
			wh_main_chs_cha_chaos_sorcerer_fire_7	idrinth_hev_high_elf_vampires_all_none_chapel_units	false
			wh_main_chs_cha_chaos_sorcerer_fire_9	idrinth_hev_high_elf_vampires_all_none_chapel_units	false
			wh_main_chs_cha_chaos_sorcerer_metal_0	idrinth_hev_high_elf_vampires_all_none_chapel_units	false
			wh_main_chs_cha_chaos_sorcerer_metal_10	idrinth_hev_high_elf_vampires_all_none_chapel_units	false
			wh_main_chs_cha_chaos_sorcerer_metal_11	idrinth_hev_high_elf_vampires_all_none_chapel_units	false
			wh_main_chs_cha_chaos_sorcerer_metal_7	idrinth_hev_high_elf_vampires_all_none_chapel_units	false
			wh_main_chs_cha_chaos_sorcerer_metal_9	idrinth_hev_high_elf_vampires_all_none_chapel_units	false
			wh_main_chs_cha_exalted_hero_0	idrinth_hev_high_elf_vampires_all_none_chapel_units	false
			wh_main_chs_cha_exalted_hero_12	idrinth_hev_high_elf_vampires_all_none_chapel_units	false
			wh_main_chs_cha_exalted_hero_13	idrinth_hev_high_elf_vampires_all_none_chapel_units	false
			wh_main_chs_cha_exalted_hero_7	idrinth_hev_high_elf_vampires_all_none_chapel_units	false
			wh_main_chs_cha_lord_of_change_0	idrinth_hev_high_elf_vampires_all_none_chapel_units	false
			wh_main_chs_inf_chaos_marauders_0	idrinth_hev_high_elf_vampires_all_none_chapel_units	false
			wh_main_chs_inf_chaos_marauders_1	idrinth_hev_high_elf_vampires_all_none_chapel_units	false
			wh_main_chs_inf_chaos_warriors_0	idrinth_hev_high_elf_vampires_all_none_chapel_units	false
			wh_main_chs_inf_chaos_warriors_1	idrinth_hev_high_elf_vampires_all_none_chapel_units	false
			wh_main_chs_inf_chosen_0	idrinth_hev_high_elf_vampires_all_none_chapel_units	false
			wh_main_chs_inf_chosen_1	idrinth_hev_high_elf_vampires_all_none_chapel_units	false
			wh_main_chs_mon_chaos_spawn	idrinth_hev_high_elf_vampires_all_none_chapel_units	false
			wh_main_chs_mon_chaos_spawn_summoned	idrinth_hev_high_elf_vampires_all_none_chapel_units	false
			wh_main_chs_mon_chaos_warhounds_0	idrinth_hev_high_elf_vampires_all_none_chapel_units	false
			wh_main_chs_mon_chaos_warhounds_1	idrinth_hev_high_elf_vampires_all_none_chapel_units	false
			wh_main_chs_mon_giant	idrinth_hev_high_elf_vampires_all_none_chapel_units	false
			wh_main_chs_mon_trolls	idrinth_hev_high_elf_vampires_all_none_chapel_units	false
			wh_main_dwf_art_cannon	idrinth_hev_high_elf_vampires_all_none_chapel_units	false
			wh_main_dwf_art_cannon_malakai	idrinth_hev_high_elf_vampires_all_none_chapel_units	false
			wh_main_dwf_art_flame_cannon	idrinth_hev_high_elf_vampires_all_none_chapel_units	false
			wh_main_dwf_art_flame_cannon_grudge_reward	idrinth_hev_high_elf_vampires_all_none_chapel_units	false
			wh_main_dwf_art_flame_cannon_malakai	idrinth_hev_high_elf_vampires_all_none_chapel_units	false
			wh_main_dwf_art_grudge_thrower	idrinth_hev_high_elf_vampires_all_none_chapel_units	false
			wh_main_dwf_art_organ_gun	idrinth_hev_high_elf_vampires_all_none_chapel_units	false
			wh_main_dwf_art_organ_gun_malakai	idrinth_hev_high_elf_vampires_all_none_chapel_units	false
			wh_main_dwf_cha_high_king_thorgrim_grudgebearer_1	idrinth_hev_high_elf_vampires_all_none_chapel_units	false
			wh_main_dwf_cha_lord_0	idrinth_hev_high_elf_vampires_all_none_chapel_units	false
			wh_main_dwf_cha_master_engineer_0	idrinth_hev_high_elf_vampires_all_none_chapel_units	false
			wh_main_dwf_cha_rune_smith_0	idrinth_hev_high_elf_vampires_all_none_chapel_units	false
			wh_main_dwf_cha_thane	idrinth_hev_high_elf_vampires_all_none_chapel_units	false
			wh_main_dwf_cha_ungrim_ironfist	idrinth_hev_high_elf_vampires_all_none_chapel_units	false
			wh_main_dwf_inf_dwarf_warrior_0	idrinth_hev_high_elf_vampires_all_none_chapel_units	false
			wh_main_dwf_inf_dwarf_warrior_1	idrinth_hev_high_elf_vampires_all_none_chapel_units	false
			wh_main_dwf_inf_hammerers	idrinth_hev_high_elf_vampires_all_none_chapel_units	false
			wh_main_dwf_inf_hammerers_grudge_reward	idrinth_hev_high_elf_vampires_all_none_chapel_units	false
			wh_main_dwf_inf_ironbreakers	idrinth_hev_high_elf_vampires_all_none_chapel_units	false
			wh_main_dwf_inf_irondrakes_0	idrinth_hev_high_elf_vampires_all_none_chapel_units	false
			wh_main_dwf_inf_irondrakes_0_grudge_reward	idrinth_hev_high_elf_vampires_all_none_chapel_units	false
			wh_main_dwf_inf_irondrakes_2	idrinth_hev_high_elf_vampires_all_none_chapel_units	false
			wh_main_dwf_inf_longbeards	idrinth_hev_high_elf_vampires_all_none_chapel_units	false
			wh_main_dwf_inf_longbeards_1	idrinth_hev_high_elf_vampires_all_none_chapel_units	false
			wh_main_dwf_inf_longbeards_1_grudge_reward	idrinth_hev_high_elf_vampires_all_none_chapel_units	false
			wh_main_dwf_inf_miners_0	idrinth_hev_high_elf_vampires_all_none_chapel_units	false
			wh_main_dwf_inf_miners_1	idrinth_hev_high_elf_vampires_all_none_chapel_units	false
			wh_main_dwf_inf_quarrellers_0	idrinth_hev_high_elf_vampires_all_none_chapel_units	false
			wh_main_dwf_inf_quarrellers_1	idrinth_hev_high_elf_vampires_all_none_chapel_units	false
			wh_main_dwf_inf_quarrellers_1_grudge_reward	idrinth_hev_high_elf_vampires_all_none_chapel_units	false
			wh_main_dwf_inf_slayers	idrinth_hev_high_elf_vampires_all_none_chapel_units	false
			wh_main_dwf_inf_slayers_grudge_reward	idrinth_hev_high_elf_vampires_all_none_chapel_units	false
			wh_main_dwf_inf_thunderers_0	idrinth_hev_high_elf_vampires_all_none_chapel_units	false
			wh_main_dwf_veh_gyrobomber	idrinth_hev_high_elf_vampires_all_none_chapel_units	false
			wh_main_dwf_veh_gyrobomber_malakai	idrinth_hev_high_elf_vampires_all_none_chapel_units	false
			wh_main_dwf_veh_gyrocopter_0	idrinth_hev_high_elf_vampires_all_none_chapel_units	false
			wh_main_dwf_veh_gyrocopter_0_malakai	idrinth_hev_high_elf_vampires_all_none_chapel_units	false
			wh_main_dwf_veh_gyrocopter_1	idrinth_hev_high_elf_vampires_all_none_chapel_units	false
			wh_main_dwf_veh_gyrocopter_1_grudge_reward	idrinth_hev_high_elf_vampires_all_none_chapel_units	false
			wh_main_dwf_veh_gyrocopter_1_malakai	idrinth_hev_high_elf_vampires_all_none_chapel_units	false
			wh_main_emp_art_great_cannon	idrinth_hev_high_elf_vampires_all_none_chapel_units	false
			wh_main_emp_art_helblaster_volley_gun	idrinth_hev_high_elf_vampires_all_none_chapel_units	false
			wh_main_emp_art_helstorm_rocket_battery	idrinth_hev_high_elf_vampires_all_none_chapel_units	false
			wh_main_emp_art_mortar	idrinth_hev_high_elf_vampires_all_none_chapel_units	false
			wh_main_emp_cav_demigryph_knights_0	idrinth_hev_high_elf_vampires_all_none_chapel_units	false
			wh_main_emp_cav_demigryph_knights_1	idrinth_hev_high_elf_vampires_all_none_chapel_units	false
			wh_main_emp_cav_empire_knights	idrinth_hev_high_elf_vampires_all_none_chapel_units	false
			wh_main_emp_cav_outriders_0	idrinth_hev_high_elf_vampires_all_none_chapel_units	false
			wh_main_emp_cav_outriders_1	idrinth_hev_high_elf_vampires_all_none_chapel_units	false
			wh_main_emp_cav_pistoliers_1	idrinth_hev_high_elf_vampires_all_none_chapel_units	false
			wh_main_emp_cav_reiksguard	idrinth_hev_high_elf_vampires_all_none_chapel_units	false
			wh_main_emp_cha_balthasar_gelt_0	idrinth_hev_high_elf_vampires_all_none_chapel_units	false
			wh_main_emp_cha_balthasar_gelt_1	idrinth_hev_high_elf_vampires_all_none_chapel_units	false
			wh_main_emp_cha_balthasar_gelt_2	idrinth_hev_high_elf_vampires_all_none_chapel_units	false
			wh_main_emp_cha_balthasar_gelt_3	idrinth_hev_high_elf_vampires_all_none_chapel_units	false
			wh_main_emp_cha_captain_0	idrinth_hev_high_elf_vampires_all_none_chapel_units	false
			wh_main_emp_cha_captain_1	idrinth_hev_high_elf_vampires_all_none_chapel_units	false
			wh_main_emp_cha_captain_2	idrinth_hev_high_elf_vampires_all_none_chapel_units	false
			wh_main_emp_cha_captain_3	idrinth_hev_high_elf_vampires_all_none_chapel_units	false
			wh_main_emp_cha_general_0	idrinth_hev_high_elf_vampires_all_none_chapel_units	false
			wh_main_emp_cha_general_1	idrinth_hev_high_elf_vampires_all_none_chapel_units	false
			wh_main_emp_cha_general_2	idrinth_hev_high_elf_vampires_all_none_chapel_units	false
			wh_main_emp_cha_general_3	idrinth_hev_high_elf_vampires_all_none_chapel_units	false
			wh_main_emp_cha_general_4	idrinth_hev_high_elf_vampires_all_none_chapel_units	false
			wh_main_emp_cha_karl_franz_0	idrinth_hev_high_elf_vampires_all_none_chapel_units	false
			wh_main_emp_cha_karl_franz_1	idrinth_hev_high_elf_vampires_all_none_chapel_units	false
			wh_main_emp_cha_karl_franz_2	idrinth_hev_high_elf_vampires_all_none_chapel_units	false
			wh_main_emp_cha_karl_franz_3	idrinth_hev_high_elf_vampires_all_none_chapel_units	false
			wh_main_emp_cha_karl_franz_4	idrinth_hev_high_elf_vampires_all_none_chapel_units	false
			wh_main_emp_cha_warrior_priest_0	idrinth_hev_high_elf_vampires_all_none_chapel_units	false
			wh_main_emp_cha_warrior_priest_1	idrinth_hev_high_elf_vampires_all_none_chapel_units	false
			wh_main_emp_cha_warrior_priest_2	idrinth_hev_high_elf_vampires_all_none_chapel_units	false
			wh_main_emp_cha_witch_hunter	idrinth_hev_high_elf_vampires_all_none_chapel_units	false
			wh_main_emp_cha_wizard_fire_0	idrinth_hev_high_elf_vampires_all_none_chapel_units	false
			wh_main_emp_cha_wizard_fire_1	idrinth_hev_high_elf_vampires_all_none_chapel_units	false
			wh_main_emp_cha_wizard_fire_2	idrinth_hev_high_elf_vampires_all_none_chapel_units	false
			wh_main_emp_cha_wizard_fire_3	idrinth_hev_high_elf_vampires_all_none_chapel_units	false
			wh_main_emp_cha_wizard_heavens_0	idrinth_hev_high_elf_vampires_all_none_chapel_units	false
			wh_main_emp_cha_wizard_heavens_1	idrinth_hev_high_elf_vampires_all_none_chapel_units	false
			wh_main_emp_cha_wizard_heavens_2	idrinth_hev_high_elf_vampires_all_none_chapel_units	false
			wh_main_emp_cha_wizard_heavens_4	idrinth_hev_high_elf_vampires_all_none_chapel_units	false
			wh_main_emp_cha_wizard_light_0	idrinth_hev_high_elf_vampires_all_none_chapel_units	false
			wh_main_emp_cha_wizard_light_1	idrinth_hev_high_elf_vampires_all_none_chapel_units	false
			wh_main_emp_cha_wizard_light_2	idrinth_hev_high_elf_vampires_all_none_chapel_units	false
			wh_main_emp_cha_wizard_light_4	idrinth_hev_high_elf_vampires_all_none_chapel_units	false
			wh_main_emp_inf_crossbowmen	idrinth_hev_high_elf_vampires_all_none_chapel_units	false
			wh_main_emp_inf_greatswords	idrinth_hev_high_elf_vampires_all_none_chapel_units	false
			wh_main_emp_inf_halberdiers	idrinth_hev_high_elf_vampires_all_none_chapel_units	false
			wh_main_emp_inf_handgunners	idrinth_hev_high_elf_vampires_all_none_chapel_units	false
			wh_main_emp_inf_spearmen_0	idrinth_hev_high_elf_vampires_all_none_chapel_units	false
			wh_main_emp_inf_spearmen_1	idrinth_hev_high_elf_vampires_all_none_chapel_units	false
			wh_main_emp_inf_swordsmen	idrinth_hev_high_elf_vampires_all_none_chapel_units	false
			wh_main_emp_veh_luminark_of_hysh_0	idrinth_hev_high_elf_vampires_all_none_chapel_units	false
			wh_main_emp_veh_steam_tank	idrinth_hev_high_elf_vampires_all_none_chapel_units	false
			wh_main_grn_art_doom_diver_catapult	idrinth_hev_high_elf_vampires_all_none_chapel_units	false
			wh_main_grn_art_goblin_rock_lobber	idrinth_hev_high_elf_vampires_all_none_chapel_units	false
			wh_main_grn_cav_forest_goblin_spider_riders_0	idrinth_hev_high_elf_vampires_all_none_chapel_units	false
			wh_main_grn_cav_forest_goblin_spider_riders_1	idrinth_hev_high_elf_vampires_all_none_chapel_units	false
			wh_main_grn_cav_goblin_wolf_chariot	idrinth_hev_high_elf_vampires_all_none_chapel_units	false
			wh_main_grn_cav_goblin_wolf_riders_0	idrinth_hev_high_elf_vampires_all_none_chapel_units	false
			wh_main_grn_cav_goblin_wolf_riders_1	idrinth_hev_high_elf_vampires_all_none_chapel_units	false
			wh_main_grn_cav_orc_boar_boy_big_uns	idrinth_hev_high_elf_vampires_all_none_chapel_units	false
			wh_main_grn_cav_orc_boar_boyz	idrinth_hev_high_elf_vampires_all_none_chapel_units	false
			wh_main_grn_cav_orc_boar_chariot	idrinth_hev_high_elf_vampires_all_none_chapel_units	false
			wh_main_grn_cav_savage_orc_boar_boy_big_uns	idrinth_hev_high_elf_vampires_all_none_chapel_units	false
			wh_main_grn_cav_savage_orc_boar_boyz	idrinth_hev_high_elf_vampires_all_none_chapel_units	false
			wh_main_grn_cha_azhag_the_slaughterer_0	idrinth_hev_high_elf_vampires_all_none_chapel_units	false
			wh_main_grn_cha_azhag_the_slaughterer_1	idrinth_hev_high_elf_vampires_all_none_chapel_units	false
			wh_main_grn_cha_goblin_big_boss_0	idrinth_hev_high_elf_vampires_all_none_chapel_units	false
			wh_main_grn_cha_goblin_big_boss_1	idrinth_hev_high_elf_vampires_all_none_chapel_units	false
			wh_main_grn_cha_goblin_big_boss_2	idrinth_hev_high_elf_vampires_all_none_chapel_units	false
			wh_main_grn_cha_goblin_big_boss_4	idrinth_hev_high_elf_vampires_all_none_chapel_units	false
			wh_main_grn_cha_goblin_great_shaman_0	idrinth_hev_high_elf_vampires_all_none_chapel_units	false
			wh_main_grn_cha_goblin_great_shaman_1	idrinth_hev_high_elf_vampires_all_none_chapel_units	false
			wh_main_grn_cha_goblin_great_shaman_2	idrinth_hev_high_elf_vampires_all_none_chapel_units	false
			wh_main_grn_cha_grimgor_ironhide	idrinth_hev_high_elf_vampires_all_none_chapel_units	false
			wh_main_grn_cha_night_goblin_shaman	idrinth_hev_high_elf_vampires_all_none_chapel_units	false
			wh_main_grn_cha_orc_shaman_0	idrinth_hev_high_elf_vampires_all_none_chapel_units	false
			wh_main_grn_cha_orc_shaman_1	idrinth_hev_high_elf_vampires_all_none_chapel_units	false
			wh_main_grn_cha_orc_warboss_0	idrinth_hev_high_elf_vampires_all_none_chapel_units	false
			wh_main_grn_cha_orc_warboss_1	idrinth_hev_high_elf_vampires_all_none_chapel_units	false
			wh_main_grn_cha_orc_warboss_2	idrinth_hev_high_elf_vampires_all_none_chapel_units	false
			wh_main_grn_cha_orc_warboss_3	idrinth_hev_high_elf_vampires_all_none_chapel_units	false
			wh_main_grn_inf_black_orcs	idrinth_hev_high_elf_vampires_all_none_chapel_units	false
			wh_main_grn_inf_goblin_archers	idrinth_hev_high_elf_vampires_all_none_chapel_units	false
			wh_main_grn_inf_goblin_spearmen	idrinth_hev_high_elf_vampires_all_none_chapel_units	false
			wh_main_grn_inf_night_goblin_archers	idrinth_hev_high_elf_vampires_all_none_chapel_units	false
			wh_main_grn_inf_night_goblin_fanatics	idrinth_hev_high_elf_vampires_all_none_chapel_units	false
			wh_main_grn_inf_night_goblin_fanatics_1	idrinth_hev_high_elf_vampires_all_none_chapel_units	false
			wh_main_grn_inf_night_goblins	idrinth_hev_high_elf_vampires_all_none_chapel_units	false
			wh_main_grn_inf_orc_arrer_boyz	idrinth_hev_high_elf_vampires_all_none_chapel_units	false
			wh_main_grn_inf_orc_big_uns	idrinth_hev_high_elf_vampires_all_none_chapel_units	false
			wh_main_grn_inf_orc_boyz	idrinth_hev_high_elf_vampires_all_none_chapel_units	false
			wh_main_grn_inf_savage_orc_arrer_boyz	idrinth_hev_high_elf_vampires_all_none_chapel_units	false
			wh_main_grn_inf_savage_orc_big_uns	idrinth_hev_high_elf_vampires_all_none_chapel_units	false
			wh_main_grn_inf_savage_orcs	idrinth_hev_high_elf_vampires_all_none_chapel_units	false
			wh_main_grn_mon_arachnarok_spider_0	idrinth_hev_high_elf_vampires_all_none_chapel_units	false
			wh_main_grn_mon_giant	idrinth_hev_high_elf_vampires_all_none_chapel_units	false
			wh_main_grn_mon_giant_qb_tall_roff	idrinth_hev_high_elf_vampires_all_none_chapel_units	false
			wh_main_grn_mon_trolls	idrinth_hev_high_elf_vampires_all_none_chapel_units	false
			wh_main_ksl_cha_captain_0	idrinth_hev_high_elf_vampires_all_none_chapel_units	false
			wh_main_ksl_cha_captain_1	idrinth_hev_high_elf_vampires_all_none_chapel_units	false
			wh_main_ksl_cha_captain_2	idrinth_hev_high_elf_vampires_all_none_chapel_units	false
			wh_main_ksl_cha_general_0	idrinth_hev_high_elf_vampires_all_none_chapel_units	false
			wh_main_ksl_cha_general_1	idrinth_hev_high_elf_vampires_all_none_chapel_units	false
			wh_main_ksl_cha_general_2	idrinth_hev_high_elf_vampires_all_none_chapel_units	false
			wh_main_ksl_cha_wizard_0	idrinth_hev_high_elf_vampires_all_none_chapel_units	false
			wh_main_ksl_cha_wizard_1	idrinth_hev_high_elf_vampires_all_none_chapel_units	false
			wh_main_nor_cav_chaos_chariot	idrinth_hev_high_elf_vampires_all_none_chapel_units	false
			wh_main_nor_cav_marauder_horsemen_0	idrinth_hev_high_elf_vampires_all_none_chapel_units	false
			wh_main_nor_cav_marauder_horsemen_1	idrinth_hev_high_elf_vampires_all_none_chapel_units	false
			wh_main_nor_cha_chaos_sorcerer_0	idrinth_hev_high_elf_vampires_all_none_chapel_units	false
			wh_main_nor_cha_chaos_sorcerer_1	idrinth_hev_high_elf_vampires_all_none_chapel_units	false
			wh_main_nor_cha_chaos_sorcerer_2	idrinth_hev_high_elf_vampires_all_none_chapel_units	false
			wh_main_nor_cha_marauder_chieftan_0	idrinth_hev_high_elf_vampires_all_none_chapel_units	false
			wh_main_nor_cha_marauder_chieftan_1	idrinth_hev_high_elf_vampires_all_none_chapel_units	false
			wh_main_nor_cha_marauder_chieftan_2	idrinth_hev_high_elf_vampires_all_none_chapel_units	false
			wh_main_nor_cha_marauder_chieftan_3	idrinth_hev_high_elf_vampires_all_none_chapel_units	false
			wh_main_nor_inf_chaos_marauders_0	idrinth_hev_high_elf_vampires_all_none_chapel_units	false
			wh_main_nor_inf_chaos_marauders_1	idrinth_hev_high_elf_vampires_all_none_chapel_units	false
			wh_main_nor_mon_chaos_trolls	idrinth_hev_high_elf_vampires_all_none_chapel_units	false
			wh_main_nor_mon_chaos_warhounds_0	idrinth_hev_high_elf_vampires_all_none_chapel_units	false
			wh_main_nor_mon_chaos_warhounds_1	idrinth_hev_high_elf_vampires_all_none_chapel_units	false
			wh_main_teb_cha_captain_0	idrinth_hev_high_elf_vampires_all_none_chapel_units	false
			wh_main_teb_cha_captain_1	idrinth_hev_high_elf_vampires_all_none_chapel_units	false
			wh_main_teb_cha_captain_2	idrinth_hev_high_elf_vampires_all_none_chapel_units	false
			wh_main_teb_cha_general_0	idrinth_hev_high_elf_vampires_all_none_chapel_units	false
			wh_main_teb_cha_general_1	idrinth_hev_high_elf_vampires_all_none_chapel_units	false
			wh_main_teb_cha_general_2	idrinth_hev_high_elf_vampires_all_none_chapel_units	false
			wh_main_teb_cha_wizard_0	idrinth_hev_high_elf_vampires_all_none_chapel_units	false
			wh_main_teb_cha_wizard_1	idrinth_hev_high_elf_vampires_all_none_chapel_units	false
			wh_main_vmp_cav_black_knights_0	idrinth_hev_high_elf_vampires_all_none_chapel_units	false
			wh_main_vmp_cav_black_knights_3	idrinth_hev_high_elf_vampires_all_none_chapel_units	false
			wh_main_vmp_cav_hexwraiths	idrinth_hev_high_elf_vampires_all_none_chapel_units	false
			wh_main_vmp_cha_banshee	idrinth_hev_high_elf_vampires_all_none_chapel_units	false
			wh_main_vmp_cha_heinrich_kemmler	idrinth_hev_high_elf_vampires_all_none_chapel_units	false
			wh_main_vmp_cha_mannfred_von_carstein_0	idrinth_hev_high_elf_vampires_all_none_chapel_units	false
			wh_main_vmp_cha_mannfred_von_carstein_2	idrinth_hev_high_elf_vampires_all_none_chapel_units	false
			wh_main_vmp_cha_mannfred_von_carstein_3	idrinth_hev_high_elf_vampires_all_none_chapel_units	false
			wh_main_vmp_cha_mannfred_von_carstein_4	idrinth_hev_high_elf_vampires_all_none_chapel_units	false
			wh_main_vmp_cha_master_necromancer_0	idrinth_hev_high_elf_vampires_all_none_chapel_units	false
			wh_main_vmp_cha_master_necromancer_4	idrinth_hev_high_elf_vampires_all_none_chapel_units	false
			wh_main_vmp_cha_master_necromancer_5	idrinth_hev_high_elf_vampires_all_none_chapel_units	false
			wh_main_vmp_cha_necromancer_0	idrinth_hev_high_elf_vampires_all_none_chapel_units	false
			wh_main_vmp_cha_necromancer_5	idrinth_hev_high_elf_vampires_all_none_chapel_units	false
			wh_main_vmp_cha_vampire_0	idrinth_hev_high_elf_vampires_all_none_chapel_units	false
			wh_main_vmp_cha_vampire_1	idrinth_hev_high_elf_vampires_all_none_chapel_units	false
			wh_main_vmp_cha_vampire_2	idrinth_hev_high_elf_vampires_all_none_chapel_units	false
			wh_main_vmp_cha_vampire_lord_0	idrinth_hev_high_elf_vampires_all_none_chapel_units	false
			wh_main_vmp_cha_vampire_lord_2	idrinth_hev_high_elf_vampires_all_none_chapel_units	false
			wh_main_vmp_cha_vampire_lord_3	idrinth_hev_high_elf_vampires_all_none_chapel_units	false
			wh_main_vmp_cha_vampire_lord_5	idrinth_hev_high_elf_vampires_all_none_chapel_units	false
			wh_main_vmp_cha_wight_king_0	idrinth_hev_high_elf_vampires_all_none_chapel_units	false
			wh_main_vmp_cha_wight_king_0_summoned	idrinth_hev_high_elf_vampires_all_none_chapel_units	false
			wh_main_vmp_cha_wight_king_1	idrinth_hev_high_elf_vampires_all_none_chapel_units	false
			wh_main_vmp_cha_wight_king_2	idrinth_hev_high_elf_vampires_all_none_chapel_units	false
			wh_main_vmp_inf_cairn_wraiths	idrinth_hev_high_elf_vampires_all_none_chapel_units	false
			wh_main_vmp_inf_crypt_ghouls	idrinth_hev_high_elf_vampires_all_none_chapel_units	false
			wh_main_vmp_inf_crypt_ghouls_summoned	idrinth_hev_high_elf_vampires_all_none_chapel_units	false
			wh_main_vmp_inf_grave_guard_0	idrinth_hev_high_elf_vampires_all_none_chapel_units	false
			wh_main_vmp_inf_grave_guard_0_summoned	idrinth_hev_high_elf_vampires_all_none_chapel_units	false
			wh_main_vmp_inf_grave_guard_1	idrinth_hev_high_elf_vampires_all_none_chapel_units	false
			wh_main_vmp_inf_skeleton_warriors_0	idrinth_hev_high_elf_vampires_all_none_chapel_units	false
			wh_main_vmp_inf_skeleton_warriors_0_summoned	idrinth_hev_high_elf_vampires_all_none_chapel_units	false
			wh_main_vmp_inf_skeleton_warriors_1	idrinth_hev_high_elf_vampires_all_none_chapel_units	false
			wh_main_vmp_inf_zombie	idrinth_hev_high_elf_vampires_all_none_chapel_units	false
			wh_main_vmp_inf_zombie_summoned	idrinth_hev_high_elf_vampires_all_none_chapel_units	false
			wh_main_vmp_mon_crypt_horrors	idrinth_hev_high_elf_vampires_all_none_chapel_units	false
			wh_main_vmp_mon_crypt_horrors_summoned	idrinth_hev_high_elf_vampires_all_none_chapel_units	false
			wh_main_vmp_mon_dire_wolves	idrinth_hev_high_elf_vampires_all_none_chapel_units	false
			wh_main_vmp_mon_fell_bats	idrinth_hev_high_elf_vampires_all_none_chapel_units	false
			wh_main_vmp_mon_terrorgheist	idrinth_hev_high_elf_vampires_all_none_chapel_units	false
			wh_main_vmp_mon_terrorgheist_qb	idrinth_hev_high_elf_vampires_all_none_chapel_units	false
			wh_main_vmp_mon_vargheists	idrinth_hev_high_elf_vampires_all_none_chapel_units	false
			wh_main_vmp_mon_varghulf	idrinth_hev_high_elf_vampires_all_none_chapel_units	false
			wh_main_vmp_veh_black_coach	idrinth_hev_high_elf_vampires_all_none_chapel_units	false
			wh_pro01_dwf_cha_grombrindal_0	idrinth_hev_high_elf_vampires_all_none_chapel_units	false
			wh_pro02_vmp_cha_isabella_von_carstein_0	idrinth_hev_high_elf_vampires_all_none_chapel_units	false
			wh_pro02_vmp_cha_isabella_von_carstein_2	idrinth_hev_high_elf_vampires_all_none_chapel_units	false
			wh_pro02_vmp_cha_isabella_von_carstein_4	idrinth_hev_high_elf_vampires_all_none_chapel_units	false
			wh_pro03_vmp_cha_krell_0	idrinth_hev_high_elf_vampires_all_none_chapel_units	false
			wh_pro03_vmp_cha_krell_campaign_0	idrinth_hev_high_elf_vampires_all_none_chapel_units	false
			wh_pro03_vmp_cha_krell_campaign_1	idrinth_hev_high_elf_vampires_all_none_chapel_units	false
			wh_pro03_vmp_cha_krell_campaign_2	idrinth_hev_high_elf_vampires_all_none_chapel_units	false
			wh_pro03_vmp_cha_krell_campaign_3	idrinth_hev_high_elf_vampires_all_none_chapel_units	false
			wh_pro03_vmp_cha_krell_campaign_4	idrinth_hev_high_elf_vampires_all_none_chapel_units	false
			wh_pro04_brt_cav_knights_errant_ror_0	idrinth_hev_high_elf_vampires_all_none_chapel_units	false
			wh_pro04_brt_cav_knights_of_the_realm_ror_0	idrinth_hev_high_elf_vampires_all_none_chapel_units	false
			wh_pro04_brt_cav_mounted_yeomen_ror_0	idrinth_hev_high_elf_vampires_all_none_chapel_units	false
			wh_pro04_brt_cav_questing_knights_ror_0	idrinth_hev_high_elf_vampires_all_none_chapel_units	false
			wh_pro04_brt_inf_battle_pilgrims_ror_0	idrinth_hev_high_elf_vampires_all_none_chapel_units	false
			wh_pro04_brt_inf_foot_squires_ror_0	idrinth_hev_high_elf_vampires_all_none_chapel_units	false
			wh_pro04_bst_inf_bestigor_herd_ror_0	idrinth_hev_high_elf_vampires_all_none_chapel_units	false
			wh_pro04_bst_inf_centigors_ror_0	idrinth_hev_high_elf_vampires_all_none_chapel_units	false
			wh_pro04_bst_inf_cygor_ror_0	idrinth_hev_high_elf_vampires_all_none_chapel_units	false
			wh_pro04_bst_inf_gor_herd_ror_0	idrinth_hev_high_elf_vampires_all_none_chapel_units	false
			wh_pro04_bst_inf_minotaurs_ror_0	idrinth_hev_high_elf_vampires_all_none_chapel_units	false
			wh_pro04_bst_inf_ungor_spearmen_ror_0	idrinth_hev_high_elf_vampires_all_none_chapel_units	false
			wh_pro04_chs_art_hellcannon_ror_0	idrinth_hev_high_elf_vampires_all_none_chapel_units	false
			wh_pro04_chs_cav_chaos_knights_ror_0	idrinth_hev_high_elf_vampires_all_none_chapel_units	false
			wh_pro04_chs_inf_chaos_warriors_ror_0	idrinth_hev_high_elf_vampires_all_none_chapel_units	false
			wh_pro04_chs_inf_forsaken_ror_0	idrinth_hev_high_elf_vampires_all_none_chapel_units	false
			wh_pro04_chs_mon_chaos_spawn_ror_0	idrinth_hev_high_elf_vampires_all_none_chapel_units	false
			wh_pro04_chs_mon_dragon_ogre_ror_0	idrinth_hev_high_elf_vampires_all_none_chapel_units	false
			wh_pro04_nor_inf_chaos_marauders_ror_0	idrinth_hev_high_elf_vampires_all_none_chapel_units	false
			wh_pro04_nor_inf_marauder_berserkers_ror_0	idrinth_hev_high_elf_vampires_all_none_chapel_units	false
			wh_pro04_nor_mon_fimir_ror_0	idrinth_hev_high_elf_vampires_all_none_chapel_units	false
			wh_pro04_nor_mon_marauder_warwolves_ror_0	idrinth_hev_high_elf_vampires_all_none_chapel_units	false
			wh_pro04_nor_mon_skinwolves_ror_0	idrinth_hev_high_elf_vampires_all_none_chapel_units	false
			wh_pro04_nor_mon_war_mammoth_ror_0	idrinth_hev_high_elf_vampires_all_none_chapel_units	false
			wh_pro04_wef_cav_wild_riders_ror_0	idrinth_hev_high_elf_vampires_all_none_chapel_units	false
			wh_pro04_wef_inf_eternal_guard_ror_0	idrinth_hev_high_elf_vampires_all_none_chapel_units	false
			wh_pro04_wef_inf_wardancers_ror_0	idrinth_hev_high_elf_vampires_all_none_chapel_units	false
			wh_pro04_wef_inf_waywatchers_ror_0	idrinth_hev_high_elf_vampires_all_none_chapel_units	false
			wh_pro04_wef_inf_wildwood_rangers_ror_0	idrinth_hev_high_elf_vampires_all_none_chapel_units	false
			wh_pro04_wef_mon_treekin_ror_0	idrinth_hev_high_elf_vampires_all_none_chapel_units	false
			wh_twa03_def_inf_squig_explosive_0	idrinth_hev_high_elf_vampires_all_none_chapel_units	false
			idrinth_hev_high_elf_vampires_idrinthchampion	idrinth_hev_high_elf_vampires_all_chapel_units_entity	false
			idrinth_hev_high_elf_vampires_idrinthgeneral	idrinth_hev_high_elf_vampires_all_chapel_units_entity	false
			idrinth_hev_high_elf_vampires_chapel_asuryan_leader	idrinth_hev_high_elf_vampires_all_chapel_units_entity	false
			idrinth_hev_high_elf_vampires_chapel_kurnous_leader	idrinth_hev_high_elf_vampires_all_chapel_units_entity	false
			idrinth_hev_high_elf_vampires_chapel_khaine_leader	idrinth_hev_high_elf_vampires_all_chapel_units_entity	false
			idrinth_hev_high_elf_vampires_chapel_asuryan_leader_vampire	idrinth_hev_high_elf_vampires_all_chapel_units_entity	false
			idrinth_hev_high_elf_vampires_chapel_kurnous_leader_vampire	idrinth_hev_high_elf_vampires_all_chapel_units_entity	false
			idrinth_hev_high_elf_vampires_chapel_khaine_leader_vampire	idrinth_hev_high_elf_vampires_all_chapel_units_entity	false
			idrinth_hev_high_elf_vampires_chapel_asuryan_varghulf	idrinth_hev_high_elf_vampires_all_chapel_units_entity	false
			idrinth_hev_high_elf_vampires_chapel_kurnous_varghulf	idrinth_hev_high_elf_vampires_all_chapel_units_entity	false
			idrinth_hev_high_elf_vampires_chapel_khaine_varghulf	idrinth_hev_high_elf_vampires_all_chapel_units_entity	false
			idrinth_hev_high_elf_vampires_chapel_shrine	idrinth_hev_high_elf_vampires_all_chapel_units_entity	false
			idrinth_hev_high_elf_vampires_chapel_great_eagle	idrinth_hev_high_elf_vampires_all_chapel_units_entity	false
			idrinth_hev_high_elf_vampires_chapel_cave_bats	idrinth_hev_high_elf_vampires_all_chapel_units_multi	false
			idrinth_hev_high_elf_vampires_chapel_hawks	idrinth_hev_high_elf_vampires_all_chapel_units_multi	false
			idrinth_hev_high_elf_vampires_chapel_wolves	idrinth_hev_high_elf_vampires_all_chapel_units_multi	false
			idrinth_hev_high_elf_vampires_chapel_stone_wolves	idrinth_hev_high_elf_vampires_all_chapel_units_multi	false
			idrinth_hev_high_elf_vampires_chapel_mixed	idrinth_hev_high_elf_vampires_all_chapel_units_multi	false
			idrinth_hev_high_elf_vampires_chapel_asuryan	idrinth_hev_high_elf_vampires_all_chapel_units_multi	false
			idrinth_hev_high_elf_vampires_chapel_kurnous	idrinth_hev_high_elf_vampires_all_chapel_units_multi	false
			idrinth_hev_high_elf_vampires_chapel_khaine	idrinth_hev_high_elf_vampires_all_chapel_units_multi	false
