character_skill_key	effect_key	level	effect_scope	value
#character_skill_level_to_effects_junctions_tables;1;db/character_skill_level_to_effects_junctions_tables/idrinth				
idrinth_campaign_actions_dummy	idrinth_effect_agent_action_enable_assist_army_training	1	character_to_character_own	1.0000
idrinth_campaign_actions_dummy	idrinth_effect_agent_action_enable_hinder_army_assault_units	1	character_to_character_own	1.0000
idrinth_campaign_actions_dummy	idrinth_effect_agent_action_enable_passive_spread_corruption_vmp	1	character_to_character_own	1.0000
idrinth_campaign_actions_dummy	idrinth_effect_agent_action_enable_passive_spread_public_order	1	character_to_character_own	1.0000
idrinth_campaign_actions_dummy	idrinth_effect_agent_action_enable_hinder_agent_assassinate	1	character_to_character_own	1.0000
idrinth_campaign_actions_dummy	wh_main_effect_ability_enable_invocation_of_nehek	1	character_to_character_own	1.0000
idrinth_campaign_actions_dummy	wh_main_effect_ability_enable_spirit_leech	1	character_to_character_own	1.0000
idrinth_campaign_actions_dummy	wh_dlc05_effect_ability_enable_melkoths_mystifying_miasma	1	character_to_character_own	1.0000
idrinth_campaign_actions_dummy	wh_dlc05_effect_ability_enable_smoke_and_mirrors	1	character_to_character_own	1.0000
idrinth_campaign_actions_dummy	wh_main_effect_ability_enable_life-leeching	1	character_to_character_own	1.0000
idrinth_campaign_actions_dummy	wh_main_effect_ability_enable_curse_of_undeath	1	character_to_character_own	1.0000
idrinth_campaign_actions_dummy	wh3_main_effect_agent_action_passive_spread_corruption_vampiric_effect	1	character_to_province_any	2.0000
idrinth_wh2_main_skill_all_hero_assist_army_training	wh2_main_effect_agent_action_assist_army_training_buff	1	character_to_character_own	15.0000
idrinth_wh2_main_skill_all_hero_assist_army_training	wh2_main_effect_agent_action_assist_army_training_buff	2	character_to_character_own	30.0000
idrinth_wh2_main_skill_all_hero_assist_army_training	wh3_dlc20_effect_healing_cap_modifier	2	character_to_character_own	20.0000
idrinth_wh2_main_skill_all_hero_assist_army_training	wh3_dlc20_effect_healing_cap_modifier	1	character_to_character_own	10.0000
idrinth_wh2_main_skill_all_hero_assist_army_training	wh3_dlc20_effect_healing_cap_modifier	3	character_to_character_own	30.0000
idrinth_wh2_main_skill_all_hero_assist_army_training	wh2_main_effect_agent_action_assist_army_training_buff	3	character_to_character_own	50.0000
idrinth_wh2_main_skill_all_hero_hinder_agent_assassinate	wh2_main_effect_agent_action_hinder_agent_assassinate_buff	1	character_to_character_own	3.0000
idrinth_wh2_main_skill_all_hero_hinder_agent_assassinate	wh2_main_effect_agent_action_hinder_agent_assassinate_buff	2	character_to_character_own	8.0000
idrinth_wh2_main_skill_all_hero_hinder_agent_assassinate	wh3_dlc20_effect_healing_cap_modifier	2	character_to_character_own	20.0000
idrinth_wh2_main_skill_all_hero_hinder_agent_assassinate	wh3_dlc20_effect_healing_cap_modifier	1	character_to_character_own	10.0000
idrinth_wh2_main_skill_all_hero_hinder_agent_assassinate	wh3_dlc20_effect_healing_cap_modifier	3	character_to_character_own	30.0000
idrinth_wh2_main_skill_all_hero_hinder_agent_assassinate	wh2_main_effect_agent_action_hinder_agent_assassinate_buff	3	character_to_character_own	15.0000
idrinth_wh2_main_skill_all_hero_hinder_army_assault_units	wh2_main_effect_agent_action_hinder_army_assault_units_buff	1	character_to_character_own	3.0000
idrinth_wh2_main_skill_all_hero_hinder_army_assault_units	wh2_main_effect_agent_action_hinder_army_assault_units_buff	2	character_to_character_own	8.0000
idrinth_wh2_main_skill_all_hero_hinder_army_assault_units	wh3_dlc20_effect_healing_cap_modifier	2	character_to_character_own	20.0000
idrinth_wh2_main_skill_all_hero_hinder_army_assault_units	wh3_dlc20_effect_healing_cap_modifier	1	character_to_character_own	10.0000
idrinth_wh2_main_skill_all_hero_hinder_army_assault_units	wh3_dlc20_effect_healing_cap_modifier	3	character_to_character_own	30.0000
idrinth_wh2_main_skill_all_hero_hinder_army_assault_units	wh2_main_effect_agent_action_hinder_army_assault_units_buff	3	character_to_character_own	15.0000
idrinth_wh2_main_skill_all_hero_reduce_action_cost	wh_main_effect_agent_action_cost_mod	1	character_to_character_own	-10.0000
idrinth_wh2_main_skill_all_hero_reduce_action_cost	wh_main_effect_agent_action_success_chance	1	character_to_character_own	1.0000
idrinth_wh2_main_skill_all_hero_reduce_action_cost	wh_main_effect_agent_action_cost_mod	2	character_to_character_own	-20.0000
idrinth_wh2_main_skill_all_hero_reduce_action_cost	wh_main_effect_agent_action_success_chance	2	character_to_character_own	3.0000
idrinth_wh2_main_skill_all_hero_reduce_action_cost	wh_main_effect_agent_action_cost_mod	3	character_to_character_own	-40.0000
idrinth_wh2_main_skill_all_hero_reduce_action_cost	wh3_dlc20_effect_healing_cap_modifier	1	character_to_character_own	10.0000
idrinth_wh2_main_skill_all_hero_reduce_action_cost	wh3_dlc20_effect_healing_cap_modifier	2	character_to_character_own	20.0000
idrinth_wh2_main_skill_all_hero_reduce_action_cost	wh3_dlc20_effect_healing_cap_modifier	3	character_to_character_own	30.0000
idrinth_wh2_main_skill_all_hero_reduce_action_cost	wh_main_effect_agent_action_success_chance	3	character_to_character_own	6.0000
idrinth_wh2_main_skill_all_hero_reduce_action_cost	wh2_main_effect_agent_action_success_chance_enemies_in_region	3	character_to_enemy_character_in_region	-8.0000
idrinth_wh2_main_skill_hef_combat_valour_of_ages	wh2_main_effect_character_stat_weapon_strength_vs_dark_elves	1	character_to_character_own	10.0000
idrinth_wh2_main_skill_hef_combat_valour_of_ages	wh_main_effect_character_stat_weapon_strength	1	character_to_character_own	3.0000
idrinth_wh2_main_skill_hef_combat_valour_of_ages	wh2_main_effect_character_stat_weapon_strength_vs_forces_of_destruction	2	character_to_character_own	15.0000
idrinth_wh2_main_skill_hef_combat_valour_of_ages	wh_main_effect_character_stat_weapon_strength	2	character_to_character_own	8.0000
idrinth_wh2_main_skill_hef_generic_speed_of_asuryan	wh_main_effect_character_stat_melee_defence	1	character_to_character_own	3.0000
idrinth_wh2_main_skill_hef_generic_speed_of_asuryan	wh_main_effect_character_stat_speed	1	character_to_character_own	10.0000
idrinth_wh2_main_skill_hef_generic_warding_of_hoeth	wh_main_effect_character_stat_magic_resistance	1	character_to_character_own	10.0000
idrinth_wh2_main_skill_hef_generic_warding_of_loec	wh_main_effect_character_stat_missile_resistance	1	character_to_character_own	10.0000
idrinth_wh3_dlc24_skill_all_all_self_colossal_strike	wh3_dlc20_effect_healing_cap_modifier	1	character_to_character_own	10.0000
idrinth_wh3_dlc24_skill_all_all_self_colossal_strike	wh3_dlc24_effect_ability_enable_colossal_strike	1	character_to_character_own	1.0000
idrinth_wh_main_skill_all_all_self_blade_master	wh_main_effect_character_stat_melee_attack	1	character_to_character_own	3.0000
idrinth_wh_main_skill_all_all_self_blade_master	wh_main_effect_character_stat_melee_attack	2	character_to_character_own	7.0000
idrinth_wh_main_skill_all_all_self_blade_master	wh3_dlc20_effect_healing_cap_modifier	2	character_to_character_own	20.0000
idrinth_wh_main_skill_all_all_self_blade_master	wh3_dlc20_effect_healing_cap_modifier	1	character_to_character_own	10.0000
idrinth_wh_main_skill_all_all_self_blade_master	wh3_dlc20_effect_healing_cap_modifier	3	character_to_character_own	30.0000
idrinth_wh_main_skill_all_all_self_blade_master	wh_main_effect_character_stat_melee_attack	3	character_to_character_own	12.0000
idrinth_wh_main_skill_all_all_self_hard_to_hit	wh_main_effect_character_stat_melee_defence	1	character_to_character_own	3.0000
idrinth_wh_main_skill_all_all_self_hard_to_hit	wh_main_effect_character_stat_melee_defence	2	character_to_character_own	7.0000
idrinth_wh_main_skill_all_all_self_hard_to_hit	wh3_dlc20_effect_healing_cap_modifier	2	character_to_character_own	20.0000
idrinth_wh_main_skill_all_all_self_hard_to_hit	wh3_dlc20_effect_healing_cap_modifier	1	character_to_character_own	10.0000
idrinth_wh_main_skill_all_all_self_hard_to_hit	wh3_dlc20_effect_healing_cap_modifier	3	character_to_character_own	30.0000
idrinth_wh_main_skill_all_all_self_hard_to_hit	wh_main_effect_character_stat_melee_defence	3	character_to_character_own	12.0000
idrinth_wh_main_skill_all_dignitary_self_conviction	wh_main_effect_character_stat_leadership	1	character_to_character_own	2.0000
idrinth_wh_main_skill_all_dignitary_self_conviction	wh_main_effect_character_stat_leadership	2	character_to_character_own	5.0000
idrinth_wh_main_skill_all_dignitary_self_conviction	wh3_dlc20_effect_healing_cap_modifier	2	character_to_character_own	20.0000
idrinth_wh_main_skill_all_dignitary_self_conviction	wh3_dlc20_effect_healing_cap_modifier	1	character_to_character_own	10.0000
idrinth_wh_main_skill_all_dignitary_self_conviction	wh3_dlc20_effect_healing_cap_modifier	3	character_to_character_own	30.0000
idrinth_wh_main_skill_all_dignitary_self_conviction	wh_main_effect_character_stat_leadership	3	character_to_character_own	9.0000
idrinth_wh_main_skill_all_dignitary_self_fervour	wh_main_effect_character_stat_weapon_strength	1	character_to_character_own	5.0000
idrinth_wh_main_skill_all_dignitary_self_fervour	wh_main_effect_character_stat_weapon_strength	2	character_to_character_own	12.0000
idrinth_wh_main_skill_all_dignitary_self_fervour	wh3_dlc20_effect_healing_cap_modifier	2	character_to_character_own	20.0000
idrinth_wh_main_skill_all_dignitary_self_fervour	wh3_dlc20_effect_healing_cap_modifier	1	character_to_character_own	10.0000
idrinth_wh_main_skill_all_dignitary_self_fervour	wh3_dlc20_effect_healing_cap_modifier	3	character_to_character_own	30.0000
idrinth_wh_main_skill_all_dignitary_self_fervour	wh_main_effect_character_stat_weapon_strength	3	character_to_character_own	20.0000
idrinth_wh_main_skill_all_dignitary_self_inviolable_2	wh_main_effect_character_stat_armour	1	character_to_character_own	3.0000
idrinth_wh_main_skill_all_dignitary_self_inviolable_2	wh_main_effect_character_stat_armour	2	character_to_character_own	8.0000
idrinth_wh_main_skill_all_dignitary_self_inviolable_2	wh3_dlc20_effect_healing_cap_modifier	2	character_to_character_own	20.0000
idrinth_wh_main_skill_all_dignitary_self_inviolable_2	wh3_dlc20_effect_healing_cap_modifier	1	character_to_character_own	10.0000
idrinth_wh_main_skill_all_dignitary_self_inviolable_2	wh3_dlc20_effect_healing_cap_modifier	3	character_to_character_own	30.0000
idrinth_wh_main_skill_all_dignitary_self_inviolable_2	wh_main_effect_character_stat_armour	3	character_to_character_own	15.0000
idrinth_wh_main_skill_all_dignitary_self_tenacity_2	wh_main_effect_character_stat_unit_health	1	character_to_character_own	3.0000
idrinth_wh_main_skill_all_dignitary_self_tenacity_2	wh_main_effect_character_stat_unit_health	2	character_to_character_own	8.0000
idrinth_wh_main_skill_all_dignitary_self_tenacity_2	wh3_dlc20_effect_healing_cap_modifier	2	character_to_character_own	30.0000
idrinth_wh_main_skill_all_dignitary_self_tenacity_2	wh3_dlc20_effect_healing_cap_modifier	1	character_to_character_own	15.0000
idrinth_wh_main_skill_all_dignitary_self_tenacity_2	wh3_dlc20_effect_healing_cap_modifier	3	character_to_character_own	45.0000
idrinth_wh_main_skill_all_dignitary_self_tenacity_2	wh_main_effect_character_stat_unit_health	3	character_to_character_own	15.0000
idrinth_wh_main_skill_all_magic_all_06_evasion	wh3_dlc20_effect_healing_cap_modifier	1	character_to_character_own	10.0000
idrinth_wh_main_skill_all_magic_all_06_evasion	wh_main_effect_ability_enable_evasion	1	character_to_character_own	1.0000
idrinth_wh_main_skill_all_magic_all_07_earthing	wh3_dlc20_effect_healing_cap_modifier	1	character_to_character_own	10.0000
idrinth_wh_main_skill_all_magic_all_07_earthing	wh_main_effect_character_stat_miscast	1	character_to_character_own	-15.0000
idrinth_wh_main_skill_all_magic_all_08_power_drain	wh3_main_effect_winds_of_magic_pool_cap	3	character_to_force_own_unseen	16.0000
idrinth_wh_main_skill_all_magic_all_11_arcane_conduit	wh3_dlc20_effect_healing_cap_modifier	1	character_to_character_own	10.0000
idrinth_wh_main_skill_all_magic_all_11_arcane_conduit	wh_main_effect_ability_enable_arcane_conduit	1	character_to_character_own	1.0000
idrinth_wh_main_skill_vmp_dignitary_self_immortal_will	wh_main_effect_ability_enable_immortal_will	1	character_to_character_own	1.0000
idrinth_wh_main_skill_vmp_magic_vampires_01_invocation_of_nehek	wh2_main_effect_ability_overcast_invocation_of_nehek	1	character_to_character_own	1.0000
idrinth_wh_main_skill_vmp_magic_vampires_01_invocation_of_nehek	wh_main_effect_ability_cooldown_invocation_of_nehek	1	character_to_character_own	-30.0000
idrinth_wh_main_skill_vmp_magic_vampires_01_invocation_of_nehek	wh2_main_effect_ability_miscast_invocation_of_nehek_upgraded	2	character_to_character_own	-15.0000
idrinth_wh_main_skill_vmp_magic_vampires_01_invocation_of_nehek	wh2_main_effect_ability_overcast_invocation_of_nehek	2	character_to_character_own	1.0000
idrinth_wh_main_skill_vmp_magic_vampires_01_invocation_of_nehek	wh2_main_effect_ability_wom_cost_invocation_of_nehek	2	character_to_character_own	-1.0000
idrinth_wh_main_skill_vmp_magic_vampires_01_invocation_of_nehek	wh2_main_effect_ability_wom_cost_invocation_of_nehek_upgraded	2	character_to_character_own	-2.0000
idrinth_wh_main_skill_vmp_magic_vampires_01_invocation_of_nehek	wh_main_effect_ability_cooldown_invocation_of_nehek	2	character_to_character_own	-50.0000
idrinth_wh_main_skill_vmp_magic_vampires_02_vanhels_danse_macabre	wh_main_effect_ability_enable_vanhels_danse_macabre	1	character_to_character_own	1.0000
idrinth_wh_main_skill_vmp_magic_vampires_02_vanhels_danse_macabre	wh2_main_effect_ability_overcast_vanhels_danse_macabre	2	character_to_character_own	1.0000
idrinth_wh_main_skill_vmp_magic_vampires_02_vanhels_danse_macabre	wh_main_effect_ability_cooldown_vanhels_danse_macabre	2	character_to_character_own	-30.0000
idrinth_wh_main_skill_vmp_magic_vampires_02_vanhels_danse_macabre	wh2_main_effect_ability_miscast_vanhels_danse_macabre_upgraded	3	character_to_character_own	-15.0000
idrinth_wh_main_skill_vmp_magic_vampires_02_vanhels_danse_macabre	wh2_main_effect_ability_overcast_vanhels_danse_macabre	3	character_to_character_own	1.0000
idrinth_wh_main_skill_vmp_magic_vampires_02_vanhels_danse_macabre	wh2_main_effect_ability_wom_cost_vanhels_danse_macabre	3	character_to_character_own	-1.0000
idrinth_wh_main_skill_vmp_magic_vampires_02_vanhels_danse_macabre	wh2_main_effect_ability_wom_cost_vanhels_danse_macabre_upgraded	3	character_to_character_own	-2.0000
idrinth_wh_main_skill_vmp_magic_vampires_02_vanhels_danse_macabre	wh_main_effect_ability_cooldown_vanhels_danse_macabre	3	character_to_character_own	-50.0000
idrinth_wh_main_skill_vmp_magic_vampires_04_gaze_of_nagash	wh_main_effect_ability_enable_gaze_of_nagash	1	character_to_character_own	1.0000
idrinth_wh_main_skill_vmp_magic_vampires_04_gaze_of_nagash	wh2_main_effect_ability_overcast_gaze_of_nagash	2	character_to_character_own	1.0000
idrinth_wh_main_skill_vmp_magic_vampires_04_gaze_of_nagash	wh_main_effect_ability_cooldown_gaze_of_nagash	2	character_to_character_own	-30.0000
idrinth_wh_main_skill_vmp_magic_vampires_04_gaze_of_nagash	wh2_main_effect_ability_miscast_gaze_of_nagash_upgraded	3	character_to_character_own	-15.0000
idrinth_wh_main_skill_vmp_magic_vampires_04_gaze_of_nagash	wh2_main_effect_ability_overcast_gaze_of_nagash	3	character_to_character_own	1.0000
idrinth_wh_main_skill_vmp_magic_vampires_04_gaze_of_nagash	wh2_main_effect_ability_wom_cost_gaze_of_nagash	3	character_to_character_own	-2.0000
idrinth_wh_main_skill_vmp_magic_vampires_04_gaze_of_nagash	wh2_main_effect_ability_wom_cost_gaze_of_nagash_upgraded	3	character_to_character_own	-3.0000
idrinth_wh_main_skill_vmp_magic_vampires_04_gaze_of_nagash	wh_main_effect_ability_cooldown_gaze_of_nagash	3	character_to_character_own	-50.0000
idrinth_wh_main_skill_vmp_magic_vampires_09_curse_of_years	wh_main_effect_ability_enable_curse_of_years	1	character_to_character_own	1.0000
idrinth_wh_main_skill_vmp_magic_vampires_09_curse_of_years	wh2_main_effect_ability_wom_cost_curse_of_years	2	character_to_character_own	-2.0000
idrinth_wh_main_skill_vmp_magic_vampires_09_curse_of_years	wh_main_effect_ability_cooldown_curse_of_years	2	character_to_character_own	-50.0000
idrinth_wh_main_skill_vmp_magic_vampires_09_curse_of_years	wh_main_effect_ability_enable_curse_of_years	2	character_to_character_own	1.0000
idrinth_wh_main_skill_vmp_magic_vampires_10_wind_of_death	wh_main_effect_ability_enable_wind_of_death	1	character_to_character_own	1.0000
idrinth_wh_main_skill_vmp_magic_vampires_10_wind_of_death	wh2_main_effect_ability_overcast_wind_of_death	2	character_to_character_own	1.0000
idrinth_wh_main_skill_vmp_magic_vampires_10_wind_of_death	wh_main_effect_ability_cooldown_wind_of_death	2	character_to_character_own	-30.0000
idrinth_wh_main_skill_vmp_magic_vampires_10_wind_of_death	wh2_main_effect_ability_miscast_wind_of_death_upgraded	3	character_to_character_own	-15.0000
idrinth_wh_main_skill_vmp_magic_vampires_10_wind_of_death	wh2_main_effect_ability_overcast_wind_of_death	3	character_to_character_own	1.0000
idrinth_wh_main_skill_vmp_magic_vampires_10_wind_of_death	wh2_main_effect_ability_wom_cost_wind_of_death	3	character_to_character_own	-3.0000
idrinth_wh_main_skill_vmp_magic_vampires_10_wind_of_death	wh2_main_effect_ability_wom_cost_wind_of_death_upgraded	3	character_to_character_own	-4.0000
idrinth_wh_main_skill_vmp_magic_vampires_10_wind_of_death	wh_main_effect_ability_cooldown_wind_of_death	3	character_to_character_own	-50.0000
idrinth_wh_main_skill_vmp_magic_vampires_01_invocation_of_nehek	wh2_main_effect_agent_action_passive_spread_corruption_buff_vmp	1	character_to_character_own	0.5000
idrinth_wh_main_skill_vmp_magic_vampires_01_invocation_of_nehek	wh3_main_effect_agent_action_passive_spread_corruption_vampiric_effect	1	character_to_province_any	0.5000
idrinth_wh_main_skill_vmp_magic_vampires_01_invocation_of_nehek	wh2_main_effect_agent_action_passive_spread_corruption_buff_vmp	2	character_to_character_own	0.7500
idrinth_wh_main_skill_vmp_magic_vampires_01_invocation_of_nehek	wh3_main_effect_agent_action_passive_spread_corruption_vampiric_effect	2	character_to_province_any	0.7500
idrinth_wh_main_skill_vmp_magic_vampires_01_invocation_of_nehek	wh2_main_effect_agent_action_passive_spread_corruption_buff_vmp	3	character_to_character_own	1.0000
idrinth_wh_main_skill_vmp_magic_vampires_01_invocation_of_nehek	wh3_main_effect_agent_action_passive_spread_corruption_vampiric_effect	3	character_to_province_any	1.0000
idrinth_wh_main_skill_vmp_magic_vampires_02_vanhels_danse_macabre	wh2_main_effect_agent_action_passive_spread_corruption_buff_vmp	1	character_to_character_own	0.5000
idrinth_wh_main_skill_vmp_magic_vampires_02_vanhels_danse_macabre	wh3_main_effect_agent_action_passive_spread_corruption_vampiric_effect	1	character_to_province_any	0.5000
idrinth_wh_main_skill_vmp_magic_vampires_02_vanhels_danse_macabre	wh2_main_effect_agent_action_passive_spread_corruption_buff_vmp	2	character_to_character_own	0.7500
idrinth_wh_main_skill_vmp_magic_vampires_02_vanhels_danse_macabre	wh3_main_effect_agent_action_passive_spread_corruption_vampiric_effect	2	character_to_province_any	0.7500
idrinth_wh_main_skill_vmp_magic_vampires_02_vanhels_danse_macabre	wh2_main_effect_agent_action_passive_spread_corruption_buff_vmp	3	character_to_character_own	1.0000
idrinth_wh_main_skill_vmp_magic_vampires_02_vanhels_danse_macabre	wh3_main_effect_agent_action_passive_spread_corruption_vampiric_effect	3	character_to_province_any	1.0000
idrinth_wh_main_skill_vmp_magic_vampires_04_gaze_of_nagash	wh3_main_effect_agent_action_passive_spread_corruption_vampiric_effect	1	character_to_province_any	0.5000
idrinth_wh_main_skill_vmp_magic_vampires_04_gaze_of_nagash	wh2_main_effect_agent_action_passive_spread_corruption_buff_vmp	1	character_to_character_own	0.5000
idrinth_wh_main_skill_vmp_magic_vampires_04_gaze_of_nagash	wh3_main_effect_agent_action_passive_spread_corruption_vampiric_effect	2	character_to_province_any	0.7500
idrinth_wh_main_skill_vmp_magic_vampires_04_gaze_of_nagash	wh2_main_effect_agent_action_passive_spread_corruption_buff_vmp	2	character_to_character_own	0.7500
idrinth_wh_main_skill_vmp_magic_vampires_04_gaze_of_nagash	wh3_main_effect_agent_action_passive_spread_corruption_vampiric_effect	3	character_to_province_any	1.0000
idrinth_wh_main_skill_vmp_magic_vampires_04_gaze_of_nagash	wh2_main_effect_agent_action_passive_spread_corruption_buff_vmp	3	character_to_character_own	1.0000
idrinth_wh_main_skill_vmp_magic_vampires_09_curse_of_years	wh2_main_effect_agent_action_passive_spread_corruption_buff_vmp	1	character_to_character_own	0.5000
idrinth_wh_main_skill_vmp_magic_vampires_09_curse_of_years	wh3_main_effect_agent_action_passive_spread_corruption_vampiric_effect	1	character_to_province_any	0.5000
idrinth_wh_main_skill_vmp_magic_vampires_09_curse_of_years	wh2_main_effect_agent_action_passive_spread_corruption_buff_vmp	2	character_to_character_own	0.7500
idrinth_wh_main_skill_vmp_magic_vampires_09_curse_of_years	wh3_main_effect_agent_action_passive_spread_corruption_vampiric_effect	2	character_to_province_any	0.7500
idrinth_wh_main_skill_vmp_magic_vampires_09_curse_of_years	wh2_main_effect_agent_action_passive_spread_corruption_buff_vmp	3	character_to_character_own	1.0000
idrinth_wh_main_skill_vmp_magic_vampires_09_curse_of_years	wh3_main_effect_agent_action_passive_spread_corruption_vampiric_effect	3	character_to_province_any	1.0000
idrinth_wh_main_skill_vmp_magic_vampires_10_wind_of_death	wh2_main_effect_agent_action_passive_spread_corruption_buff_vmp	1	character_to_character_own	0.5000
idrinth_wh_main_skill_vmp_magic_vampires_10_wind_of_death	wh3_main_effect_agent_action_passive_spread_corruption_vampiric_effect	1	character_to_province_any	0.5000
idrinth_wh_main_skill_vmp_magic_vampires_10_wind_of_death	wh2_main_effect_agent_action_passive_spread_corruption_buff_vmp	2	character_to_character_own	0.7500
idrinth_wh_main_skill_vmp_magic_vampires_10_wind_of_death	wh3_main_effect_agent_action_passive_spread_corruption_vampiric_effect	2	character_to_province_any	0.7500
idrinth_wh_main_skill_vmp_magic_vampires_10_wind_of_death	wh2_main_effect_agent_action_passive_spread_corruption_buff_vmp	3	character_to_character_own	1.0000
idrinth_wh_main_skill_vmp_magic_vampires_10_wind_of_death	wh3_main_effect_agent_action_passive_spread_corruption_vampiric_effect	3	character_to_province_any	1.0000
idrinth_wh2_main_skill_hef_combat_valour_of_ages	wh2_main_effect_character_stat_weapon_strength_vs_forces_of_destruction	3	character_to_character_own	25.0000
idrinth_wh2_main_skill_hef_combat_valour_of_ages	wh_main_effect_character_stat_weapon_strength	3	character_to_character_own	15.0000
idrinth_campaign_actions_dummy	wh_main_effect_ability_enable_the_hunger	1	character_to_character_own	1.0000
idrinth_campaign_actions_dummy	wh_main_ignore_replenishment_cap	1	character_to_character_own	1.0000
idrinth_campaign_actions_dummy	wh2_main_effect_grant_immortality_hero	1	character_to_character_own	1.0000
idrinth_campaign_actions_dummy	wh3_dlc20_effect_healing_cap_modifier	1	character_to_character_own	10.0000
idrinth_campaign_actions_dummy	wh_main_effect_character_wound_recovery_time_mod	1	character_to_character_own	-1.0000
idrinth_campaign_actions_dummy_general	wh_main_effect_character_wound_recovery_time_mod	1	character_to_character_own	-1.0000
idrinth_campaign_actions_dummy	idrinth_effect_agent_action_enable_passive_stimulate_growth	1	character_to_character_own	1.0000
idrinth_campaign_actions_dummy	wh_main_effect_province_growth_characters	1	character_to_province_any	-1.0000
idrinth_wh_main_skill_vmp_magic_vampires_01_invocation_of_nehek	wh3_main_effect_winds_of_magic_pool_cap	3	character_to_force_own_unseen	3.0000
idrinth_wh_main_skill_vmp_magic_vampires_01_invocation_of_nehek	wh3_main_effect_winds_of_magic_pool_min	3	character_to_force_own_unseen	1.0000
idrinth_wh_main_skill_vmp_magic_vampires_01_invocation_of_nehek	wh3_main_effect_winds_of_magic_character	3	character_to_force_own_unseen	1.0000
idrinth_wh_main_skill_vmp_magic_vampires_02_vanhels_danse_macabre	wh3_main_effect_winds_of_magic_pool_cap	3	character_to_force_own_unseen	3.0000
idrinth_wh_main_skill_vmp_magic_vampires_02_vanhels_danse_macabre	wh3_main_effect_winds_of_magic_pool_min	3	character_to_force_own_unseen	1.0000
idrinth_wh_main_skill_vmp_magic_vampires_02_vanhels_danse_macabre	wh3_main_effect_winds_of_magic_character	3	character_to_force_own_unseen	1.0000
idrinth_wh_main_skill_vmp_magic_vampires_04_gaze_of_nagash	wh3_main_effect_winds_of_magic_pool_cap	3	character_to_force_own_unseen	3.0000
idrinth_wh_main_skill_vmp_magic_vampires_04_gaze_of_nagash	wh3_main_effect_winds_of_magic_pool_min	3	character_to_force_own_unseen	1.0000
idrinth_wh_main_skill_vmp_magic_vampires_04_gaze_of_nagash	wh3_main_effect_winds_of_magic_character	3	character_to_force_own_unseen	1.0000
idrinth_wh_main_skill_vmp_magic_vampires_09_curse_of_years	wh3_main_effect_winds_of_magic_pool_cap	3	character_to_force_own_unseen	3.0000
idrinth_wh_main_skill_vmp_magic_vampires_09_curse_of_years	wh3_main_effect_winds_of_magic_pool_min	3	character_to_force_own_unseen	1.0000
idrinth_wh_main_skill_vmp_magic_vampires_09_curse_of_years	wh3_main_effect_winds_of_magic_character	3	character_to_force_own_unseen	1.0000
idrinth_wh_main_skill_vmp_magic_vampires_10_wind_of_death	wh3_main_effect_winds_of_magic_pool_cap	3	character_to_force_own_unseen	3.0000
idrinth_wh_main_skill_vmp_magic_vampires_10_wind_of_death	wh3_main_effect_winds_of_magic_pool_min	3	character_to_force_own_unseen	1.0000
idrinth_wh_main_skill_vmp_magic_vampires_10_wind_of_death	wh3_main_effect_winds_of_magic_character	3	character_to_force_own_unseen	1.0000
idrinth_wh_main_skill_vmp_dignitary_self_immortal_will	wh2_main_effect_agent_action_passive_spread_corruption_buff_vmp	1	character_to_character_own	1.5000
idrinth_wh_main_skill_all_magic_all_08_power_drain	wh3_main_effect_winds_of_magic_pool_cap	2	character_to_force_own_unseen	9.0000
idrinth_wh_main_skill_all_magic_all_08_power_drain	wh3_dlc20_effect_healing_cap_modifier	2	character_to_character_own	20.0000
idrinth_wh_main_skill_all_magic_all_08_power_drain	wh3_dlc20_effect_healing_cap_modifier	3	character_to_character_own	30.0000
idrinth_wh_main_skill_all_magic_all_08_power_drain	wh3_dlc20_effect_healing_cap_modifier	1	character_to_character_own	10.0000
idrinth_wh_main_skill_all_magic_all_08_power_drain	wh3_main_effect_winds_of_magic_pool_cap	1	character_to_force_own_unseen	4.0000
idrinth_wh2_main_skill_hef_generic_speed_of_asuryan	wh_main_effect_character_stat_melee_defence	2	character_to_character_own	7.0000
idrinth_wh2_main_skill_hef_generic_speed_of_asuryan	wh_main_effect_character_stat_speed	2	character_to_character_own	25.0000
idrinth_wh2_main_skill_hef_generic_speed_of_asuryan	wh_main_effect_character_stat_melee_defence	3	character_to_character_own	12.0000
idrinth_wh2_main_skill_hef_generic_speed_of_asuryan	wh_main_effect_character_stat_speed	3	character_to_character_own	45.0000
idrinth_wh_main_skill_vmp_magic_vampires_01_invocation_of_nehek	wh2_main_effect_ability_miscast_invocation_of_nehek_upgraded	3	character_to_character_own	-25.0000
idrinth_wh_main_skill_vmp_magic_vampires_01_invocation_of_nehek	wh2_main_effect_ability_overcast_invocation_of_nehek	3	character_to_character_own	1.0000
idrinth_wh_main_skill_vmp_magic_vampires_01_invocation_of_nehek	wh2_main_effect_ability_wom_cost_invocation_of_nehek	3	character_to_character_own	-2.0000
idrinth_wh_main_skill_vmp_magic_vampires_01_invocation_of_nehek	wh2_main_effect_ability_wom_cost_invocation_of_nehek_upgraded	3	character_to_character_own	-5.0000
idrinth_wh_main_skill_vmp_magic_vampires_01_invocation_of_nehek	wh_main_effect_ability_cooldown_invocation_of_nehek	3	character_to_character_own	-70.0000
idrinth_wh_dlc05_skill_magic_shadow_enfeebling_foe	wh_dlc05_effect_ability_enable_enfeebling_foe	1	character_to_character_own	1.0000
idrinth_wh_dlc05_skill_magic_shadow_enfeebling_foe	wh2_main_effect_ability_overcast_melkoths_enfeebling_foe	2	character_to_character_own	1.0000
idrinth_wh_dlc05_skill_magic_shadow_enfeebling_foe	wh_dlc05_effect_ability_cooldown_enfeebling_foe	2	character_to_character_own	-30.0000
idrinth_wh_dlc05_skill_magic_shadow_enfeebling_foe	wh2_main_effect_ability_miscast_melkoths_enfeebling_foe_upgraded	3	character_to_character_own	-15.0000
idrinth_wh_dlc05_skill_magic_shadow_enfeebling_foe	wh2_main_effect_ability_overcast_melkoths_enfeebling_foe	3	character_to_character_own	1.0000
idrinth_wh_dlc05_skill_magic_shadow_enfeebling_foe	wh2_main_effect_ability_wom_cost_melkoths_enfeebling_foe	3	character_to_character_own	-1.0000
idrinth_wh_dlc05_skill_magic_shadow_enfeebling_foe	wh2_main_effect_ability_wom_cost_melkoths_enfeebling_foe_upgraded	3	character_to_character_own	-2.0000
idrinth_wh_dlc05_skill_magic_shadow_enfeebling_foe	wh_dlc05_effect_ability_cooldown_enfeebling_foe	3	character_to_character_own	-50.0000
idrinth_wh_dlc05_skill_magic_shadow_mystifying_miasma	wh2_main_effect_ability_overcast_melkoths_mystifying_miasma	1	character_to_character_own	1.0000
idrinth_wh_dlc05_skill_magic_shadow_mystifying_miasma	wh_dlc05_effect_ability_cooldown_melkoths_mystifying_miasma	1	character_to_character_own	-30.0000
idrinth_wh_dlc05_skill_magic_shadow_mystifying_miasma	wh2_main_effect_ability_miscast_melkoths_mystifying_miasma_upgraded	2	character_to_character_own	-15.0000
idrinth_wh_dlc05_skill_magic_shadow_mystifying_miasma	wh2_main_effect_ability_overcast_melkoths_mystifying_miasma	2	character_to_character_own	1.0000
idrinth_wh_dlc05_skill_magic_shadow_mystifying_miasma	wh2_main_effect_ability_wom_cost_melkoths_mystifying_miasma	2	character_to_character_own	-1.0000
idrinth_wh_dlc05_skill_magic_shadow_mystifying_miasma	wh2_main_effect_ability_wom_cost_melkoths_mystifying_miasma_upgraded	2	character_to_character_own	-2.0000
idrinth_wh_dlc05_skill_magic_shadow_mystifying_miasma	wh_dlc05_effect_ability_cooldown_melkoths_mystifying_miasma	2	character_to_character_own	-50.0000
idrinth_wh_dlc05_skill_magic_shadow_pit_of_shades	wh_dlc05_effect_ability_enable_pit_of_shades	1	character_to_character_own	1.0000
idrinth_wh_dlc05_skill_magic_shadow_pit_of_shades	wh2_main_effect_ability_overcast_pit_of_shades	2	character_to_character_own	1.0000
idrinth_wh_dlc05_skill_magic_shadow_pit_of_shades	wh_dlc05_effect_ability_cooldown_pit_of_shades	2	character_to_character_own	-30.0000
idrinth_wh_dlc05_skill_magic_shadow_pit_of_shades	wh2_main_effect_ability_miscast_pit_of_shades_upgraded	3	character_to_character_own	-15.0000
idrinth_wh_dlc05_skill_magic_shadow_pit_of_shades	wh2_main_effect_ability_overcast_pit_of_shades	3	character_to_character_own	1.0000
idrinth_wh_dlc05_skill_magic_shadow_pit_of_shades	wh2_main_effect_ability_wom_cost_pit_of_shades	3	character_to_character_own	-3.0000
idrinth_wh_dlc05_skill_magic_shadow_pit_of_shades	wh2_main_effect_ability_wom_cost_pit_of_shades_upgraded	3	character_to_character_own	-3.0000
idrinth_wh_dlc05_skill_magic_shadow_pit_of_shades	wh_dlc05_effect_ability_cooldown_pit_of_shades	3	character_to_character_own	-50.0000
idrinth_wh_dlc05_skill_magic_shadow_the_withering	wh_dlc05_effect_ability_enable_the_withering	1	character_to_character_own	1.0000
idrinth_wh_dlc05_skill_magic_shadow_the_withering	wh2_main_effect_ability_overcast_the_withering	2	character_to_character_own	1.0000
idrinth_wh_dlc05_skill_magic_shadow_the_withering	wh_dlc05_effect_ability_cooldown_the_withering	2	character_to_character_own	-30.0000
idrinth_wh_dlc05_skill_magic_shadow_the_withering	wh2_main_effect_ability_miscast_the_withering_upgraded	3	character_to_character_own	-15.0000
idrinth_wh_dlc05_skill_magic_shadow_the_withering	wh2_main_effect_ability_overcast_the_withering	3	character_to_character_own	1.0000
idrinth_wh_dlc05_skill_magic_shadow_the_withering	wh2_main_effect_ability_wom_cost_the_withering	3	character_to_character_own	-1.0000
idrinth_wh_dlc05_skill_magic_shadow_the_withering	wh2_main_effect_ability_wom_cost_the_withering_upgraded	3	character_to_character_own	-2.0000
idrinth_wh_dlc05_skill_magic_shadow_the_withering	wh_dlc05_effect_ability_cooldown_the_withering	3	character_to_character_own	-50.0000
idrinth_wh_main_skill_all_magic_death_01_spirit_leech	wh2_main_effect_ability_overcast_spirit_leech	1	character_to_character_own	1.0000
idrinth_wh_main_skill_all_magic_death_01_spirit_leech	wh_main_effect_ability_cooldown_spirit_leech	1	character_to_character_own	-30.0000
idrinth_wh_main_skill_all_magic_death_01_spirit_leech	wh2_main_effect_ability_miscast_spirit_leech_upgraded	2	character_to_character_own	-15.0000
idrinth_wh_main_skill_all_magic_death_01_spirit_leech	wh2_main_effect_ability_overcast_spirit_leech	2	character_to_character_own	1.0000
idrinth_wh_main_skill_all_magic_death_01_spirit_leech	wh2_main_effect_ability_wom_cost_spirit_leech	2	character_to_character_own	-2.0000
idrinth_wh_main_skill_all_magic_death_01_spirit_leech	wh2_main_effect_ability_wom_cost_spirit_leech_upgraded	2	character_to_character_own	-2.0000
idrinth_wh_main_skill_all_magic_death_01_spirit_leech	wh_main_effect_ability_cooldown_spirit_leech	2	character_to_character_own	-50.0000
idrinth_wh_main_skill_all_magic_death_04_soulblight	wh_main_effect_ability_enable_soulblight	1	character_to_character_own	1.0000
idrinth_wh_main_skill_all_magic_death_04_soulblight	wh2_main_effect_ability_overcast_soulblight	2	character_to_character_own	1.0000
idrinth_wh_main_skill_all_magic_death_04_soulblight	wh_main_effect_ability_cooldown_soulblight	2	character_to_character_own	-30.0000
idrinth_wh_main_skill_all_magic_death_04_soulblight	wh2_main_effect_ability_miscast_soulblight_upgraded	3	character_to_character_own	-15.0000
idrinth_wh_main_skill_all_magic_death_04_soulblight	wh2_main_effect_ability_overcast_soulblight	3	character_to_character_own	1.0000
idrinth_wh_main_skill_all_magic_death_04_soulblight	wh2_main_effect_ability_wom_cost_soulblight	3	character_to_character_own	-2.0000
idrinth_wh_main_skill_all_magic_death_04_soulblight	wh2_main_effect_ability_wom_cost_soulblight_upgraded	3	character_to_character_own	-3.0000
idrinth_wh_main_skill_all_magic_death_04_soulblight	wh_main_effect_ability_cooldown_soulblight	3	character_to_character_own	-50.0000
idrinth_wh_main_skill_all_magic_death_05_doom_and_darkness	wh_main_effect_ability_enable_doom_and_darkness	1	character_to_character_own	1.0000
idrinth_wh_main_skill_all_magic_death_05_doom_and_darkness	wh2_main_effect_ability_overcast_doom_and_darkness	2	character_to_character_own	1.0000
idrinth_wh_main_skill_all_magic_death_05_doom_and_darkness	wh_main_effect_ability_cooldown_doom_and_darkness	2	character_to_character_own	-30.0000
idrinth_wh_main_skill_all_magic_death_05_doom_and_darkness	wh2_main_effect_ability_miscast_doom_and_darkness_upgraded	3	character_to_character_own	-15.0000
idrinth_wh_main_skill_all_magic_death_05_doom_and_darkness	wh2_main_effect_ability_overcast_doom_and_darkness	3	character_to_character_own	1.0000
idrinth_wh_main_skill_all_magic_death_05_doom_and_darkness	wh2_main_effect_ability_wom_cost_doom_and_darkness	3	character_to_character_own	-1.0000
idrinth_wh_main_skill_all_magic_death_05_doom_and_darkness	wh2_main_effect_ability_wom_cost_doom_and_darkness_upgraded	3	character_to_character_own	-2.0000
idrinth_wh_main_skill_all_magic_death_05_doom_and_darkness	wh_main_effect_ability_cooldown_doom_and_darkness	3	character_to_character_own	-50.0000
idrinth_wh_main_skill_all_magic_death_09_the_fate_of_bjuna	wh_main_effect_ability_enable_the_fate_of_bjuna	1	character_to_character_own	1.0000
idrinth_wh_main_skill_all_magic_death_09_the_fate_of_bjuna	wh2_main_effect_ability_wom_cost_the_fate_of_bjuna	2	character_to_character_own	-3.0000
idrinth_wh_main_skill_all_magic_death_09_the_fate_of_bjuna	wh_main_effect_ability_cooldown_the_fate_of_bjuna	2	character_to_character_own	-50.0000
idrinth_wh_main_skill_all_magic_death_09_the_fate_of_bjuna	wh_main_effect_ability_enable_the_fate_of_bjuna	2	character_to_character_own	1.0000
idrinth_wh_dlc05_skill_magic_shadow_mystifying_miasma	wh2_main_effect_ability_overcast_melkoths_mystifying_miasma	3	character_to_character_own	1.0000
idrinth_wh_dlc05_skill_magic_shadow_mystifying_miasma	wh2_main_effect_ability_wom_cost_melkoths_mystifying_miasma	3	character_to_character_own	-2.0000
idrinth_wh_dlc05_skill_magic_shadow_mystifying_miasma	wh2_main_effect_ability_wom_cost_melkoths_mystifying_miasma_upgraded	3	character_to_character_own	-5.0000
idrinth_wh_dlc05_skill_magic_shadow_mystifying_miasma	wh_dlc05_effect_ability_cooldown_melkoths_mystifying_miasma	3	character_to_character_own	-70.0000
idrinth_wh_main_skill_all_magic_death_01_spirit_leech	wh2_main_effect_ability_miscast_spirit_leech_upgraded	3	character_to_character_own	-30.0000
idrinth_wh_main_skill_all_magic_death_01_spirit_leech	wh2_main_effect_ability_overcast_spirit_leech	3	character_to_character_own	1.0000
idrinth_wh_main_skill_all_magic_death_01_spirit_leech	wh2_main_effect_ability_wom_cost_spirit_leech	3	character_to_character_own	-5.0000
idrinth_wh_main_skill_all_magic_death_01_spirit_leech	wh2_main_effect_ability_wom_cost_spirit_leech_upgraded	3	character_to_character_own	-5.0000
idrinth_wh_main_skill_all_magic_death_01_spirit_leech	wh_main_effect_ability_cooldown_spirit_leech	3	character_to_character_own	-70.0000
idrinth_wh_main_skill_all_magic_death_09_the_fate_of_bjuna	wh2_main_effect_ability_wom_cost_the_fate_of_bjuna	3	character_to_character_own	-7.0000
idrinth_wh_main_skill_all_magic_death_09_the_fate_of_bjuna	wh_main_effect_ability_cooldown_the_fate_of_bjuna	3	character_to_character_own	-70.0000
idrinth_wh_main_skill_all_magic_death_09_the_fate_of_bjuna	wh_main_effect_ability_enable_the_fate_of_bjuna	3	character_to_character_own	1.0000
idrinth_wh_main_skill_all_magic_death_04_soulblight	wh3_main_effect_winds_of_magic_pool_cap	3	character_to_force_own_unseen	2.0000
idrinth_wh_main_skill_all_magic_death_04_soulblight	wh3_main_effect_winds_of_magic_pool_min	3	character_to_force_own_unseen	1.0000
idrinth_wh_main_skill_all_magic_death_04_soulblight	wh3_main_effect_winds_of_magic_character	3	character_to_force_own_unseen	0.5000
idrinth_wh_main_skill_all_magic_death_05_doom_and_darkness	wh3_main_effect_winds_of_magic_pool_cap	3	character_to_force_own_unseen	2.0000
idrinth_wh_main_skill_all_magic_death_05_doom_and_darkness	wh3_main_effect_winds_of_magic_pool_min	3	character_to_force_own_unseen	1.0000
idrinth_wh_main_skill_all_magic_death_05_doom_and_darkness	wh3_dlc20_effect_healing_cap_modifier	1	character_to_character_own	10.0000
idrinth_wh_main_skill_all_magic_death_05_doom_and_darkness	wh3_dlc20_effect_healing_cap_modifier	2	character_to_character_own	20.0000
idrinth_wh_main_skill_all_magic_death_05_doom_and_darkness	wh3_dlc20_effect_healing_cap_modifier	3	character_to_character_own	30.0000
idrinth_wh_main_skill_all_magic_death_05_doom_and_darkness	wh3_main_effect_winds_of_magic_character	3	character_to_force_own_unseen	0.5000
idrinth_wh_main_skill_all_magic_death_09_the_fate_of_bjuna	wh3_main_effect_winds_of_magic_pool_cap	3	character_to_force_own_unseen	2.0000
idrinth_wh_main_skill_all_magic_death_09_the_fate_of_bjuna	wh3_main_effect_winds_of_magic_pool_min	3	character_to_force_own_unseen	1.0000
idrinth_wh_main_skill_all_magic_death_09_the_fate_of_bjuna	wh3_main_effect_winds_of_magic_character	3	character_to_force_own_unseen	0.5000
idrinth_wh_main_skill_all_magic_death_01_spirit_leech	wh3_main_effect_winds_of_magic_pool_cap	3	character_to_force_own_unseen	2.0000
idrinth_wh_main_skill_all_magic_death_01_spirit_leech	wh3_main_effect_winds_of_magic_pool_min	3	character_to_force_own_unseen	1.0000
idrinth_wh_main_skill_all_magic_death_01_spirit_leech	wh3_dlc20_effect_healing_cap_modifier	1	character_to_character_own	10.0000
idrinth_wh_main_skill_all_magic_death_01_spirit_leech	wh3_dlc20_effect_healing_cap_modifier	2	character_to_character_own	20.0000
idrinth_wh_main_skill_all_magic_death_01_spirit_leech	wh3_dlc20_effect_healing_cap_modifier	3	character_to_character_own	30.0000
idrinth_wh_main_skill_all_magic_death_01_spirit_leech	wh3_main_effect_winds_of_magic_character	3	character_to_force_own_unseen	0.5000
idrinth_wh_dlc05_skill_magic_shadow_enfeebling_foe	wh3_main_effect_winds_of_magic_pool_cap	3	character_to_force_own_unseen	2.0000
idrinth_wh_dlc05_skill_magic_shadow_enfeebling_foe	wh3_main_effect_winds_of_magic_pool_min	3	character_to_force_own_unseen	1.0000
idrinth_wh_dlc05_skill_magic_shadow_enfeebling_foe	wh3_dlc20_effect_healing_cap_modifier	2	character_to_character_own	20.0000
idrinth_wh_dlc05_skill_magic_shadow_enfeebling_foe	wh3_dlc20_effect_healing_cap_modifier	1	character_to_character_own	10.0000
idrinth_wh_dlc05_skill_magic_shadow_enfeebling_foe	wh3_dlc20_effect_healing_cap_modifier	3	character_to_character_own	30.0000
idrinth_wh_dlc05_skill_magic_shadow_enfeebling_foe	wh3_main_effect_winds_of_magic_character	3	character_to_force_own_unseen	0.5000
idrinth_wh_dlc05_skill_magic_shadow_mystifying_miasma	wh3_main_effect_winds_of_magic_pool_cap	3	character_to_force_own_unseen	2.0000
idrinth_wh_dlc05_skill_magic_shadow_mystifying_miasma	wh3_main_effect_winds_of_magic_pool_min	3	character_to_force_own_unseen	1.0000
idrinth_wh_dlc05_skill_magic_shadow_mystifying_miasma	wh3_dlc20_effect_healing_cap_modifier	2	character_to_character_own	20.0000
idrinth_wh_dlc05_skill_magic_shadow_mystifying_miasma	wh3_dlc20_effect_healing_cap_modifier	1	character_to_character_own	10.0000
idrinth_wh_dlc05_skill_magic_shadow_mystifying_miasma	wh3_dlc20_effect_healing_cap_modifier	3	character_to_character_own	30.0000
idrinth_wh_dlc05_skill_magic_shadow_mystifying_miasma	wh3_main_effect_winds_of_magic_character	3	character_to_force_own_unseen	0.5000
idrinth_wh_dlc05_skill_magic_shadow_pit_of_shades	wh3_main_effect_winds_of_magic_pool_cap	3	character_to_force_own_unseen	2.0000
idrinth_wh_dlc05_skill_magic_shadow_pit_of_shades	wh3_main_effect_winds_of_magic_pool_min	3	character_to_force_own_unseen	1.0000
idrinth_wh_dlc05_skill_magic_shadow_pit_of_shades	wh3_dlc20_effect_healing_cap_modifier	2	character_to_character_own	20.0000
idrinth_wh_dlc05_skill_magic_shadow_pit_of_shades	wh3_dlc20_effect_healing_cap_modifier	1	character_to_character_own	10.0000
idrinth_wh_dlc05_skill_magic_shadow_pit_of_shades	wh3_dlc20_effect_healing_cap_modifier	3	character_to_character_own	30.0000
idrinth_wh_dlc05_skill_magic_shadow_pit_of_shades	wh3_main_effect_winds_of_magic_character	3	character_to_force_own_unseen	0.5000
idrinth_wh_dlc05_skill_magic_shadow_the_withering	wh3_main_effect_winds_of_magic_pool_cap	3	character_to_force_own_unseen	2.0000
idrinth_wh_dlc05_skill_magic_shadow_the_withering	wh3_main_effect_winds_of_magic_pool_min	3	character_to_force_own_unseen	1.0000
idrinth_wh_dlc05_skill_magic_shadow_the_withering	wh3_dlc20_effect_healing_cap_modifier	2	character_to_character_own	20.0000
idrinth_wh_dlc05_skill_magic_shadow_the_withering	wh3_dlc20_effect_healing_cap_modifier	1	character_to_character_own	10.0000
idrinth_wh_dlc05_skill_magic_shadow_the_withering	wh3_dlc20_effect_healing_cap_modifier	3	character_to_character_own	30.0000
idrinth_wh_dlc05_skill_magic_shadow_the_withering	wh3_main_effect_winds_of_magic_character	3	character_to_force_own_unseen	0.5000
idrinth_wh_main_skill_vmp_magic_vampires_09_curse_of_years	wh_main_effect_ability_cooldown_curse_of_years	3	character_to_character_own	-70.0000
idrinth_wh_main_skill_vmp_magic_vampires_09_curse_of_years	wh_main_effect_ability_enable_curse_of_years	3	character_to_character_own	1.0000
idrinth_campaign_actions_dummy_general	idrinth_pooled_resource_khaine	1	character_to_faction_when_on_map_unseen	1.0000
idrinth_campaign_actions_dummy	idrinth_pooled_resource_khaine	1	character_to_faction_when_on_map_unseen	1.0000
idrinth_campaign_actions_dummy_general	idrinth_pooled_resource_kurnous	1	character_to_faction_when_on_map_unseen	1.0000
idrinth_campaign_actions_dummy	idrinth_pooled_resource_kurnous	1	character_to_faction_when_on_map_unseen	1.0000
idrinth_campaign_actions_dummy_general	idrinth_pooled_resource_asuryan	1	character_to_faction_when_on_map_unseen	1.0000
idrinth_campaign_actions_dummy	idrinth_pooled_resource_asuryan	1	character_to_faction_when_on_map_unseen	1.0000
idrinth_wh2_main_skill_hef_combat_valour_of_ages	wh3_main_effect_agent_action_passive_spread_corruption_reduction_effect	1	character_to_province_any	-0.5000
idrinth_wh2_main_skill_hef_combat_valour_of_ages	wh2_main_effect_agent_action_passive_spread_corruption_buff	1	character_to_character_own	0.5000
idrinth_wh2_main_skill_hef_combat_valour_of_ages	wh3_main_effect_agent_action_passive_spread_corruption_reduction_effect	2	character_to_province_any	-0.7500
idrinth_wh2_main_skill_hef_combat_valour_of_ages	wh2_main_effect_agent_action_passive_spread_corruption_buff	2	character_to_character_own	0.7500
idrinth_wh2_main_skill_hef_combat_valour_of_ages	wh3_main_effect_agent_action_passive_spread_corruption_reduction_effect	3	character_to_province_any	-1.0000
idrinth_wh2_main_skill_hef_combat_valour_of_ages	wh3_dlc20_effect_healing_cap_modifier	2	character_to_character_own	20.0000
idrinth_wh2_main_skill_hef_combat_valour_of_ages	wh3_dlc20_effect_healing_cap_modifier	1	character_to_character_own	10.0000
idrinth_wh2_main_skill_hef_combat_valour_of_ages	wh3_dlc20_effect_healing_cap_modifier	3	character_to_character_own	30.0000
idrinth_wh2_main_skill_hef_combat_valour_of_ages	wh2_main_effect_agent_action_passive_spread_corruption_buff	3	character_to_character_own	1.0000
idrinth_wh2_main_skill_hef_generic_speed_of_asuryan	wh3_main_effect_agent_action_passive_spread_corruption_reduction_effect	1	character_to_province_any	-0.5000
idrinth_wh2_main_skill_hef_generic_speed_of_asuryan	wh2_main_effect_agent_action_passive_spread_corruption_buff	1	character_to_character_own	0.5000
idrinth_wh2_main_skill_hef_generic_speed_of_asuryan	wh3_main_effect_agent_action_passive_spread_corruption_reduction_effect	2	character_to_province_any	-0.7500
idrinth_wh2_main_skill_hef_generic_speed_of_asuryan	wh2_main_effect_agent_action_passive_spread_corruption_buff	2	character_to_character_own	0.7500
idrinth_wh2_main_skill_hef_generic_speed_of_asuryan	wh3_main_effect_agent_action_passive_spread_corruption_reduction_effect	3	character_to_province_any	-1.0000
idrinth_wh2_main_skill_hef_generic_speed_of_asuryan	wh3_dlc20_effect_healing_cap_modifier	2	character_to_character_own	20.0000
idrinth_wh2_main_skill_hef_generic_speed_of_asuryan	wh3_dlc20_effect_healing_cap_modifier	1	character_to_character_own	10.0000
idrinth_wh2_main_skill_hef_generic_speed_of_asuryan	wh3_dlc20_effect_healing_cap_modifier	3	character_to_character_own	30.0000
idrinth_wh2_main_skill_hef_generic_speed_of_asuryan	wh2_main_effect_agent_action_passive_spread_corruption_buff	3	character_to_character_own	1.0000
idrinth_wh2_main_skill_hef_generic_warding_of_hoeth	wh3_main_effect_agent_action_passive_spread_corruption_reduction_effect	1	character_to_province_any	-25.0000
idrinth_wh2_main_skill_hef_generic_warding_of_hoeth	wh3_dlc20_effect_healing_cap_modifier	1	character_to_character_own	15.0000
idrinth_wh2_main_skill_hef_generic_warding_of_hoeth	wh2_main_effect_agent_action_passive_spread_corruption_buff	1	character_to_character_own	0.2500
idrinth_wh2_main_skill_hef_generic_warding_of_loec	wh3_main_effect_agent_action_passive_spread_corruption_reduction_effect	1	character_to_province_any	-0.2500
idrinth_wh2_main_skill_hef_generic_warding_of_loec	wh3_dlc20_effect_healing_cap_modifier	1	character_to_character_own	15.0000
idrinth_wh2_main_skill_hef_generic_warding_of_loec	wh2_main_effect_agent_action_passive_spread_corruption_buff	1	character_to_character_own	0.2500
idrinth_wh_main_skill_vmp_dignitary_self_immortal_will	wh3_main_effect_agent_action_passive_spread_corruption_vampiric_effect	1	character_to_character_own	1.5000
idrinth_wh_main_skill_vmp_dignitary_self_immortal_will	wh_main_effect_province_growth_characters	1	character_to_province_any	-5.0000
idrinth_wh_main_skill_vmp_magic_vampires_01_invocation_of_nehek	wh_main_effect_province_growth_characters	1	character_to_province_any	-1.0000
idrinth_wh_main_skill_vmp_magic_vampires_01_invocation_of_nehek	wh_main_effect_province_growth_characters	2	character_to_province_any	-2.0000
idrinth_wh_main_skill_vmp_magic_vampires_01_invocation_of_nehek	wh_main_effect_province_growth_characters	3	character_to_province_any	-3.0000
idrinth_wh_main_skill_vmp_magic_vampires_02_vanhels_danse_macabre	wh_main_effect_province_growth_characters	1	character_to_province_any	-1.0000
idrinth_wh_main_skill_vmp_magic_vampires_02_vanhels_danse_macabre	wh_main_effect_province_growth_characters	2	character_to_province_any	-2.0000
idrinth_wh_main_skill_vmp_magic_vampires_02_vanhels_danse_macabre	wh_main_effect_province_growth_characters	3	character_to_province_any	-3.0000
idrinth_wh_main_skill_vmp_magic_vampires_04_gaze_of_nagash	wh_main_effect_province_growth_characters	1	character_to_province_any	-1.0000
idrinth_wh_main_skill_vmp_magic_vampires_04_gaze_of_nagash	wh_main_effect_province_growth_characters	2	character_to_province_any	-2.0000
idrinth_wh_main_skill_vmp_magic_vampires_04_gaze_of_nagash	wh_main_effect_province_growth_characters	3	character_to_province_any	-3.0000
idrinth_wh_main_skill_vmp_magic_vampires_09_curse_of_years	wh_main_effect_province_growth_characters	1	character_to_province_any	-1.0000
idrinth_wh_main_skill_vmp_magic_vampires_09_curse_of_years	wh_main_effect_province_growth_characters	2	character_to_province_any	-2.0000
idrinth_wh_main_skill_vmp_magic_vampires_09_curse_of_years	wh_main_effect_province_growth_characters	3	character_to_province_any	-3.0000
idrinth_wh_main_skill_vmp_magic_vampires_10_wind_of_death	wh_main_effect_province_growth_characters	1	character_to_province_any	-1.0000
idrinth_wh_main_skill_vmp_magic_vampires_10_wind_of_death	wh_main_effect_province_growth_characters	2	character_to_province_any	-2.0000
idrinth_wh_main_skill_vmp_magic_vampires_10_wind_of_death	wh_main_effect_province_growth_characters	3	character_to_province_any	-3.0000
idrinth_campaign_actions_dummy	wh_main_faction_political_diplomacy_mod_vampire_counts	1	character_to_faction_when_on_map_unseen	10.0000
idrinth_campaign_actions_dummy	wh_main_faction_political_diplomacy_mod_empire	1	character_to_faction_when_on_map_unseen	5.0000
idrinth_campaign_actions_dummy	wh_dlc05_faction_political_diplomacy_mod_wood_elves	1	character_to_faction_when_on_map_unseen	10.0000
idrinth_campaign_actions_dummy	wh3_main_faction_political_diplomacy_mod_technology_chaos_beastmen_norsca	1	character_to_faction_when_on_map_unseen	-15.0000
idrinth_campaign_actions_dummy	wh3_main_faction_political_diplomacy_mod_kislev	1	character_to_faction_when_on_map_unseen	5.0000
idrinth_campaign_actions_dummy	wh2_main_faction_political_diplomacy_mod_high_elves	1	character_to_faction_when_on_map_unseen	15.0000
idrinth_wh_main_skill_vmp_magic_vampires_10_wind_of_death	wh3_dlc20_effect_healing_cap_modifier	3	character_to_character_own	60.0000
idrinth_wh_main_skill_vmp_magic_vampires_10_wind_of_death	wh3_dlc20_effect_healing_cap_modifier	1	character_to_character_own	20.0000
idrinth_wh_main_skill_vmp_magic_vampires_10_wind_of_death	wh3_dlc20_effect_healing_cap_modifier	2	character_to_character_own	40.0000
idrinth_wh_main_skill_vmp_magic_vampires_09_curse_of_years	wh3_dlc20_effect_healing_cap_modifier	3	character_to_character_own	60.0000
idrinth_wh_main_skill_vmp_magic_vampires_09_curse_of_years	wh3_dlc20_effect_healing_cap_modifier	1	character_to_character_own	20.0000
idrinth_wh_main_skill_vmp_magic_vampires_09_curse_of_years	wh3_dlc20_effect_healing_cap_modifier	2	character_to_character_own	40.0000
idrinth_wh_main_skill_vmp_magic_vampires_04_gaze_of_nagash	wh3_dlc20_effect_healing_cap_modifier	1	character_to_character_own	20.0000
idrinth_wh_main_skill_vmp_magic_vampires_04_gaze_of_nagash	wh3_dlc20_effect_healing_cap_modifier	2	character_to_character_own	40.0000
idrinth_wh_main_skill_vmp_magic_vampires_04_gaze_of_nagash	wh3_dlc20_effect_healing_cap_modifier	3	character_to_character_own	60.0000
idrinth_wh_main_skill_vmp_magic_vampires_02_vanhels_danse_macabre	wh3_dlc20_effect_healing_cap_modifier	1	character_to_character_own	20.0000
idrinth_wh_main_skill_vmp_magic_vampires_02_vanhels_danse_macabre	wh3_dlc20_effect_healing_cap_modifier	2	character_to_character_own	40.0000
idrinth_wh_main_skill_vmp_magic_vampires_02_vanhels_danse_macabre	wh3_dlc20_effect_healing_cap_modifier	3	character_to_character_own	60.0000
idrinth_wh_main_skill_vmp_magic_vampires_01_invocation_of_nehek	wh3_dlc20_effect_healing_cap_modifier	3	character_to_character_own	60.0000
idrinth_wh_main_skill_vmp_magic_vampires_01_invocation_of_nehek	wh3_dlc20_effect_healing_cap_modifier	2	character_to_character_own	40.0000
idrinth_wh_main_skill_vmp_magic_vampires_01_invocation_of_nehek	wh3_dlc20_effect_healing_cap_modifier	1	character_to_character_own	20.0000
idrinth_wh_main_skill_vmp_dignitary_self_immortal_will	wh3_dlc20_effect_healing_cap_modifier	1	character_to_character_own	20.0000
idrinth_wh_main_skill_all_magic_death_09_the_fate_of_bjuna	wh3_dlc20_effect_healing_cap_modifier	2	character_to_character_own	20.0000
idrinth_wh_main_skill_all_magic_death_09_the_fate_of_bjuna	wh3_dlc20_effect_healing_cap_modifier	3	character_to_character_own	30.0000
idrinth_wh_main_skill_all_magic_death_09_the_fate_of_bjuna	wh3_dlc20_effect_healing_cap_modifier	1	character_to_character_own	10.0000
idrinth_wh_main_skill_all_magic_death_04_soulblight	wh3_dlc20_effect_healing_cap_modifier	2	character_to_character_own	20.0000
idrinth_wh_main_skill_all_magic_death_04_soulblight	wh3_dlc20_effect_healing_cap_modifier	1	character_to_character_own	10.0000
idrinth_wh_main_skill_all_magic_death_04_soulblight	wh3_dlc20_effect_healing_cap_modifier	3	character_to_character_own	30.0000
idrinth_wh2_main_skill_all_hero_assist_army_training	idrinth_effect_upkeep_idrinth	2	character_to_character_own	10.0000
idrinth_wh2_main_skill_all_hero_assist_army_training	idrinth_effect_upkeep_idrinth	1	character_to_character_own	5.0000
idrinth_wh2_main_skill_all_hero_assist_army_training	idrinth_effect_upkeep_idrinth	3	character_to_character_own	15.0000
idrinth_wh2_main_skill_all_hero_hinder_agent_assassinate	idrinth_effect_upkeep_idrinth	2	character_to_character_own	10.0000
idrinth_wh2_main_skill_all_hero_hinder_agent_assassinate	idrinth_effect_upkeep_idrinth	1	character_to_character_own	5.0000
idrinth_wh2_main_skill_all_hero_hinder_agent_assassinate	idrinth_effect_upkeep_idrinth	3	character_to_character_own	15.0000
idrinth_wh2_main_skill_all_hero_hinder_army_assault_units	idrinth_effect_upkeep_idrinth	2	character_to_character_own	10.0000
idrinth_wh2_main_skill_all_hero_hinder_army_assault_units	idrinth_effect_upkeep_idrinth	1	character_to_character_own	5.0000
idrinth_wh2_main_skill_all_hero_hinder_army_assault_units	idrinth_effect_upkeep_idrinth	3	character_to_character_own	15.0000
idrinth_wh2_main_skill_all_hero_reduce_action_cost	idrinth_effect_upkeep_idrinth	1	character_to_character_own	5.0000
idrinth_wh2_main_skill_all_hero_reduce_action_cost	idrinth_effect_upkeep_idrinth	2	character_to_character_own	10.0000
idrinth_wh2_main_skill_all_hero_reduce_action_cost	idrinth_effect_upkeep_idrinth	3	character_to_character_own	15.0000
idrinth_wh3_dlc24_skill_all_all_self_colossal_strike	idrinth_effect_upkeep_idrinth	1	character_to_character_own	5.0000
idrinth_wh_main_skill_all_all_self_blade_master	idrinth_effect_upkeep_idrinth	2	character_to_character_own	10.0000
idrinth_wh_main_skill_all_all_self_blade_master	idrinth_effect_upkeep_idrinth	1	character_to_character_own	5.0000
idrinth_wh_main_skill_all_all_self_blade_master	idrinth_effect_upkeep_idrinth	3	character_to_character_own	15.0000
idrinth_wh_main_skill_all_all_self_hard_to_hit	idrinth_effect_upkeep_idrinth	2	character_to_character_own	10.0000
idrinth_wh_main_skill_all_all_self_hard_to_hit	idrinth_effect_upkeep_idrinth	1	character_to_character_own	5.0000
idrinth_wh_main_skill_all_all_self_hard_to_hit	idrinth_effect_upkeep_idrinth	3	character_to_character_own	15.0000
idrinth_wh_main_skill_all_dignitary_self_conviction	idrinth_effect_upkeep_idrinth	2	character_to_character_own	10.0000
idrinth_wh_main_skill_all_dignitary_self_conviction	idrinth_effect_upkeep_idrinth	1	character_to_character_own	5.0000
idrinth_wh_main_skill_all_dignitary_self_conviction	idrinth_effect_upkeep_idrinth	3	character_to_character_own	15.0000
idrinth_wh_main_skill_all_dignitary_self_fervour	idrinth_effect_upkeep_idrinth	2	character_to_character_own	10.0000
idrinth_wh_main_skill_all_dignitary_self_fervour	idrinth_effect_upkeep_idrinth	1	character_to_character_own	5.0000
idrinth_wh_main_skill_all_dignitary_self_fervour	idrinth_effect_upkeep_idrinth	3	character_to_character_own	15.0000
idrinth_wh_main_skill_all_dignitary_self_inviolable_2	idrinth_effect_upkeep_idrinth	2	character_to_character_own	10.0000
idrinth_wh_main_skill_all_dignitary_self_inviolable_2	idrinth_effect_upkeep_idrinth	1	character_to_character_own	5.0000
idrinth_wh_main_skill_all_dignitary_self_inviolable_2	idrinth_effect_upkeep_idrinth	3	character_to_character_own	15.0000
idrinth_wh_main_skill_all_dignitary_self_tenacity_2	idrinth_effect_upkeep_idrinth	2	character_to_character_own	10.0000
idrinth_wh_main_skill_all_dignitary_self_tenacity_2	idrinth_effect_upkeep_idrinth	1	character_to_character_own	5.0000
idrinth_wh_main_skill_all_dignitary_self_tenacity_2	idrinth_effect_upkeep_idrinth	3	character_to_character_own	15.0000
idrinth_wh_main_skill_all_magic_all_06_evasion	idrinth_effect_upkeep_idrinth	1	character_to_character_own	5.0000
idrinth_wh_main_skill_all_magic_all_07_earthing	idrinth_effect_upkeep_idrinth	1	character_to_character_own	5.0000
idrinth_wh_main_skill_all_magic_all_11_arcane_conduit	idrinth_effect_upkeep_idrinth	1	character_to_character_own	5.0000
idrinth_wh_main_skill_all_magic_all_08_power_drain	idrinth_effect_upkeep_idrinth	2	character_to_character_own	10.0000
idrinth_wh_main_skill_all_magic_all_08_power_drain	idrinth_effect_upkeep_idrinth	3	character_to_character_own	15.0000
idrinth_wh_main_skill_all_magic_all_08_power_drain	idrinth_effect_upkeep_idrinth	1	character_to_character_own	5.0000
idrinth_wh_main_skill_all_magic_death_05_doom_and_darkness	idrinth_effect_upkeep_idrinth	1	character_to_character_own	5.0000
idrinth_wh_main_skill_all_magic_death_05_doom_and_darkness	idrinth_effect_upkeep_idrinth	2	character_to_character_own	10.0000
idrinth_wh_main_skill_all_magic_death_05_doom_and_darkness	idrinth_effect_upkeep_idrinth	3	character_to_character_own	15.0000
idrinth_wh_main_skill_all_magic_death_01_spirit_leech	idrinth_effect_upkeep_idrinth	1	character_to_character_own	5.0000
idrinth_wh_main_skill_all_magic_death_01_spirit_leech	idrinth_effect_upkeep_idrinth	2	character_to_character_own	10.0000
idrinth_wh_main_skill_all_magic_death_01_spirit_leech	idrinth_effect_upkeep_idrinth	3	character_to_character_own	15.0000
idrinth_wh_dlc05_skill_magic_shadow_enfeebling_foe	idrinth_effect_upkeep_idrinth	2	character_to_character_own	10.0000
idrinth_wh_dlc05_skill_magic_shadow_enfeebling_foe	idrinth_effect_upkeep_idrinth	1	character_to_character_own	5.0000
idrinth_wh_dlc05_skill_magic_shadow_enfeebling_foe	idrinth_effect_upkeep_idrinth	3	character_to_character_own	15.0000
idrinth_wh_dlc05_skill_magic_shadow_mystifying_miasma	idrinth_effect_upkeep_idrinth	2	character_to_character_own	10.0000
idrinth_wh_dlc05_skill_magic_shadow_mystifying_miasma	idrinth_effect_upkeep_idrinth	1	character_to_character_own	5.0000
idrinth_wh_dlc05_skill_magic_shadow_mystifying_miasma	idrinth_effect_upkeep_idrinth	3	character_to_character_own	15.0000
idrinth_wh_dlc05_skill_magic_shadow_pit_of_shades	idrinth_effect_upkeep_idrinth	2	character_to_character_own	10.0000
idrinth_wh_dlc05_skill_magic_shadow_pit_of_shades	idrinth_effect_upkeep_idrinth	1	character_to_character_own	5.0000
idrinth_wh_dlc05_skill_magic_shadow_pit_of_shades	idrinth_effect_upkeep_idrinth	3	character_to_character_own	15.0000
idrinth_wh_dlc05_skill_magic_shadow_the_withering	idrinth_effect_upkeep_idrinth	2	character_to_character_own	10.0000
idrinth_wh_dlc05_skill_magic_shadow_the_withering	idrinth_effect_upkeep_idrinth	1	character_to_character_own	5.0000
idrinth_wh_dlc05_skill_magic_shadow_the_withering	idrinth_effect_upkeep_idrinth	3	character_to_character_own	15.0000
idrinth_wh2_main_skill_hef_combat_valour_of_ages	idrinth_effect_upkeep_idrinth	2	character_to_character_own	10.0000
idrinth_wh2_main_skill_hef_combat_valour_of_ages	idrinth_effect_upkeep_idrinth	1	character_to_character_own	5.0000
idrinth_wh2_main_skill_hef_combat_valour_of_ages	idrinth_effect_upkeep_idrinth	3	character_to_character_own	15.0000
idrinth_wh2_main_skill_hef_generic_speed_of_asuryan	idrinth_effect_upkeep_idrinth	2	character_to_character_own	10.0000
idrinth_wh2_main_skill_hef_generic_speed_of_asuryan	idrinth_effect_upkeep_idrinth	1	character_to_character_own	5.0000
idrinth_wh2_main_skill_hef_generic_speed_of_asuryan	idrinth_effect_upkeep_idrinth	3	character_to_character_own	15.0000
idrinth_wh2_main_skill_hef_generic_warding_of_hoeth	idrinth_effect_upkeep_idrinth	1	character_to_character_own	5.0000
idrinth_wh2_main_skill_hef_generic_warding_of_loec	idrinth_effect_upkeep_idrinth	1	character_to_character_own	5.0000
idrinth_wh_main_skill_vmp_magic_vampires_10_wind_of_death	idrinth_effect_upkeep_idrinth	3	character_to_character_own	15.0000
idrinth_wh_main_skill_vmp_magic_vampires_10_wind_of_death	idrinth_effect_upkeep_idrinth	1	character_to_character_own	5.0000
idrinth_wh_main_skill_vmp_magic_vampires_10_wind_of_death	idrinth_effect_upkeep_idrinth	2	character_to_character_own	10.0000
idrinth_wh_main_skill_vmp_magic_vampires_09_curse_of_years	idrinth_effect_upkeep_idrinth	3	character_to_character_own	15.0000
idrinth_wh_main_skill_vmp_magic_vampires_09_curse_of_years	idrinth_effect_upkeep_idrinth	1	character_to_character_own	5.0000
idrinth_wh_main_skill_vmp_magic_vampires_09_curse_of_years	idrinth_effect_upkeep_idrinth	2	character_to_character_own	10.0000
idrinth_wh_main_skill_vmp_magic_vampires_04_gaze_of_nagash	idrinth_effect_upkeep_idrinth	1	character_to_character_own	5.0000
idrinth_wh_main_skill_vmp_magic_vampires_04_gaze_of_nagash	idrinth_effect_upkeep_idrinth	2	character_to_character_own	10.0000
idrinth_wh_main_skill_vmp_magic_vampires_04_gaze_of_nagash	idrinth_effect_upkeep_idrinth	3	character_to_character_own	15.0000
idrinth_wh_main_skill_vmp_magic_vampires_02_vanhels_danse_macabre	idrinth_effect_upkeep_idrinth	1	character_to_character_own	5.0000
idrinth_wh_main_skill_vmp_magic_vampires_02_vanhels_danse_macabre	idrinth_effect_upkeep_idrinth	2	character_to_character_own	10.0000
idrinth_wh_main_skill_vmp_magic_vampires_02_vanhels_danse_macabre	idrinth_effect_upkeep_idrinth	3	character_to_character_own	15.0000
idrinth_wh_main_skill_vmp_magic_vampires_01_invocation_of_nehek	idrinth_effect_upkeep_idrinth	3	character_to_character_own	15.0000
idrinth_wh_main_skill_vmp_magic_vampires_01_invocation_of_nehek	idrinth_effect_upkeep_idrinth	2	character_to_character_own	10.0000
idrinth_wh_main_skill_vmp_magic_vampires_01_invocation_of_nehek	idrinth_effect_upkeep_idrinth	1	character_to_character_own	5.0000
idrinth_wh_main_skill_vmp_dignitary_self_immortal_will	idrinth_effect_upkeep_idrinth	1	character_to_character_own	5.0000
idrinth_wh_main_skill_all_magic_death_09_the_fate_of_bjuna	idrinth_effect_upkeep_idrinth	2	character_to_character_own	10.0000
idrinth_wh_main_skill_all_magic_death_09_the_fate_of_bjuna	idrinth_effect_upkeep_idrinth	3	character_to_character_own	15.0000
idrinth_wh_main_skill_all_magic_death_09_the_fate_of_bjuna	idrinth_effect_upkeep_idrinth	1	character_to_character_own	5.0000
idrinth_wh_main_skill_all_magic_death_04_soulblight	idrinth_effect_upkeep_idrinth	2	character_to_character_own	10.0000
idrinth_wh_main_skill_all_magic_death_04_soulblight	idrinth_effect_upkeep_idrinth	1	character_to_character_own	5.0000
idrinth_wh_main_skill_all_magic_death_04_soulblight	idrinth_effect_upkeep_idrinth	3	character_to_character_own	5.0000
idrinth_skill_magic_weapon_master	wh_main_effect_agent_field_line_of_sight_mod	1	character_to_character_own	5.0000
idrinth_skill_magic_weapon_master	wh_main_effect_character_mod_ancillary_drop	1	character_to_force_own_unseen	5.0000
idrinth_skill_magic_weapon_master	wh_main_effect_character_stat_melee_defence	1	character_to_character_own	3.0000
idrinth_skill_magic_weapon_master	wh_main_effect_character_stat_ap_damage	1	character_to_character_own	25.0000
idrinth_skill_magic_weapon_master	wh_main_effect_character_stat_melee_attack	1	character_to_character_own	5.0000
idrinth_skill_magic_weapon_master	wh_main_effect_character_stat_missile_damage	1	character_to_character_own	15.0000
idrinth_skill_magic_weapon_master	wh_main_effect_character_stat_reload_time_reduction	1	character_to_character_own	10.0000
idrinth_skill_magic_weapon_master	wh3_dlc26_effect_force_all_campaign_movement_range_post_defeat_lord	1	general_to_force_own	5.0000
idrinth_skill_magic_weapon_master	wh_main_effect_force_stat_leadership_enemy_unit	1	general_to_force_enemy_regionwide	-3.0000
idrinth_wh2_main_skill_hef_generic_warding_of_hoeth	wh3_main_effect_agent_action_passive_spread_corruption_reduction_effect	2	character_to_province_any	-0.5000
idrinth_wh2_main_skill_hef_generic_warding_of_hoeth	wh3_dlc20_effect_healing_cap_modifier	2	character_to_character_own	30.0000
idrinth_wh2_main_skill_hef_generic_warding_of_hoeth	wh2_main_effect_agent_action_passive_spread_corruption_buff	2	character_to_character_own	0.5000
idrinth_wh2_main_skill_hef_generic_warding_of_hoeth	wh3_main_effect_agent_action_passive_spread_corruption_reduction_effect	3	character_to_province_any	-0.7500
idrinth_wh2_main_skill_hef_generic_warding_of_hoeth	wh3_dlc20_effect_healing_cap_modifier	3	character_to_character_own	45.0000
idrinth_wh2_main_skill_hef_generic_warding_of_hoeth	wh2_main_effect_agent_action_passive_spread_corruption_buff	3	character_to_character_own	0.7500
idrinth_wh2_main_skill_hef_generic_warding_of_loec	wh3_main_effect_agent_action_passive_spread_corruption_reduction_effect	2	character_to_province_any	-0.5000
idrinth_wh2_main_skill_hef_generic_warding_of_loec	wh3_dlc20_effect_healing_cap_modifier	2	character_to_character_own	30.0000
idrinth_wh2_main_skill_hef_generic_warding_of_loec	wh2_main_effect_agent_action_passive_spread_corruption_buff	2	character_to_character_own	0.5000
idrinth_wh2_main_skill_hef_generic_warding_of_loec	idrinth_effect_upkeep_idrinth	2	character_to_character_own	10.0000
idrinth_wh2_main_skill_hef_generic_warding_of_loec	wh3_main_effect_agent_action_passive_spread_corruption_reduction_effect	3	character_to_province_any	-0.7500
idrinth_wh2_main_skill_hef_generic_warding_of_loec	wh3_dlc20_effect_healing_cap_modifier	3	character_to_character_own	45.0000
idrinth_wh2_main_skill_hef_generic_warding_of_loec	wh2_main_effect_agent_action_passive_spread_corruption_buff	3	character_to_character_own	0.7500
idrinth_wh2_main_skill_hef_generic_warding_of_loec	idrinth_effect_upkeep_idrinth	3	character_to_character_own	15.0000
idrinth_wh2_main_skill_hef_generic_warding_of_loec	wh_main_effect_character_stat_missile_resistance	2	character_to_character_own	15.0000
idrinth_wh2_main_skill_hef_generic_warding_of_loec	wh_main_effect_character_stat_missile_resistance	3	character_to_character_own	20.0000
idrinth_wh2_main_skill_hef_generic_warding_of_hoeth	wh_main_effect_character_stat_magic_resistance	2	character_to_character_own	15.0000
idrinth_wh2_main_skill_hef_generic_warding_of_hoeth	idrinth_effect_upkeep_idrinth	2	character_to_character_own	10.0000
idrinth_wh2_main_skill_hef_generic_warding_of_hoeth	wh_main_effect_character_stat_magic_resistance	3	character_to_character_own	20.0000
idrinth_wh2_main_skill_hef_generic_warding_of_hoeth	idrinth_effect_upkeep_idrinth	3	character_to_character_own	15.0000
idrinth_campaign_actions_dummy	idrinth_pooled_resource_khaine_good	1	character_to_faction_when_on_map_unseen	100.0000
idrinth_campaign_actions_dummy	idrinth_pooled_resource_kurnous_good	1	character_to_faction_when_on_map_unseen	100.0000
idrinth_campaign_actions_dummy	idrinth_pooled_resource_asuryan_good	1	character_to_faction_when_on_map_unseen	100.0000
idrinth_campaign_actions_dummy	idrinth_pooled_resource_khaine_bad	1	character_to_faction_when_on_map_unseen	-100.0000
idrinth_campaign_actions_dummy	idrinth_pooled_resource_kurnous_bad	1	character_to_faction_when_on_map_unseen	-100.0000
idrinth_campaign_actions_dummy	idrinth_pooled_resource_asuryan_bad	1	character_to_faction_when_on_map_unseen	-100.0000
idrinth_wh2_main_skill_all_hero_reduce_action_cost	wh2_main_effect_agent_action_success_chance_enemies_in_region	2	character_to_enemy_character_in_region	-4.0000
idrinth_wh2_main_skill_all_hero_reduce_action_cost	wh2_main_effect_agent_action_success_chance_enemies_in_region	1	character_to_enemy_character_in_region	-2.0000
idrinth_wh2_main_skill_all_hero_hinder_agent_assassinate	wh_main_effect_force_stat_weapon_strength	1	character_to_character_own	1.0000
idrinth_wh2_main_skill_all_hero_hinder_agent_assassinate	wh_main_effect_force_stat_weapon_strength	2	character_to_character_own	3.0000
idrinth_wh2_main_skill_all_hero_hinder_agent_assassinate	wh_main_effect_force_stat_weapon_strength	3	character_to_character_own	7.0000
idrinth_wh2_main_skill_all_hero_hinder_army_assault_units	wh_main_effect_force_stat_charge_bonus_pct	2	character_to_character_own	30.0000
idrinth_wh2_main_skill_all_hero_hinder_army_assault_units	wh_main_effect_force_stat_charge_bonus_pct	1	character_to_character_own	10.0000
idrinth_wh2_main_skill_all_hero_hinder_army_assault_units	wh_main_effect_force_stat_charge_bonus_pct	3	character_to_character_own	70.0000
idrinth_wh2_main_skill_all_hero_assist_army_training	wh_main_effect_force_stat_leadership	2	character_to_force_own	3.0000
idrinth_wh2_main_skill_all_hero_assist_army_training	wh_main_effect_force_stat_leadership	1	character_to_force_own	1.0000
idrinth_wh2_main_skill_all_hero_assist_army_training	wh_main_effect_force_stat_leadership	3	character_to_force_own	7.0000
idrinth_wh_dlc05_skill_wef_army_buff_ranged_ammunition	wh_main_effect_force_stat_ammunition	1	character_to_character_own	8.0000
idrinth_wh_dlc05_skill_wef_army_buff_ranged_ammunition	wh_main_effect_force_stat_ammunition	2	character_to_character_own	12.0000
idrinth_wh_dlc05_skill_wef_army_buff_ranged_ammunition	wh_main_effect_force_stat_ammunition	3	character_to_character_own	20.0000
idrinth_wh_dlc05_skill_wef_army_buff_ranged_extra_reload	wh_main_effect_force_stat_reload_time_reduction	1	character_to_character_own	4.0000
idrinth_wh_dlc05_skill_wef_army_buff_ranged_extra_reload	wh_main_effect_force_stat_reload_time_reduction	2	character_to_character_own	8.0000
idrinth_wh_dlc05_skill_wef_army_buff_ranged_extra_reload	wh_main_effect_force_stat_reload_time_reduction	3	character_to_character_own	12.0000
idrinth_wh_dlc05_skill_wef_army_buff_ranged_missile_damage	wh_main_effect_force_stat_missile_damage	1	character_to_character_own	6.0000
idrinth_wh_dlc05_skill_wef_army_buff_ranged_missile_damage	wh_main_effect_force_stat_missile_damage	2	character_to_character_own	12.0000
idrinth_wh_dlc05_skill_wef_army_buff_ranged_missile_damage	wh_main_effect_force_stat_missile_damage	3	character_to_character_own	18.0000
idrinth_wh_dlc05_skill_wef_general_personal_buff_ranged_ability_high_tier_killer_1	wh_dlc05_effect_ability_enable_arrow_of_kurnous	1	character_to_character_own	1.0000
idrinth_wh_dlc05_skill_wef_army_buff_ranged_ammunition	idrinth_effect_upkeep_idrinth	1	character_to_character_own	5.0000
idrinth_wh_dlc05_skill_wef_army_buff_ranged_ammunition	idrinth_effect_upkeep_idrinth	2	character_to_character_own	10.0000
idrinth_wh_dlc05_skill_wef_army_buff_ranged_ammunition	idrinth_effect_upkeep_idrinth	3	character_to_character_own	15.0000
idrinth_wh_dlc05_skill_wef_army_buff_ranged_extra_reload	idrinth_effect_upkeep_idrinth	1	character_to_character_own	5.0000
idrinth_wh_dlc05_skill_wef_army_buff_ranged_extra_reload	idrinth_effect_upkeep_idrinth	2	character_to_character_own	10.0000
idrinth_wh_dlc05_skill_wef_army_buff_ranged_extra_reload	idrinth_effect_upkeep_idrinth	3	character_to_character_own	15.0000
idrinth_wh_dlc05_skill_wef_army_buff_ranged_missile_damage	idrinth_effect_upkeep_idrinth	1	character_to_character_own	5.0000
idrinth_wh_dlc05_skill_wef_army_buff_ranged_missile_damage	idrinth_effect_upkeep_idrinth	2	character_to_character_own	10.0000
idrinth_wh_dlc05_skill_wef_army_buff_ranged_missile_damage	idrinth_effect_upkeep_idrinth	3	character_to_character_own	15.0000
idrinth_wh_dlc05_skill_wef_general_personal_buff_ranged_ability_high_tier_killer_1	idrinth_effect_upkeep_idrinth	1	character_to_character_own	5.0000
idrinth_wh_dlc05_skill_wef_army_buff_ranged_ammunition	wh3_dlc20_effect_healing_cap_modifier	1	character_to_character_own	10.0000
idrinth_wh_dlc05_skill_wef_army_buff_ranged_ammunition	wh3_dlc20_effect_healing_cap_modifier	2	character_to_character_own	20.0000
idrinth_wh_dlc05_skill_wef_army_buff_ranged_ammunition	wh3_dlc20_effect_healing_cap_modifier	3	character_to_character_own	30.0000
idrinth_wh_dlc05_skill_wef_army_buff_ranged_extra_reload	wh3_dlc20_effect_healing_cap_modifier	1	character_to_character_own	10.0000
idrinth_wh_dlc05_skill_wef_army_buff_ranged_extra_reload	wh3_dlc20_effect_healing_cap_modifier	2	character_to_character_own	20.0000
idrinth_wh_dlc05_skill_wef_army_buff_ranged_extra_reload	wh3_dlc20_effect_healing_cap_modifier	3	character_to_character_own	30.0000
idrinth_wh_dlc05_skill_wef_army_buff_ranged_missile_damage	wh3_dlc20_effect_healing_cap_modifier	1	character_to_character_own	10.0000
idrinth_wh_dlc05_skill_wef_army_buff_ranged_missile_damage	wh3_dlc20_effect_healing_cap_modifier	2	character_to_character_own	20.0000
idrinth_wh_dlc05_skill_wef_army_buff_ranged_missile_damage	wh3_dlc20_effect_healing_cap_modifier	3	character_to_character_own	30.0000
idrinth_wh_dlc05_skill_wef_general_personal_buff_ranged_ability_high_tier_killer_1	wh3_dlc20_effect_healing_cap_modifier	1	character_to_character_own	10.0000
idrinth_wh_main_skill_vmp_magic_vampires_01_invocation_of_nehek	wh2_main_effect_agent_action_passive_spread_public_order_buff	1	character_to_character_own	0.5000
idrinth_wh_main_skill_vmp_magic_vampires_01_invocation_of_nehek	wh2_main_effect_agent_action_passive_spread_public_order_buff	2	character_to_character_own	0.7500
idrinth_wh_main_skill_vmp_magic_vampires_01_invocation_of_nehek	wh2_main_effect_agent_action_passive_spread_public_order_buff	3	character_to_character_own	1.0000
idrinth_wh_main_skill_vmp_magic_vampires_02_vanhels_danse_macabre	wh2_main_effect_agent_action_passive_spread_public_order_buff	1	character_to_character_own	0.5000
idrinth_wh_main_skill_vmp_magic_vampires_02_vanhels_danse_macabre	wh2_main_effect_agent_action_passive_spread_public_order_buff	2	character_to_character_own	0.7500
idrinth_wh_main_skill_vmp_magic_vampires_02_vanhels_danse_macabre	wh2_main_effect_agent_action_passive_spread_public_order_buff	3	character_to_character_own	1.0000
idrinth_wh_main_skill_vmp_magic_vampires_04_gaze_of_nagash	wh2_main_effect_agent_action_passive_spread_public_order_buff	1	character_to_character_own	0.5000
idrinth_wh_main_skill_vmp_magic_vampires_04_gaze_of_nagash	wh2_main_effect_agent_action_passive_spread_public_order_buff	2	character_to_character_own	0.7500
idrinth_wh_main_skill_vmp_magic_vampires_04_gaze_of_nagash	wh2_main_effect_agent_action_passive_spread_public_order_buff	3	character_to_character_own	1.0000
idrinth_wh_main_skill_vmp_magic_vampires_09_curse_of_years	wh2_main_effect_agent_action_passive_spread_public_order_buff	1	character_to_character_own	0.5000
idrinth_wh_main_skill_vmp_magic_vampires_09_curse_of_years	wh2_main_effect_agent_action_passive_spread_public_order_buff	2	character_to_character_own	0.7500
idrinth_wh_main_skill_vmp_magic_vampires_09_curse_of_years	wh2_main_effect_agent_action_passive_spread_public_order_buff	3	character_to_character_own	1.0000
idrinth_wh_main_skill_vmp_magic_vampires_10_wind_of_death	wh2_main_effect_agent_action_passive_spread_public_order_buff	1	character_to_character_own	0.5000
idrinth_wh_main_skill_vmp_magic_vampires_10_wind_of_death	wh2_main_effect_agent_action_passive_spread_public_order_buff	2	character_to_character_own	0.7500
idrinth_wh_main_skill_vmp_magic_vampires_10_wind_of_death	wh2_main_effect_agent_action_passive_spread_public_order_buff	3	character_to_character_own	1.0000
idrinth_wh_main_skill_vmp_dignitary_self_immortal_will	wh2_main_effect_agent_action_passive_spread_public_order_buff	1	character_to_character_own	1.5000
idrinth_campaign_actions_dummy	wh2_main_effect_agent_action_passive_spread_public_order_buff	1	character_to_province_any	2.0000
idrinth_campaign_actions_dummy	wh2_main_effect_agent_action_passive_spread_public_order_effect_positive	1	character_to_province_any	2.0000
idrinth_wh_main_skill_vmp_magic_vampires_01_invocation_of_nehek	wh2_main_effect_agent_action_passive_spread_public_order_effect_positive	1	character_to_province_any	0.5000
idrinth_wh_main_skill_vmp_magic_vampires_01_invocation_of_nehek	wh2_main_effect_agent_action_passive_spread_public_order_effect_positive	2	character_to_province_any	0.7500
idrinth_wh_main_skill_vmp_magic_vampires_01_invocation_of_nehek	wh2_main_effect_agent_action_passive_spread_public_order_effect_positive	3	character_to_province_any	1.0000
idrinth_wh_main_skill_vmp_magic_vampires_02_vanhels_danse_macabre	wh2_main_effect_agent_action_passive_spread_public_order_effect_positive	1	character_to_province_any	0.5000
idrinth_wh_main_skill_vmp_magic_vampires_02_vanhels_danse_macabre	wh2_main_effect_agent_action_passive_spread_public_order_effect_positive	2	character_to_province_any	0.7500
idrinth_wh_main_skill_vmp_magic_vampires_02_vanhels_danse_macabre	wh2_main_effect_agent_action_passive_spread_public_order_effect_positive	3	character_to_province_any	1.0000
idrinth_wh_main_skill_vmp_magic_vampires_04_gaze_of_nagash	wh2_main_effect_agent_action_passive_spread_public_order_effect_positive	1	character_to_province_any	0.5000
idrinth_wh_main_skill_vmp_magic_vampires_04_gaze_of_nagash	wh2_main_effect_agent_action_passive_spread_public_order_effect_positive	2	character_to_province_any	0.7500
idrinth_wh_main_skill_vmp_magic_vampires_04_gaze_of_nagash	wh2_main_effect_agent_action_passive_spread_public_order_effect_positive	3	character_to_province_any	1.0000
idrinth_wh_main_skill_vmp_magic_vampires_09_curse_of_years	wh2_main_effect_agent_action_passive_spread_public_order_effect_positive	1	character_to_province_any	0.5000
idrinth_wh_main_skill_vmp_magic_vampires_09_curse_of_years	wh2_main_effect_agent_action_passive_spread_public_order_effect_positive	2	character_to_province_any	0.7500
idrinth_wh_main_skill_vmp_magic_vampires_09_curse_of_years	wh2_main_effect_agent_action_passive_spread_public_order_effect_positive	3	character_to_province_any	1.0000
idrinth_wh_main_skill_vmp_magic_vampires_10_wind_of_death	wh2_main_effect_agent_action_passive_spread_public_order_effect_positive	1	character_to_province_any	0.5000
idrinth_wh_main_skill_vmp_magic_vampires_10_wind_of_death	wh2_main_effect_agent_action_passive_spread_public_order_effect_positive	2	character_to_province_any	0.7500
idrinth_wh_main_skill_vmp_magic_vampires_10_wind_of_death	wh2_main_effect_agent_action_passive_spread_public_order_effect_positive	3	character_to_province_any	1.0000
idrinth_wh_main_skill_vmp_dignitary_self_immortal_will	wh2_main_effect_agent_action_passive_spread_public_order_effect_positive	1	character_to_character_own	1.5000
idrinth_loremaster_lore_of_vampires	idrinth_loremaster_lore_of_vampires	1	character_to_character_own	-20.0000
idrinth_loremaster_lore_of_vampires	idrinth_loremaster_lore_of_vampires_2	1	character_to_character_own	20.0000
idrinth_loremaster_lore_of_shadows	idrinth_loremaster_lore_of_shadows	1	character_to_character_own	-20.0000
idrinth_loremaster_lore_of_shadows	idrinth_loremaster_lore_of_shadows_2	1	character_to_character_own	20.0000
idrinth_loremaster_lore_of_death	idrinth_loremaster_lore_of_death	1	character_to_character_own	-20.0000
idrinth_loremaster_lore_of_death	idrinth_loremaster_lore_of_death_2	1	character_to_character_own	20.0000
idrinth_loremaster_lore_of_vampires	wh2_main_effect_agent_action_passive_spread_public_order_buff	1	character_to_character_own	1.5000
idrinth_loremaster_lore_of_vampires	wh2_main_effect_agent_action_passive_spread_public_order_effect_positive	1	character_to_character_own	1.5000
idrinth_loremaster_lore_of_vampires	wh3_main_effect_agent_action_passive_spread_corruption_vampiric_effect	1	character_to_province_any	1.5000
idrinth_loremaster_lore_of_vampires	wh2_main_effect_agent_action_passive_spread_corruption_buff_vmp	1	character_to_character_own	1.5000
idrinth_loremaster_lore_of_vampires	wh_main_effect_province_growth_characters	1	character_to_province_any	-5.0000
idrinth_loremaster_lore_of_vampires	wh3_dlc20_effect_healing_cap_modifier	1	character_to_character_own	20.0000
idrinth_loremaster_lore_of_shadows	wh3_dlc20_effect_healing_cap_modifier	1	character_to_character_own	10.0000
idrinth_loremaster_lore_of_death	wh3_dlc20_effect_healing_cap_modifier	1	character_to_character_own	10.0000
idrinth_diplomat_high_elves	wh3_dlc20_effect_healing_cap_modifier	1	character_to_character_own	10.0000
idrinth_diplomat_wood_elves	wh3_dlc20_effect_healing_cap_modifier	1	character_to_character_own	10.0000
idrinth_diplomat_dark_elves	wh3_dlc20_effect_healing_cap_modifier	1	character_to_character_own	10.0000
idrinth_diplomat_vampire_coast	wh3_dlc20_effect_healing_cap_modifier	1	character_to_character_own	10.0000
idrinth_diplomat_vampire_counts	wh3_dlc20_effect_healing_cap_modifier	1	character_to_character_own	10.0000
idrinth_diplomat_bretonnia	wh3_dlc20_effect_healing_cap_modifier	1	character_to_character_own	10.0000
idrinth_diplomat_norsca	wh3_dlc20_effect_healing_cap_modifier	1	character_to_character_own	10.0000
idrinth_diplomat_kislev	wh3_dlc20_effect_healing_cap_modifier	1	character_to_character_own	10.0000
idrinth_diplomat_cathay	wh3_dlc20_effect_healing_cap_modifier	1	character_to_character_own	10.0000
idrinth_diplomat_empire	wh3_dlc20_effect_healing_cap_modifier	1	character_to_character_own	10.0000
idrinth_diplomat_lizardmen	wh3_dlc20_effect_healing_cap_modifier	1	character_to_character_own	10.0000
idrinth_diplomat_dwarves	wh3_dlc20_effect_healing_cap_modifier	1	character_to_character_own	10.0000
idrinth_diplomat_high_elves	wh3_dlc20_effect_healing_cap_modifier	2	character_to_character_own	20.0000
idrinth_diplomat_wood_elves	wh3_dlc20_effect_healing_cap_modifier	2	character_to_character_own	20.0000
idrinth_diplomat_dark_elves	wh3_dlc20_effect_healing_cap_modifier	2	character_to_character_own	20.0000
idrinth_diplomat_vampire_coast	wh3_dlc20_effect_healing_cap_modifier	2	character_to_character_own	20.0000
idrinth_diplomat_vampire_counts	wh3_dlc20_effect_healing_cap_modifier	2	character_to_character_own	20.0000
idrinth_diplomat_bretonnia	wh3_dlc20_effect_healing_cap_modifier	2	character_to_character_own	20.0000
idrinth_diplomat_norsca	wh3_dlc20_effect_healing_cap_modifier	2	character_to_character_own	20.0000
idrinth_diplomat_kislev	wh3_dlc20_effect_healing_cap_modifier	2	character_to_character_own	20.0000
idrinth_diplomat_empire	wh3_dlc20_effect_healing_cap_modifier	2	character_to_character_own	20.0000
idrinth_diplomat_high_elves	wh3_dlc20_effect_healing_cap_modifier	3	character_to_character_own	30.0000
idrinth_diplomat_wood_elves	wh3_dlc20_effect_healing_cap_modifier	3	character_to_character_own	30.0000
idrinth_diplomat_dark_elves	wh3_dlc20_effect_healing_cap_modifier	3	character_to_character_own	30.0000
idrinth_diplomat_vampire_coast	wh3_dlc20_effect_healing_cap_modifier	3	character_to_character_own	30.0000
idrinth_diplomat_vampire_counts	wh3_dlc20_effect_healing_cap_modifier	3	character_to_character_own	30.0000
idrinth_diplomat_high_elves	wh_main_effect_character_stat_leadership	1	character_to_character_own	1.0000
idrinth_diplomat_wood_elves	wh_main_effect_character_stat_leadership	1	character_to_character_own	1.0000
idrinth_diplomat_dark_elves	wh_main_effect_character_stat_leadership	1	character_to_character_own	1.0000
idrinth_diplomat_vampire_coast	wh_main_effect_character_stat_leadership	1	character_to_character_own	1.0000
idrinth_diplomat_vampire_counts	wh_main_effect_character_stat_leadership	1	character_to_character_own	1.0000
idrinth_diplomat_bretonnia	wh_main_effect_character_stat_leadership	1	character_to_character_own	1.0000
idrinth_diplomat_norsca	wh_main_effect_character_stat_leadership	1	character_to_character_own	1.0000
idrinth_diplomat_kislev	wh_main_effect_character_stat_leadership	1	character_to_character_own	1.0000
idrinth_diplomat_cathay	wh_main_effect_character_stat_leadership	1	character_to_character_own	1.0000
idrinth_diplomat_empire	wh_main_effect_character_stat_leadership	1	character_to_character_own	1.0000
idrinth_diplomat_lizardmen	wh_main_effect_character_stat_leadership	1	character_to_character_own	1.0000
idrinth_diplomat_dwarves	wh_main_effect_character_stat_leadership	1	character_to_character_own	1.0000
idrinth_diplomat_high_elves	wh_main_effect_character_stat_leadership	2	character_to_character_own	2.0000
idrinth_diplomat_wood_elves	wh_main_effect_character_stat_leadership	2	character_to_character_own	2.0000
idrinth_diplomat_dark_elves	wh_main_effect_character_stat_leadership	2	character_to_character_own	2.0000
idrinth_diplomat_vampire_coast	wh_main_effect_character_stat_leadership	2	character_to_character_own	2.0000
idrinth_diplomat_vampire_counts	wh_main_effect_character_stat_leadership	2	character_to_character_own	2.0000
idrinth_diplomat_bretonnia	wh_main_effect_character_stat_leadership	2	character_to_character_own	2.0000
idrinth_diplomat_norsca	wh_main_effect_character_stat_leadership	2	character_to_character_own	2.0000
idrinth_diplomat_kislev	wh_main_effect_character_stat_leadership	2	character_to_character_own	2.0000
idrinth_diplomat_empire	wh_main_effect_character_stat_leadership	2	character_to_character_own	2.0000
idrinth_diplomat_high_elves	wh_main_effect_character_stat_leadership	3	character_to_character_own	3.0000
idrinth_diplomat_wood_elves	wh_main_effect_character_stat_leadership	3	character_to_character_own	3.0000
idrinth_diplomat_dark_elves	wh_main_effect_character_stat_leadership	3	character_to_character_own	3.0000
idrinth_diplomat_vampire_coast	wh_main_effect_character_stat_leadership	3	character_to_character_own	3.0000
idrinth_diplomat_vampire_counts	wh_main_effect_character_stat_leadership	3	character_to_character_own	3.0000
idrinth_diplomat_high_elves	idrinth_effect_upkeep_idrinth	1	character_to_character_own	5.0000
idrinth_diplomat_wood_elves	idrinth_effect_upkeep_idrinth	1	character_to_character_own	5.0000
idrinth_diplomat_dark_elves	idrinth_effect_upkeep_idrinth	1	character_to_character_own	5.0000
idrinth_diplomat_vampire_coast	idrinth_effect_upkeep_idrinth	1	character_to_character_own	5.0000
idrinth_diplomat_vampire_counts	idrinth_effect_upkeep_idrinth	1	character_to_character_own	5.0000
idrinth_diplomat_bretonnia	idrinth_effect_upkeep_idrinth	1	character_to_character_own	5.0000
idrinth_diplomat_norsca	idrinth_effect_upkeep_idrinth	1	character_to_character_own	5.0000
idrinth_diplomat_kislev	idrinth_effect_upkeep_idrinth	1	character_to_character_own	5.0000
idrinth_diplomat_cathay	idrinth_effect_upkeep_idrinth	1	character_to_character_own	5.0000
idrinth_diplomat_empire	idrinth_effect_upkeep_idrinth	1	character_to_character_own	5.0000
idrinth_diplomat_lizardmen	idrinth_effect_upkeep_idrinth	1	character_to_character_own	5.0000
idrinth_diplomat_dwarves	idrinth_effect_upkeep_idrinth	1	character_to_character_own	5.0000
idrinth_diplomat_high_elves	idrinth_effect_upkeep_idrinth	2	character_to_character_own	10.0000
idrinth_diplomat_wood_elves	idrinth_effect_upkeep_idrinth	2	character_to_character_own	10.0000
idrinth_diplomat_dark_elves	idrinth_effect_upkeep_idrinth	2	character_to_character_own	10.0000
idrinth_diplomat_vampire_coast	idrinth_effect_upkeep_idrinth	2	character_to_character_own	10.0000
idrinth_diplomat_vampire_counts	idrinth_effect_upkeep_idrinth	2	character_to_character_own	10.0000
idrinth_diplomat_bretonnia	idrinth_effect_upkeep_idrinth	2	character_to_character_own	10.0000
idrinth_diplomat_norsca	idrinth_effect_upkeep_idrinth	2	character_to_character_own	10.0000
idrinth_diplomat_kislev	idrinth_effect_upkeep_idrinth	2	character_to_character_own	10.0000
idrinth_diplomat_empire	idrinth_effect_upkeep_idrinth	2	character_to_character_own	10.0000
idrinth_diplomat_high_elves	idrinth_effect_upkeep_idrinth	3	character_to_character_own	15.0000
idrinth_diplomat_wood_elves	idrinth_effect_upkeep_idrinth	3	character_to_character_own	15.0000
idrinth_diplomat_dark_elves	idrinth_effect_upkeep_idrinth	3	character_to_character_own	15.0000
idrinth_diplomat_vampire_coast	idrinth_effect_upkeep_idrinth	3	character_to_character_own	15.0000
idrinth_diplomat_vampire_counts	idrinth_effect_upkeep_idrinth	3	character_to_character_own	15.0000
idrinth_diplomat_high_elves	wh2_main_faction_political_diplomacy_mod_high_elves	1	character_to_faction	3.0000
idrinth_diplomat_wood_elves	wh_dlc05_faction_political_diplomacy_mod_wood_elves	1	character_to_faction	3.0000
idrinth_diplomat_dark_elves	wh2_main_faction_political_diplomacy_mod_dark_elves	1	character_to_faction	3.0000
idrinth_diplomat_vampire_coast	wh2_dlc11_faction_political_diplomacy_mod_vampire_coast	1	character_to_faction	3.0000
idrinth_diplomat_vampire_counts	wh_main_faction_political_diplomacy_mod_vampire_counts	1	character_to_faction	3.0000
idrinth_diplomat_bretonnia	wh_dlc05_faction_political_diplomacy_mod_bretonnia	1	character_to_faction	3.0000
idrinth_diplomat_norsca	wh_main_faction_political_diplomacy_mod_norsca	1	character_to_faction	3.0000
idrinth_diplomat_kislev	wh3_main_faction_political_diplomacy_mod_kislev	1	character_to_faction	3.0000
idrinth_diplomat_cathay	wh3_main_faction_political_diplomacy_mod_cathay	1	character_to_faction	3.0000
idrinth_diplomat_empire	wh_main_faction_political_diplomacy_mod_empire	1	character_to_faction	3.0000
idrinth_diplomat_lizardmen	wh2_main_faction_political_diplomacy_mod_lizardmen	1	character_to_faction	3.0000
idrinth_diplomat_dwarves	wh_main_faction_political_diplomacy_mod_dwarfs	1	character_to_faction	3.0000
idrinth_diplomat_high_elves	wh2_main_faction_political_diplomacy_mod_high_elves	2	character_to_faction	7.0000
idrinth_diplomat_wood_elves	wh_dlc05_faction_political_diplomacy_mod_wood_elves	2	character_to_faction	7.0000
idrinth_diplomat_dark_elves	wh2_main_faction_political_diplomacy_mod_dark_elves	2	character_to_faction	7.0000
idrinth_diplomat_vampire_coast	wh2_dlc11_faction_political_diplomacy_mod_vampire_coast	2	character_to_faction	7.0000
idrinth_diplomat_vampire_counts	wh_main_faction_political_diplomacy_mod_vampire_counts	2	character_to_faction	7.0000
idrinth_diplomat_bretonnia	wh_dlc05_faction_political_diplomacy_mod_bretonnia	2	character_to_faction	7.0000
idrinth_diplomat_norsca	wh_main_faction_political_diplomacy_mod_norsca	2	character_to_faction	7.0000
idrinth_diplomat_kislev	wh3_main_faction_political_diplomacy_mod_kislev	2	character_to_faction	7.0000
idrinth_diplomat_empire	wh_main_faction_political_diplomacy_mod_empire	2	character_to_faction	7.0000
idrinth_diplomat_high_elves	wh2_main_faction_political_diplomacy_mod_high_elves	3	character_to_faction	12.0000
idrinth_diplomat_wood_elves	wh_dlc05_faction_political_diplomacy_mod_wood_elves	3	character_to_faction	12.0000
idrinth_diplomat_dark_elves	wh2_main_faction_political_diplomacy_mod_dark_elves	3	character_to_faction	12.0000
idrinth_diplomat_vampire_coast	wh2_dlc11_faction_political_diplomacy_mod_vampire_coast	3	character_to_faction	12.0000
idrinth_diplomat_vampire_counts	wh_main_faction_political_diplomacy_mod_vampire_counts	3	character_to_faction	12.0000
idrinth_loremaster_lore_of_vampires	idrinth_effect_upkeep_idrinth	1	character_to_character_own	5.0000
idrinth_loremaster_lore_of_shadows	idrinth_effect_upkeep_idrinth	1	character_to_character_own	5.0000
idrinth_loremaster_lore_of_death	idrinth_effect_upkeep_idrinth	1	character_to_character_own	5.0000
idrinth_ranger_knowledge	idrinth_effect_upkeep_idrinth	1	character_to_character_own	5.0000
idrinth_blade_dancing	idrinth_effect_upkeep_idrinth	1	character_to_character_own	5.0000
idrinth_unusual_training	idrinth_effect_upkeep_idrinth	1	character_to_character_own	5.0000
idrinth_running_wild	idrinth_effect_upkeep_idrinth	1	character_to_character_own	5.0000
idrinth_veterans	idrinth_effect_upkeep_idrinth	1	character_to_character_own	5.0000
idrinth_strong_as_stone	idrinth_effect_upkeep_idrinth	1	character_to_character_own	5.0000
idrinth_beasts_of_nature	idrinth_effect_upkeep_idrinth	1	character_to_character_own	5.0000
idrinth_ranger_knowledge	idrinth_effect_upkeep_idrinth	2	character_to_character_own	10.0000
idrinth_blade_dancing	idrinth_effect_upkeep_idrinth	2	character_to_character_own	10.0000
idrinth_unusual_training	idrinth_effect_upkeep_idrinth	2	character_to_character_own	10.0000
idrinth_running_wild	idrinth_effect_upkeep_idrinth	2	character_to_character_own	10.0000
idrinth_veterans	idrinth_effect_upkeep_idrinth	2	character_to_character_own	10.0000
idrinth_strong_as_stone	idrinth_effect_upkeep_idrinth	2	character_to_character_own	10.0000
idrinth_beasts_of_nature	idrinth_effect_upkeep_idrinth	2	character_to_character_own	10.0000
idrinth_ranger_knowledge	idrinth_effect_upkeep_idrinth	3	character_to_character_own	15.0000
idrinth_blade_dancing	idrinth_effect_upkeep_idrinth	3	character_to_character_own	15.0000
idrinth_unusual_training	idrinth_effect_upkeep_idrinth	3	character_to_character_own	15.0000
idrinth_running_wild	idrinth_effect_upkeep_idrinth	3	character_to_character_own	15.0000
idrinth_veterans	idrinth_effect_upkeep_idrinth	3	character_to_character_own	15.0000
idrinth_strong_as_stone	idrinth_effect_upkeep_idrinth	3	character_to_character_own	15.0000
idrinth_beasts_of_nature	idrinth_effect_upkeep_idrinth	3	character_to_character_own	15.0000
idrinth_ranger_knowledge	idrinth_ranger_knowledge_primary	1	character_to_force_own	5.0000
idrinth_blade_dancing	idrinth_blade_dancing_primary	1	character_to_force_own	5.0000
idrinth_unusual_training	idrinth_unusual_training_primary	1	character_to_force_own	5.0000
idrinth_running_wild	idrinth_running_wild_primary	1	character_to_force_own	5.0000
idrinth_veterans	idrinth_veterans_primary	1	character_to_force_own	5.0000
idrinth_strong_as_stone	idrinth_strong_as_stone_primary	1	character_to_force_own	5.0000
idrinth_beasts_of_nature	idrinth_beasts_of_nature_primary	1	character_to_force_own_factionwide	5.0000
idrinth_beasts_of_nature	idrinth_beasts_of_nature_primary	2	character_to_force_own_factionwide	5.0000
idrinth_ranger_knowledge	idrinth_ranger_knowledge_secondary	2	character_to_force_own	5.0000
idrinth_blade_dancing	idrinth_blade_dancing_secondary	2	character_to_force_own	5.0000
idrinth_unusual_training	idrinth_unusual_training_secondary	2	character_to_force_own	5.0000
idrinth_running_wild	idrinth_running_wild_secondary	2	character_to_force_own	5.0000
idrinth_veterans	idrinth_veterans_secondary	2	character_to_force_own	-5.0000
idrinth_strong_as_stone	idrinth_strong_as_stone_secondary	2	character_to_force_own	5.0000
idrinth_beasts_of_nature	idrinth_beasts_of_nature_secondary	2	character_to_force_own_factionwide	5.0000
idrinth_veterans	idrinth_veterans_tertiary	3	character_to_force_own	5.0000
idrinth_ranger_knowledge	idrinth_ranger_knowledge_primary	2	character_to_force_own	5.0000
idrinth_blade_dancing	idrinth_blade_dancing_primary	2	character_to_force_own	5.0000
idrinth_unusual_training	idrinth_unusual_training_primary	2	character_to_force_own	5.0000
idrinth_running_wild	idrinth_running_wild_primary	2	character_to_force_own	10.0000
idrinth_veterans	idrinth_veterans_primary	2	character_to_force_own	5.0000
idrinth_strong_as_stone	idrinth_strong_as_stone_primary	2	character_to_force_own	5.0000
idrinth_beasts_of_nature	idrinth_beasts_of_nature_primary	3	character_to_force_own_factionwide	10.0000
idrinth_ranger_knowledge	idrinth_ranger_knowledge_primary	3	character_to_force_own	10.0000
idrinth_blade_dancing	idrinth_blade_dancing_primary	3	character_to_force_own	10.0000
idrinth_unusual_training	idrinth_unusual_training_primary	3	character_to_force_own	10.0000
idrinth_running_wild	idrinth_running_wild_primary	3	character_to_force_own	10.0000
idrinth_veterans	idrinth_veterans_primary	3	character_to_force_own	10.0000
idrinth_strong_as_stone	idrinth_strong_as_stone_primary	3	character_to_force_own	10.0000
idrinth_ranger_knowledge	idrinth_ranger_knowledge_secondary	3	character_to_force_own	10.0000
idrinth_blade_dancing	idrinth_blade_dancing_secondary	3	character_to_force_own	10.0000
idrinth_unusual_training	idrinth_unusual_training_secondary	3	character_to_force_own	10.0000
idrinth_running_wild	wh_main_effect_force_stat_vigour_loss_reduction	3	character_to_force_own	9.0000
idrinth_running_wild	idrinth_running_wild_secondary	3	character_to_force_own	10.0000
idrinth_veterans	idrinth_veterans_secondary	3	character_to_force_own	-10.0000
idrinth_strong_as_stone	idrinth_strong_as_stone_secondary	3	character_to_force_own	10.0000
idrinth_beasts_of_nature	idrinth_beasts_of_nature_secondary	3	character_to_force_own_factionwide	10.0000
idrinth_campaign_actions_dummy_general	idrinth_effect_agent_action_enable_passive_spread_corruption_vmp	1	character_to_character_own	1.0000
idrinth_campaign_actions_dummy_general	idrinth_effect_agent_action_enable_passive_spread_public_order	1	character_to_character_own	1.0000
idrinth_campaign_actions_dummy_general	wh_main_effect_ability_enable_invocation_of_nehek	1	character_to_character_own	1.0000
idrinth_campaign_actions_dummy_general	wh_main_effect_ability_enable_spirit_leech	1	character_to_character_own	1.0000
idrinth_campaign_actions_dummy_general	wh_dlc05_effect_ability_enable_melkoths_mystifying_miasma	1	character_to_character_own	1.0000
idrinth_campaign_actions_dummy_general	wh_dlc05_effect_ability_enable_smoke_and_mirrors	1	character_to_character_own	1.0000
idrinth_campaign_actions_dummy_general	wh_main_effect_ability_enable_life-leeching	1	character_to_character_own	1.0000
idrinth_campaign_actions_dummy_general	wh_main_effect_ability_enable_curse_of_undeath	1	character_to_character_own	1.0000
idrinth_campaign_actions_dummy_general	wh3_main_effect_agent_action_passive_spread_corruption_vampiric_effect	1	character_to_province_any	2.0000
idrinth_campaign_actions_dummy_general	idrinth_unit_capacity_chapel_mixed_elven_guard	1	character_to_faction	2.0000
idrinth_campaign_actions_dummy_general	idrinth_enable_stances	1	force_to_force_own	2.0000
idrinth_ranger_knowledge	wh_main_effect_force_stat_range	1	character_to_force_own	1.0000
idrinth_blade_dancing	wh_main_effect_force_stat_melee_defence	1	character_to_force_own	1.0000
idrinth_unusual_training	wh_main_effect_force_stat_leadership	1	character_to_force_own	1.0000
idrinth_running_wild	wh_main_effect_force_stat_speed	1	character_to_force_own	1.0000
idrinth_running_wild	wh_main_effect_force_stat_vigour_loss_reduction	1	character_to_force_own	3.0000
idrinth_veterans	wh_main_effect_hordebuilding_growth_core	1	character_to_force_own	1.0000
idrinth_strong_as_stone	wh_main_effect_force_stat_ward_save	1	character_to_force_own	1.0000
idrinth_beasts_of_nature	wh_main_effect_force_stat_melee_attack	1	character_to_force_own	1.0000
idrinth_beasts_of_nature	wh_main_effect_force_stat_melee_attack	2	character_to_force_own	1.0000
idrinth_ranger_knowledge	wh_main_effect_force_stat_reload_time_reduction	2	character_to_force_own	2.0000
idrinth_blade_dancing	wh_main_effect_force_stat_melee_attack	2	character_to_force_own	2.0000
idrinth_unusual_training	wh_main_effect_force_stat_armour	2	character_to_force_own	2.0000
idrinth_running_wild	wh_main_effect_force_stat_charge_bonus_pct	2	character_to_force_own	2.0000
idrinth_running_wild	wh_main_effect_force_stat_vigour_loss_reduction	2	character_to_force_own	6.0000
idrinth_veterans	wh_main_effect_force_stat_vigour_loss_reduction	2	character_to_force_own	-2.0000
idrinth_strong_as_stone	wh_main_effect_force_stat_charge_bonus_pct	2	character_to_force_own	2.0000
idrinth_beasts_of_nature	wh_main_effect_force_stat_speed	2	character_to_force_own	2.0000
idrinth_veterans	wh_main_effect_force_stat_leadership	3	character_to_force_own	3.0000
idrinth_ranger_knowledge	wh_main_effect_force_stat_range	2	character_to_force_own	2.0000
idrinth_blade_dancing	wh_main_effect_force_stat_melee_defence	2	character_to_force_own	2.0000
idrinth_unusual_training	wh_main_effect_force_stat_leadership	2	character_to_force_own	2.0000
idrinth_running_wild	wh_main_effect_force_stat_speed	2	character_to_force_own	2.0000
idrinth_veterans	wh_main_effect_hordebuilding_growth_core	2	character_to_force_own	2.0000
idrinth_strong_as_stone	wh_main_effect_force_stat_ward_save	2	character_to_force_own	2.0000
idrinth_beasts_of_nature	wh_main_effect_force_stat_melee_attack	3	character_to_force_own	3.0000
idrinth_ranger_knowledge	wh_main_effect_force_stat_range	3	character_to_force_own	3.0000
idrinth_blade_dancing	wh_main_effect_force_stat_melee_defence	3	character_to_force_own	3.0000
idrinth_unusual_training	wh_main_effect_force_stat_leadership	3	character_to_force_own	3.0000
idrinth_running_wild	wh_main_effect_force_stat_speed	3	character_to_force_own	3.0000
idrinth_veterans	wh_main_effect_hordebuilding_growth_core	3	character_to_force_own	3.0000
idrinth_strong_as_stone	wh_main_effect_force_stat_ward_save	3	character_to_force_own	3.0000
idrinth_ranger_knowledge	wh_main_effect_force_stat_reload_time_reduction	3	character_to_force_own	3.0000
idrinth_blade_dancing	wh_main_effect_force_stat_melee_attack	3	character_to_force_own	3.0000
idrinth_unusual_training	wh_main_effect_force_stat_armour	3	character_to_force_own	3.0000
idrinth_running_wild	wh_main_effect_force_stat_charge_bonus_pct	3	character_to_force_own	3.0000
idrinth_veterans	wh_main_effect_force_stat_vigour_loss_reduction	3	character_to_force_own	-3.0000
idrinth_strong_as_stone	wh_main_effect_force_stat_charge_bonus_pct	3	character_to_force_own	3.0000
idrinth_beasts_of_nature	wh_main_effect_force_stat_speed	3	character_to_force_own	3.0000
idrinth_wh3_main_agent_scaling	idrinth_unit_upkeep_mod_conditional	10	character_to_character_own	0.0000
idrinth_wh3_main_agent_scaling	idrinth_unit_upkeep_mod_conditional	11	character_to_character_own	0.0000
idrinth_wh3_main_agent_scaling	idrinth_unit_upkeep_mod_conditional	12	character_to_character_own	0.0000
idrinth_wh3_main_agent_scaling	idrinth_unit_upkeep_mod_conditional	13	character_to_character_own	0.0000
idrinth_wh3_main_agent_scaling	idrinth_unit_upkeep_mod_conditional	14	character_to_character_own	0.0000
idrinth_wh3_main_agent_scaling	idrinth_unit_upkeep_mod_conditional	15	character_to_character_own	0.0000
idrinth_wh3_main_agent_scaling	idrinth_unit_upkeep_mod_conditional	16	character_to_character_own	0.0000
idrinth_wh3_main_agent_scaling	idrinth_unit_upkeep_mod_conditional	17	character_to_character_own	0.0000
idrinth_wh3_main_agent_scaling	idrinth_unit_upkeep_mod_conditional	18	character_to_character_own	0.0000
idrinth_wh3_main_agent_scaling	idrinth_unit_upkeep_mod_conditional	19	character_to_character_own	0.0000
idrinth_wh3_main_agent_scaling	idrinth_unit_upkeep_mod_conditional	1	character_to_character_own	0.0000
idrinth_wh3_main_agent_scaling	idrinth_unit_upkeep_mod_conditional	20	character_to_character_own	0.0000
idrinth_wh3_main_agent_scaling	idrinth_unit_upkeep_mod_conditional	21	character_to_character_own	0.0000
idrinth_wh3_main_agent_scaling	idrinth_unit_upkeep_mod_conditional	22	character_to_character_own	0.0000
idrinth_wh3_main_agent_scaling	idrinth_unit_upkeep_mod_conditional	23	character_to_character_own	0.0000
idrinth_wh3_main_agent_scaling	idrinth_unit_upkeep_mod_conditional	24	character_to_character_own	0.0000
idrinth_wh3_main_agent_scaling	idrinth_unit_upkeep_mod_conditional	25	character_to_character_own	0.0000
idrinth_wh3_main_agent_scaling	idrinth_unit_upkeep_mod_conditional	26	character_to_character_own	0.0000
idrinth_wh3_main_agent_scaling	idrinth_unit_upkeep_mod_conditional	27	character_to_character_own	0.0000
idrinth_wh3_main_agent_scaling	idrinth_unit_upkeep_mod_conditional	28	character_to_character_own	0.0000
idrinth_wh3_main_agent_scaling	idrinth_unit_upkeep_mod_conditional	29	character_to_character_own	0.0000
idrinth_wh3_main_agent_scaling	idrinth_unit_upkeep_mod_conditional	2	character_to_character_own	0.0000
idrinth_wh3_main_agent_scaling	idrinth_unit_upkeep_mod_conditional	30	character_to_character_own	0.0000
idrinth_wh3_main_agent_scaling	idrinth_unit_upkeep_mod_conditional	31	character_to_character_own	0.0000
idrinth_wh3_main_agent_scaling	idrinth_unit_upkeep_mod_conditional	32	character_to_character_own	0.0000
idrinth_wh3_main_agent_scaling	idrinth_unit_upkeep_mod_conditional	33	character_to_character_own	0.0000
idrinth_wh3_main_agent_scaling	idrinth_unit_upkeep_mod_conditional	34	character_to_character_own	0.0000
idrinth_wh3_main_agent_scaling	idrinth_unit_upkeep_mod_conditional	35	character_to_character_own	0.0000
idrinth_wh3_main_agent_scaling	idrinth_unit_upkeep_mod_conditional	36	character_to_character_own	0.0000
idrinth_wh3_main_agent_scaling	idrinth_unit_upkeep_mod_conditional	37	character_to_character_own	0.0000
idrinth_wh3_main_agent_scaling	idrinth_unit_upkeep_mod_conditional	38	character_to_character_own	0.0000
idrinth_wh3_main_agent_scaling	idrinth_unit_upkeep_mod_conditional	39	character_to_character_own	0.0000
idrinth_wh3_main_agent_scaling	idrinth_unit_upkeep_mod_conditional	3	character_to_character_own	0.0000
idrinth_wh3_main_agent_scaling	idrinth_unit_upkeep_mod_conditional	40	character_to_character_own	0.0000
idrinth_wh3_main_agent_scaling	idrinth_unit_upkeep_mod_conditional	41	character_to_character_own	0.0000
idrinth_wh3_main_agent_scaling	idrinth_unit_upkeep_mod_conditional	42	character_to_character_own	0.0000
idrinth_wh3_main_agent_scaling	idrinth_unit_upkeep_mod_conditional	43	character_to_character_own	0.0000
idrinth_wh3_main_agent_scaling	idrinth_unit_upkeep_mod_conditional	44	character_to_character_own	0.0000
idrinth_wh3_main_agent_scaling	idrinth_unit_upkeep_mod_conditional	45	character_to_character_own	0.0000
idrinth_wh3_main_agent_scaling	idrinth_unit_upkeep_mod_conditional	46	character_to_character_own	0.0000
idrinth_wh3_main_agent_scaling	idrinth_unit_upkeep_mod_conditional	47	character_to_character_own	0.0000
idrinth_wh3_main_agent_scaling	idrinth_unit_upkeep_mod_conditional	48	character_to_character_own	0.0000
idrinth_wh3_main_agent_scaling	idrinth_unit_upkeep_mod_conditional	49	character_to_character_own	0.0000
idrinth_wh3_main_agent_scaling	idrinth_unit_upkeep_mod_conditional	4	character_to_character_own	0.0000
idrinth_wh3_main_agent_scaling	idrinth_unit_upkeep_mod_conditional	5	character_to_character_own	0.0000
idrinth_wh3_main_agent_scaling	idrinth_unit_upkeep_mod_conditional	6	character_to_character_own	0.0000
idrinth_wh3_main_agent_scaling	idrinth_unit_upkeep_mod_conditional	7	character_to_character_own	0.0000
idrinth_wh3_main_agent_scaling	idrinth_unit_upkeep_mod_conditional	8	character_to_character_own	0.0000
idrinth_wh3_main_agent_scaling	idrinth_unit_upkeep_mod_conditional	9	character_to_character_own	0.0000
idrinth_wh3_main_agent_scaling	wh_main_effect_agent_action_success_chance_enemy_skill	10	character_to_character_own	-50.0000
idrinth_wh3_main_agent_scaling	wh_main_effect_agent_action_success_chance_skill	10	character_to_character_own	10.0000
idrinth_wh3_main_agent_scaling	wh_main_effect_agent_action_success_chance_enemy_skill	11	character_to_character_own	-11.0000
idrinth_wh3_main_agent_scaling	wh_main_effect_agent_action_success_chance_skill	11	character_to_character_own	11.0000
idrinth_wh3_main_agent_scaling	wh_main_effect_agent_action_success_chance_enemy_skill	12	character_to_character_own	-12.0000
idrinth_wh3_main_agent_scaling	wh_main_effect_agent_action_success_chance_skill	12	character_to_character_own	12.0000
idrinth_wh3_main_agent_scaling	wh_main_effect_agent_action_success_chance_enemy_skill	13	character_to_character_own	-13.0000
idrinth_wh3_main_agent_scaling	wh_main_effect_agent_action_success_chance_skill	13	character_to_character_own	13.0000
idrinth_wh3_main_agent_scaling	wh_main_effect_agent_action_success_chance_enemy_skill	14	character_to_character_own	-14.0000
idrinth_wh3_main_agent_scaling	wh_main_effect_agent_action_success_chance_skill	14	character_to_character_own	14.0000
idrinth_wh3_main_agent_scaling	wh_main_effect_agent_action_success_chance_enemy_skill	15	character_to_character_own	-15.0000
idrinth_wh3_main_agent_scaling	wh_main_effect_agent_action_success_chance_skill	15	character_to_character_own	15.0000
idrinth_wh3_main_agent_scaling	wh_main_effect_agent_action_success_chance_enemy_skill	16	character_to_character_own	-16.0000
idrinth_wh3_main_agent_scaling	wh_main_effect_agent_action_success_chance_skill	16	character_to_character_own	16.0000
idrinth_wh3_main_agent_scaling	wh_main_effect_agent_action_success_chance_enemy_skill	17	character_to_character_own	-17.0000
idrinth_wh3_main_agent_scaling	wh_main_effect_agent_action_success_chance_skill	17	character_to_character_own	17.0000
idrinth_wh3_main_agent_scaling	wh_main_effect_agent_action_success_chance_enemy_skill	18	character_to_character_own	-18.0000
idrinth_wh3_main_agent_scaling	wh_main_effect_agent_action_success_chance_skill	18	character_to_character_own	18.0000
idrinth_wh3_main_agent_scaling	wh_main_effect_agent_action_success_chance_enemy_skill	19	character_to_character_own	-19.0000
idrinth_wh3_main_agent_scaling	wh_main_effect_agent_action_success_chance_skill	19	character_to_character_own	19.0000
idrinth_wh3_main_agent_scaling	wh_main_effect_agent_action_success_chance_enemy_skill	1	character_to_character_own	-1.0000
idrinth_wh3_main_agent_scaling	wh_main_effect_agent_action_success_chance_skill	1	character_to_character_own	1.0000
idrinth_wh3_main_agent_scaling	wh_main_effect_agent_action_success_chance_enemy_skill	20	character_to_character_own	-20.0000
idrinth_wh3_main_agent_scaling	wh_main_effect_agent_action_success_chance_skill	20	character_to_character_own	20.0000
idrinth_wh3_main_agent_scaling	wh_main_effect_agent_action_success_chance_enemy_skill	21	character_to_character_own	-21.0000
idrinth_wh3_main_agent_scaling	wh_main_effect_agent_action_success_chance_skill	21	character_to_character_own	21.0000
idrinth_wh3_main_agent_scaling	wh_main_effect_agent_action_success_chance_enemy_skill	22	character_to_character_own	-22.0000
idrinth_wh3_main_agent_scaling	wh_main_effect_agent_action_success_chance_skill	22	character_to_character_own	22.0000
idrinth_wh3_main_agent_scaling	wh_main_effect_agent_action_success_chance_enemy_skill	23	character_to_character_own	-23.0000
idrinth_wh3_main_agent_scaling	wh_main_effect_agent_action_success_chance_skill	23	character_to_character_own	23.0000
idrinth_wh3_main_agent_scaling	wh_main_effect_agent_action_success_chance_enemy_skill	24	character_to_character_own	-24.0000
idrinth_wh3_main_agent_scaling	wh_main_effect_agent_action_success_chance_skill	24	character_to_character_own	24.0000
idrinth_wh3_main_agent_scaling	wh_main_effect_agent_action_success_chance_enemy_skill	25	character_to_character_own	-25.0000
idrinth_wh3_main_agent_scaling	wh_main_effect_agent_action_success_chance_skill	25	character_to_character_own	25.0000
idrinth_wh3_main_agent_scaling	wh_main_effect_agent_action_success_chance_enemy_skill	26	character_to_character_own	-26.0000
idrinth_wh3_main_agent_scaling	wh_main_effect_agent_action_success_chance_skill	26	character_to_character_own	26.0000
idrinth_wh3_main_agent_scaling	wh_main_effect_agent_action_success_chance_enemy_skill	27	character_to_character_own	-27.0000
idrinth_wh3_main_agent_scaling	wh_main_effect_agent_action_success_chance_skill	27	character_to_character_own	27.0000
idrinth_wh3_main_agent_scaling	wh_main_effect_agent_action_success_chance_enemy_skill	28	character_to_character_own	-28.0000
idrinth_wh3_main_agent_scaling	wh_main_effect_agent_action_success_chance_skill	28	character_to_character_own	28.0000
idrinth_wh3_main_agent_scaling	wh_main_effect_agent_action_success_chance_enemy_skill	29	character_to_character_own	-29.0000
idrinth_wh3_main_agent_scaling	wh_main_effect_agent_action_success_chance_skill	29	character_to_character_own	29.0000
idrinth_wh3_main_agent_scaling	wh_main_effect_agent_action_success_chance_enemy_skill	2	character_to_character_own	-2.0000
idrinth_wh3_main_agent_scaling	wh_main_effect_agent_action_success_chance_skill	2	character_to_character_own	2.0000
idrinth_wh3_main_agent_scaling	wh_main_effect_agent_action_success_chance_enemy_skill	30	character_to_character_own	-30.0000
idrinth_wh3_main_agent_scaling	wh_main_effect_agent_action_success_chance_skill	30	character_to_character_own	30.0000
idrinth_wh3_main_agent_scaling	wh_main_effect_agent_action_success_chance_enemy_skill	31	character_to_character_own	-31.0000
idrinth_wh3_main_agent_scaling	wh_main_effect_agent_action_success_chance_skill	31	character_to_character_own	31.0000
idrinth_wh3_main_agent_scaling	wh_main_effect_agent_action_success_chance_enemy_skill	32	character_to_character_own	-32.0000
idrinth_wh3_main_agent_scaling	wh_main_effect_agent_action_success_chance_skill	32	character_to_character_own	32.0000
idrinth_wh3_main_agent_scaling	wh_main_effect_agent_action_success_chance_enemy_skill	33	character_to_character_own	-33.0000
idrinth_wh3_main_agent_scaling	wh_main_effect_agent_action_success_chance_skill	33	character_to_character_own	33.0000
idrinth_wh3_main_agent_scaling	wh_main_effect_agent_action_success_chance_enemy_skill	34	character_to_character_own	-34.0000
idrinth_wh3_main_agent_scaling	wh_main_effect_agent_action_success_chance_skill	34	character_to_character_own	34.0000
idrinth_wh3_main_agent_scaling	wh_main_effect_agent_action_success_chance_enemy_skill	35	character_to_character_own	-35.0000
idrinth_wh3_main_agent_scaling	wh_main_effect_agent_action_success_chance_skill	35	character_to_character_own	35.0000
idrinth_wh3_main_agent_scaling	wh_main_effect_agent_action_success_chance_enemy_skill	36	character_to_character_own	-36.0000
idrinth_wh3_main_agent_scaling	wh_main_effect_agent_action_success_chance_skill	36	character_to_character_own	36.0000
idrinth_wh3_main_agent_scaling	wh_main_effect_agent_action_success_chance_enemy_skill	37	character_to_character_own	-37.0000
idrinth_wh3_main_agent_scaling	wh_main_effect_agent_action_success_chance_skill	37	character_to_character_own	37.0000
idrinth_wh3_main_agent_scaling	wh_main_effect_agent_action_success_chance_enemy_skill	38	character_to_character_own	-38.0000
idrinth_wh3_main_agent_scaling	wh_main_effect_agent_action_success_chance_skill	38	character_to_character_own	38.0000
idrinth_wh3_main_agent_scaling	wh_main_effect_agent_action_success_chance_enemy_skill	39	character_to_character_own	-39.0000
idrinth_wh3_main_agent_scaling	wh_main_effect_agent_action_success_chance_skill	39	character_to_character_own	39.0000
idrinth_wh3_main_agent_scaling	wh_main_effect_agent_action_success_chance_enemy_skill	3	character_to_character_own	-3.0000
idrinth_wh3_main_agent_scaling	wh_main_effect_agent_action_success_chance_skill	3	character_to_character_own	3.0000
idrinth_wh3_main_agent_scaling	wh_main_effect_agent_action_success_chance_enemy_skill	40	character_to_character_own	-40.0000
idrinth_wh3_main_agent_scaling	wh_main_effect_agent_action_success_chance_skill	40	character_to_character_own	40.0000
idrinth_wh3_main_agent_scaling	wh_main_effect_agent_action_success_chance_enemy_skill	41	character_to_character_own	-41.0000
idrinth_wh3_main_agent_scaling	wh_main_effect_agent_action_success_chance_skill	41	character_to_character_own	41.0000
idrinth_wh3_main_agent_scaling	wh_main_effect_agent_action_success_chance_enemy_skill	42	character_to_character_own	-42.0000
idrinth_wh3_main_agent_scaling	wh_main_effect_agent_action_success_chance_skill	42	character_to_character_own	42.0000
idrinth_wh3_main_agent_scaling	wh_main_effect_agent_action_success_chance_enemy_skill	43	character_to_character_own	-43.0000
idrinth_wh3_main_agent_scaling	wh_main_effect_agent_action_success_chance_skill	43	character_to_character_own	43.0000
idrinth_wh3_main_agent_scaling	wh_main_effect_agent_action_success_chance_enemy_skill	44	character_to_character_own	-44.0000
idrinth_wh3_main_agent_scaling	wh_main_effect_agent_action_success_chance_skill	44	character_to_character_own	44.0000
idrinth_wh3_main_agent_scaling	wh_main_effect_agent_action_success_chance_enemy_skill	45	character_to_character_own	-45.0000
idrinth_wh3_main_agent_scaling	wh_main_effect_agent_action_success_chance_skill	45	character_to_character_own	45.0000
idrinth_wh3_main_agent_scaling	wh_main_effect_agent_action_success_chance_enemy_skill	46	character_to_character_own	-46.0000
idrinth_wh3_main_agent_scaling	wh_main_effect_agent_action_success_chance_skill	46	character_to_character_own	46.0000
idrinth_wh3_main_agent_scaling	wh_main_effect_agent_action_success_chance_enemy_skill	47	character_to_character_own	-47.0000
idrinth_wh3_main_agent_scaling	wh_main_effect_agent_action_success_chance_skill	47	character_to_character_own	47.0000
idrinth_wh3_main_agent_scaling	wh_main_effect_agent_action_success_chance_enemy_skill	48	character_to_character_own	-48.0000
idrinth_wh3_main_agent_scaling	wh_main_effect_agent_action_success_chance_skill	48	character_to_character_own	48.0000
idrinth_wh3_main_agent_scaling	wh_main_effect_agent_action_success_chance_enemy_skill	49	character_to_character_own	-49.0000
idrinth_wh3_main_agent_scaling	wh_main_effect_agent_action_success_chance_skill	49	character_to_character_own	49.0000
idrinth_wh3_main_agent_scaling	wh_main_effect_agent_action_success_chance_enemy_skill	4	character_to_character_own	-4.0000
idrinth_wh3_main_agent_scaling	wh_main_effect_agent_action_success_chance_skill	4	character_to_character_own	4.0000
idrinth_wh3_main_agent_scaling	wh_main_effect_agent_action_success_chance_enemy_skill	5	character_to_character_own	-5.0000
idrinth_wh3_main_agent_scaling	wh_main_effect_agent_action_success_chance_skill	5	character_to_character_own	5.0000
idrinth_wh3_main_agent_scaling	wh_main_effect_agent_action_success_chance_enemy_skill	6	character_to_character_own	-6.0000
idrinth_wh3_main_agent_scaling	wh_main_effect_agent_action_success_chance_skill	6	character_to_character_own	6.0000
idrinth_wh3_main_agent_scaling	wh_main_effect_agent_action_success_chance_enemy_skill	7	character_to_character_own	-7.0000
idrinth_wh3_main_agent_scaling	wh_main_effect_agent_action_success_chance_skill	7	character_to_character_own	7.0000
idrinth_wh3_main_agent_scaling	wh_main_effect_agent_action_success_chance_enemy_skill	8	character_to_character_own	-8.0000
idrinth_wh3_main_agent_scaling	wh_main_effect_agent_action_success_chance_skill	8	character_to_character_own	8.0000
idrinth_wh3_main_agent_scaling	wh_main_effect_agent_action_success_chance_enemy_skill	9	character_to_character_own	-9.0000
idrinth_wh3_main_agent_scaling	wh_main_effect_agent_action_success_chance_skill	9	character_to_character_own	9.0000
idrinth_lord_of_free_blades	wh_main_effect_force_all_campaign_upkeep	1	force_to_force_own	-2.5000
idrinth_lord_of_free_blades	idrinth_chapel_units_upkeep	1	force_to_force_own	-5.0000
idrinth_lord_of_free_blades	wh_main_effect_hordebuilding_growth_characters	1	force_to_force_own	1.0000
idrinth_lord_of_free_blades	idrinth_effect_upkeep_idrinth	1	character_to_character_own	5.0000
idrinth_lord_of_free_blades	wh_main_effect_force_all_campaign_upkeep	2	force_to_force_own	-7.5000
idrinth_lord_of_free_blades	idrinth_chapel_units_upkeep	2	force_to_force_own	-15.0000
idrinth_lord_of_free_blades	wh_main_effect_hordebuilding_growth_characters	2	force_to_force_own	2.0000
idrinth_lord_of_free_blades	idrinth_effect_upkeep_idrinth	2	character_to_character_own	10.0000
idrinth_lord_of_free_blades	idrinth_chapel_units_upkeep	3	force_to_force_own	-35.0000
idrinth_lord_of_free_blades	wh_main_effect_force_all_campaign_upkeep	3	force_to_force_own	-17.5000
idrinth_lord_of_free_blades	idrinth_chapel_units_recruitment_rank	3	force_to_force_own	1.0000
idrinth_lord_of_free_blades	wh_main_effect_hordebuilding_growth_characters	3	force_to_force_own	4.0000
idrinth_lord_of_free_blades	idrinth_effect_upkeep_idrinth	3	character_to_character_own	15.0000
idrinth_lord_of_free_blades	idrinth_chapel_recruitment_speedup	3	character_to_force_own	-1.0000
idrinth_hidden_paths	wh_main_effect_force_army_campaign_movement_range	1	force_to_force_own	2.0000
idrinth_hidden_paths	wh_main_effect_force_all_campaign_reinforcement_range	1	force_to_force_own	2.0000
idrinth_hidden_paths	wh_main_effect_force_army_campaign_ambush_attack_success_chance	1	force_to_force_own	3.0000
idrinth_hidden_paths	wh_main_effect_force_army_campaign_ambush_defence_success_chance	1	force_to_force_own	3.0000
idrinth_hidden_paths	wh_main_effect_hordebuilding_growth_characters	1	force_to_force_own	1.0000
idrinth_hidden_paths	idrinth_effect_upkeep_idrinth	1	character_to_character_own	5.0000
idrinth_hidden_paths	wh_main_effect_force_army_campaign_movement_range	2	force_to_force_own	4.0000
idrinth_hidden_paths	wh_main_effect_force_all_campaign_reinforcement_range	2	force_to_force_own	4.0000
idrinth_hidden_paths	wh_main_effect_force_army_campaign_ambush_attack_success_chance	2	force_to_force_own	6.0000
idrinth_hidden_paths	wh_main_effect_force_army_campaign_ambush_defence_success_chance	2	force_to_force_own	6.0000
idrinth_hidden_paths	wh_main_effect_hordebuilding_growth_characters	2	force_to_force_own	2.0000
idrinth_hidden_paths	idrinth_effect_upkeep_idrinth	2	character_to_character_own	10.0000
idrinth_hidden_paths	wh_main_effect_force_army_campaign_movement_range	3	force_to_force_own	8.0000
idrinth_hidden_paths	wh_main_effect_force_all_campaign_reinforcement_range	3	force_to_force_own	8.0000
idrinth_hidden_paths	wh_main_effect_force_army_campaign_ambush_attack_success_chance	3	force_to_force_own	12.0000
idrinth_hidden_paths	wh_main_effect_force_army_campaign_ambush_defence_success_chance	3	force_to_force_own	12.0000
idrinth_hidden_paths	wh_main_effect_conquest_enable_night_battles	3	character_to_character_own	1.0000
idrinth_hidden_paths	idrinth_hev_high_elf_vampires_disable_enemy_lightning_strike	3	character_to_enemy_character_in_region	-1.0000
idrinth_hidden_paths	wh_main_effect_hordebuilding_growth_characters	3	force_to_force_own	4.0000
idrinth_hidden_paths	idrinth_effect_upkeep_idrinth	3	character_to_character_own	15.0000
idrinth_elven_healing	wh3_dlc20_effect_healing_cap_modifier	1	character_to_character_own	15.0000
idrinth_elven_healing	idrinth_effect_upkeep_idrinth	1	character_to_character_own	5.0000
idrinth_elven_healing	wh_main_effect_force_army_campaign_attrition_all_resistance	1	character_to_force_own	-12.5000
idrinth_elven_healing	wh_main_effect_force_all_campaign_replenishment_rate	1	character_to_force_own	2.5000
idrinth_elven_healing	idrinth_effect_upkeep_idrinth	2	character_to_character_own	10.0000
idrinth_elven_healing	wh3_dlc20_effect_healing_cap_modifier	2	character_to_character_own	30.0000
idrinth_elven_healing	wh_main_effect_force_army_campaign_attrition_all_resistance	2	character_to_force_own	-25.0000
idrinth_elven_healing	wh_main_effect_force_all_campaign_replenishment_rate	2	character_to_force_own	5.0000
idrinth_elven_healing	idrinth_effect_upkeep_idrinth	3	character_to_character_own	15.0000
idrinth_elven_healing	wh_main_effect_force_army_campaign_attrition_all_resistance	3	character_to_force_own	-37.5000
idrinth_elven_healing	wh_main_effect_force_all_campaign_replenishment_rate	3	character_to_force_own	7.5000
idrinth_elven_healing	wh_main_effect_character_stat_enable_poison_attacks	3	character_to_character_own	1.0000
idrinth_elven_healing	wh3_dlc20_effect_healing_cap_modifier	3	character_to_character_own	45.0000
idrinth_elven_healing	wh_main_effect_character_wound_recovery_time_mod	3	character_to_character_own	-1.0000
idrinth_knowledge_sharing	wh3_main_effect_pre_battle_bribery_cost_mod	1	character_to_force_own	5.0000
idrinth_knowledge_sharing	wh3_main_effect_spell_mastery	1	character_to_character_own	5.0000
idrinth_knowledge_sharing	wh_main_effect_agent_action_outcome_parent_army_xp_gain	1	character_to_force_own	100.0000
idrinth_knowledge_sharing	wh_main_effect_character_mod_ancillary_drop_lucky	1	character_to_character_own	1.0000
idrinth_knowledge_sharing	wh_main_effect_faction_mod_ancillary_per_turn	1	character_to_faction	1.0000
idrinth_knowledge_sharing	idrinth_effect_upkeep_idrinth	1	character_to_character_own	5.0000
idrinth_knowledge_sharing	wh3_main_effect_opposing_reinforcement_time_percentage_mod	2	character_to_force_own	15.0000
idrinth_knowledge_sharing	wh3_main_effect_own_reinforcement_time_percentage_mod	2	character_to_force_own	-15.0000
idrinth_knowledge_sharing	wh3_main_effect_pre_battle_bribery_cost_mod	2	character_to_force_own	10.0000
idrinth_knowledge_sharing	wh3_main_effect_spell_mastery	2	character_to_force_own	10.0000
idrinth_knowledge_sharing	wh_main_effect_agent_action_outcome_parent_army_xp_gain	2	character_to_force_own	150.0000
idrinth_knowledge_sharing	wh_main_effect_character_mod_ancillary_drop_lucky	2	character_to_character_own	2.0000
idrinth_knowledge_sharing	wh_main_effect_faction_mod_ancillary_per_turn	2	character_to_faction	2.0000
idrinth_knowledge_sharing	idrinth_effect_upkeep_idrinth	2	character_to_character_own	10.0000
idrinth_knowledge_sharing	wh_main_effect_force_army_campaign_ambush_attack_success_chance	3	character_to_character_own	25.0000
idrinth_knowledge_sharing	wh_main_effect_force_army_campaign_ambush_defence_success_chance	3	character_to_character_own	10.0000
idrinth_knowledge_sharing	wh3_main_effect_character_experience_per_turn	3	character_to_character_regionwide	25.0000
idrinth_knowledge_sharing	wh3_main_effect_character_xp_share_generic_lordtext	3	character_to_force_own	10.0000
idrinth_knowledge_sharing	wh3_main_effect_opposing_reinforcement_time_percentage_mod	3	character_to_force_own	30.0000
idrinth_knowledge_sharing	wh3_main_effect_own_reinforcement_time_percentage_mod	3	character_to_force_own	-30.0000
idrinth_knowledge_sharing	wh_main_effect_agent_action_outcome_parent_army_xp_gain	3	character_to_force_own	200.0000
idrinth_knowledge_sharing	wh3_main_effect_pre_battle_bribery_cost_mod	3	character_to_character_own	25.0000
idrinth_knowledge_sharing	wh3_main_effect_spell_mastery	3	character_to_character_own	25.0000
idrinth_knowledge_sharing	wh_main_effect_character_mod_ancillary_drop_lucky	3	character_to_character_own	4.0000
idrinth_knowledge_sharing	wh_main_effect_faction_mod_ancillary_per_turn	3	character_to_faction	4.0000
idrinth_knowledge_sharing	idrinth_effect_upkeep_idrinth	3	character_to_character_own	15.0000
idrinth_skill_magic_weapon_master	wh_main_effect_agent_action_outcome_parent_army_xp_gain	1	character_to_force_own	10.0000
idrinth_skill_magic_weapon_master	wh3_main_effect_character_experience_per_turn	1	character_to_character_regionwide	10.0000
idrinth_skill_magic_weapon_master	idrinth_enable_knight_scholar_name_actual	1	character_to_character_own	1.0000
idrinth_skill_magic_weapon_master	idrinth_enable_knight_scholar_name	1	character_to_character_own	1.0000
idrinth_campaign_actions_dummy_general	wh2_dlc11_effect_force_army_campaign_attrition_cursed_mist_immunity	1	character_to_force_own	2.0000
idrinth_campaign_actions_dummy_general	wh2_dlc11_effect_force_army_campaign_attrition_immunity_land_of_living	1	character_to_force_own	0.0000
idrinth_campaign_actions_dummy_general	wh2_dlc14_effect_attrition_immunity_undead	1	character_to_force_own	0.0000
idrinth_campaign_actions_dummy_general	wh_dlc05_effect_force_army_campaign_attrition_mountain_immunity	1	character_to_force_own	0.0000
idrinth_campaign_actions_dummy_general	wh_dlc05_effect_force_army_campaign_attrition_swamp_immunity	1	character_to_force_own	0.0000
idrinth_campaign_actions_dummy_general	wh_dlc08_effect_attrition_immunity_high_seas	1	character_to_force_own	0.0000
idrinth_beasts_of_nature	idrinth_chapel_beasts_upkeep	1	character_to_force_own_factionwide	-10.0000
idrinth_beasts_of_nature	idrinth_chapel_beasts_upkeep	2	character_to_force_own_factionwide	-25.0000
idrinth_beasts_of_nature	idrinth_chapel_beasts_upkeep	3	character_to_force_own_factionwide	-55.0000
