key	text	tooltip
#Loc;1;text/db/idrinth__.loc		
agent_culture_details_description_text_99999990	Wysokie Elfy, które zostały przemienione w wampiry.	false
agent_culture_details_onscreen_name_99999990	Idrinth Thalui	false
agent_culture_details_description_text_99999991	Wysokie Elfy, które zostały przemienione w wampiry.	false
agent_culture_details_onscreen_name_99999991	Idrinth Thalui	false
agent_subtypes_description_text_override_idrinth_hev_high_elf_vampires_idrinthchampion	Idrinth Thalui został przemieniony wbrew swojej woli i używa nowo nabytych mocy do polowania na sługi chaosu.	false
agent_subtypes_description_text_override_idrinth_hev_high_elf_vampires_idrinthgeneral	Idrinth Thalui został przemieniony wbrew swojej woli i używa nowo nabytych mocy do polowania na sługi chaosu.	false
ancillaries_colour_text_idrinth_anc_talisman_stone_of_dried_blood	Talizman błogosławiony przez Khaine'a, Krwaworękiego Boga. Niewielu zdobyło wystarczającą łaskę, by władać takim narzędziem w jego imieniu. Zaschnięta krew pulsuje pradawną mocą, szepcząc obietnice przemocy swemu nosicielowi.	false
ancillaries_explanation_text_idrinth_anc_talisman_stone_of_dried_blood	Potwierdzone doświadczenie bojowe.	false
ancillaries_onscreen_name_idrinth_anc_talisman_stone_of_dried_blood	Talizman Zaschniętej Krwi	false
ancillaries_colour_text_idrinth_anc_talisman_talisman_of_souls	Talizman błogosławiony przez Asuryana, by zachować wiedzę poprzednich pokoleń. W ciszy można usłyszeć szepty starożytnych elfickich mędrców oferujących mądrość zza zasłony.	false
ancillaries_explanation_text_idrinth_anc_talisman_talisman_of_souls	Potwierdzone doświadczenie bojowe.	false
ancillaries_onscreen_name_idrinth_anc_talisman_talisman_of_souls	Talizman Dusz	false
ancillaries_colour_text_idrinth_anc_talisman_forest_berry_wine	Swego rodzaju talizman błogosławiony przez Kurnousa, dający właścicielowi jedno z najlepszych win jagodowych na świecie. Jeden łyk łączy pijącego z dziką naturą, wyostrzając zmysły i przyspieszając refleks, jakby sam las kierował każdym ruchem.	false
ancillaries_explanation_text_idrinth_anc_talisman_forest_berry_wine	Potwierdzone doświadczenie bojowe.	false
ancillaries_onscreen_name_idrinth_anc_talisman_forest_berry_wine	Leśne Wino Jagodowe	false
ancillaries_colour_text_idrinth_anc_weapon_kurnous_blessed_hunting_bow	Broń błogosławiona przez Kurnousa, czyniąca swego władcę jednym z najznamienitszych łowców, jakich zna świat. Ci, których dosięgły jej strzały, odczuwają pierwotny strach, jakby polowała na nich sama natura, a nie zwykły łucznik.	false
ancillaries_explanation_text_idrinth_anc_weapon_kurnous_blessed_hunting_bow	Potwierdzone doświadczenie bojowe.	false
ancillaries_onscreen_name_idrinth_anc_weapon_kurnous_blessed_hunting_bow	Błogosławiony Łuk Myśliwski	false
ancillaries_colour_text_idrinth_anc_armour_khaines_visage	Ten hełm odsłania maskę będącą mieszanką terroru, krwiożerczości i czystego pragnienia przemocy. Oblicze przemienia swego nosiciela, budząc pierwotną furię, którą wrogowie wyczuwają z daleka.	false
ancillaries_explanation_text_idrinth_anc_armour_khaines_visage	Potwierdzone doświadczenie bojowe.	false
ancillaries_onscreen_name_idrinth_anc_armour_khaines_visage	Oblicze Khaine'a	false
ancillaries_colour_text_idrinth_anc_weapon_khaines_thirsting_sword	Miecz spragniony krwi równie mocno jak jego pan. Z każdym ciosem pragnie więcej, rosnąc w siłę z każdym życiem, które pochłania. Ostrze nigdy nie tępieje, gdy zwilży je świeża krew.	false
ancillaries_explanation_text_idrinth_anc_weapon_khaines_thirsting_sword	Potwierdzone doświadczenie bojowe.	false
ancillaries_onscreen_name_idrinth_anc_weapon_khaines_thirsting_sword	Spragniony Miecz Khaine'a	false
ancillaries_colour_text_idrinth_anc_weapon_asuryans_perfection_sword	Miecz tak doskonały, jak jego władca dąży być. Wykuty w wiecznym płomieniu samego Asuryana, ten wysokoelficki miecz wprowadza harmonię do walki, pozwalając swemu panu walczyć z niezrównaną precyzją i wytrzymałością.	false
ancillaries_explanation_text_idrinth_anc_weapon_asuryans_perfection_sword	Potwierdzone doświadczenie bojowe.	false
ancillaries_onscreen_name_idrinth_anc_weapon_asuryans_perfection_sword	Miecz Doskonałości Asuryana	false
ancillaries_colour_text_idrinth_anc_armour_kurnous_forest_cloak	Zbroja projektu Kurnousa, lekka i ledwo zauważalna. Ten ciemnozielony płaszcz nosi esencję głębokiego lasu, ukrywając swego nosiciela przed oczami wrogów, jednocześnie wyostrzając świadomość otoczenia.	false
ancillaries_explanation_text_idrinth_anc_armour_kurnous_forest_cloak	Potwierdzone doświadczenie bojowe.	false
ancillaries_onscreen_name_idrinth_anc_armour_kurnous_forest_cloak	Leśny Płaszcz Kurnousa	false
ancillaries_colour_text_idrinth_anc_armour_asuryans_destiny	Ta zbroja chroni swego nosiciela, gdy służy elfickiemu ludowi, przedłużając jego życie ponad wszelkie oczekiwania. Zaklęcia wplecione w każdą płytę odpychają skazę nieumarłości, pozwalając nosicielowi kroczyć między oboma światami.	false
ancillaries_explanation_text_idrinth_anc_armour_asuryans_destiny	Potwierdzone doświadczenie bojowe.	false
ancillaries_onscreen_name_idrinth_anc_armour_asuryans_destiny	Zbroja Przeznaczenia Asuryana	false
ancillary_sets_name_anc_set_exclusive_idrinth_khaine	Błogosławieństwo Khaine'a	false
ancillary_sets_name_anc_set_exclusive_idrinth_kurnous	Błogosławieństwo Kurnousa	false
ancillary_sets_name_anc_set_exclusive_idrinth_asuryan	Błogosławieństwo Asuryana	false
ancillary_sets_description_anc_set_exclusive_idrinth_khaine	Błogosławione przedmioty Khaine'a czynią z ciebie działające źródło śmierci i zniszczenia.	false
ancillary_sets_description_anc_set_exclusive_idrinth_kurnous	Błogosławione przedmioty Kurnousa czynią z ciebie jednego z najniebezpieczniejszych żyjących łowców.	false
ancillary_sets_description_anc_set_exclusive_idrinth_asuryan	Błogosławione przedmioty Asuryana definiują obrońcę bezbronnych,	false
building_chains_chain_tooltip_idrinth_hev_high_elf_vampires_chapel	Elficka Kaplica Wspólnotowa	false
building_chains_encyclopedia_description_idrinth_hev_high_elf_vampires_chapel	Kaplica dla małej społeczności elfickich wygnańców, poszukiwaczy przygód i włóczęgów.	false
building_chains_encyclopedia_name_idrinth_hev_high_elf_vampires_chapel	Elficka Kaplica Wspólnotowa	false
building_chains_encyclopedia_name_idrinth_hev_high_elf_vampires_beasts	Elficki Weterynarz	false
building_chains_encyclopedia_name_idrinth_hev_high_elf_vampires_diplomacy	Elfickie Przedstawicielstwo	false
building_chains_encyclopedia_name_idrinth_hev_high_elf_vampires_altar	Elficcy Rzemieślnicy	false
building_chains_encyclopedia_name_idrinth_hev_high_elf_vampires_horde	Elficki Obóz	false
building_chains_encyclopedia_name_idrinth_hev_high_elf_vampires_horde_healer_wagon	Elficcy Uzdrowiciele	false
building_chains_encyclopedia_name_idrinth_hev_high_elf_vampires_horde_quartermaster	Elficki Kwatermistrz	false
building_chains_encyclopedia_name_idrinth_hev_high_elf_vampires_horde_trader	Elficki Handlarz	false
building_culture_variants_name_idrinth_hev_high_elf_vampires_artisan_quarters	Dzielnica Rzemieślników	false
building_culture_variants_name_idrinth_hev_high_elf_vampires_tavern	Elficka Tawerna	false
building_culture_variants_name_idrinth_hev_high_elf_vampires_library	Elficka Biblioteka	false
building_culture_variants_name_idrinth_hev_high_elf_vampires_chapel_0	Kaplica Thaluii	false
building_culture_variants_name_idrinth_hev_high_elf_vampires_chapel_1_asuryan	Kaplica Thaluii Asuryana	false
building_culture_variants_name_idrinth_hev_high_elf_vampires_chapel_1_kurnous	Kaplica Thaluii Kurnousa	false
building_culture_variants_name_idrinth_hev_high_elf_vampires_chapel_1_khaine	Kaplica Thaluii Khaine'a	false
building_culture_variants_name_idrinth_hev_high_elf_vampires_chapel_2_asuryan	Wielka Kaplica Thaluii Asuryana	false
building_culture_variants_name_idrinth_hev_high_elf_vampires_chapel_2_kurnous	Wielka Kaplica Thaluii Kurnousa	false
building_culture_variants_name_idrinth_hev_high_elf_vampires_chapel_2_khaine	Wielka Kaplica Thaluii Khaine'a	false
building_culture_variants_name_idrinth_hev_high_elf_vampires_chapel_0_beasts	Chata Weterynarza	false
building_culture_variants_name_idrinth_hev_high_elf_vampires_chapel_1_beasts	Dom Weterynarza	false
building_culture_variants_name_idrinth_hev_high_elf_vampires_chapel_2_beasts	Rezydencja Weterynarza	false
building_culture_variants_name_idrinth_hev_high_elf_vampires_chapel_1_diplomacy	Małe Przedstawicielstwo	false
building_culture_variants_name_idrinth_hev_high_elf_vampires_chapel_2_diplomacy	Przedstawicielstwo	false
building_culture_variants_name_idrinth_hev_high_elf_vampires_chapel_2_altar	Wytwórcy Ołtarzy	false
building_culture_variants_name_idrinth_hev_high_elf_vampires_horde_0	Mały Obóz Thaluii	false
building_culture_variants_name_idrinth_hev_high_elf_vampires_horde_healer_wagon_0	Wóz Uzdrowiciela	false
building_culture_variants_name_idrinth_hev_high_elf_vampires_horde_quartermaster_0	Kwatermistrz	false
building_culture_variants_name_idrinth_hev_high_elf_vampires_horde_trader_0	Handlarz	false
building_culture_variants_name_idrinth_hev_high_elf_vampires_horde_1	Obóz Thaluii	false
building_culture_variants_name_idrinth_hev_high_elf_vampires_horde_healer_wagon_1	Wóz Mistrza Uzdrowiciela	false
building_culture_variants_name_idrinth_hev_high_elf_vampires_horde_quartermaster_1	Rada Obozu	false
building_culture_variants_name_idrinth_hev_high_elf_vampires_horde_trader_1	Kupiec	false
building_culture_variants_name_idrinth_hev_high_elf_vampires_horde_2	Duży Obóz Thaluii	false
building_culture_variants_name_idrinth_hev_high_elf_vampires_horde_healer_wagon_2	Wóz Szkoły Uzdrowicieli	false
building_culture_variants_name_idrinth_hev_high_elf_vampires_horde_quartermaster_2	Wysoka Rada	false
building_culture_variants_name_idrinth_hev_high_elf_vampires_horde_trader_2	Zgromadzenie Kupców	false
building_culture_variants_name_idrinth_hev_high_elf_vampires_artisan_quarters_1	Mała Dzielnica Rzemieślników	false
building_culture_variants_name_idrinth_hev_high_elf_vampires_artisan_quarters_2	Dzielnica Rzemieślników	false
building_culture_variants_name_idrinth_hev_high_elf_vampires_tavern_0	Mała Elficka Tawerna	false
building_culture_variants_name_idrinth_hev_high_elf_vampires_tavern_1	Elficka Tawerna	false
building_culture_variants_name_idrinth_hev_high_elf_vampires_tavern_2	Duża Elficka Tawerna	false
building_culture_variants_name_idrinth_hev_high_elf_vampires_library_2	Elficka Biblioteka	false
building_culture_variants_name_idrinth_hev_high_elf_vampires_horde_4	Mobilna Wioska Thaluii	false
building_culture_variants_name_idrinth_hev_high_elf_vampires_horde_healer_wagon_4	Wozy Akademii Uzdrowicieli	false
building_culture_variants_name_idrinth_hev_high_elf_vampires_horde_quartermaster_4	Rząd Wioski	false
building_culture_variants_name_idrinth_hev_high_elf_vampires_horde_trader_4	Gildia Kupców	false
building_sets_onscreen_description_idrinth_hev_high_elf_vampires_chapel	Zgromadzenie łotrów, wygnańców i poszukiwaczy przygód elfickiego pochodzenia, gromadzących się wokół kaplicy poświęconej ich bóstwom.	false
building_sets_onscreen_name_idrinth_hev_high_elf_vampires_chapel	Elficka Kaplica Wspólnotowa	false
building_sets_onscreen_name_idrinth_hev_high_elf_vampires_chapel_beast	Elficki Weterynarz	false
building_sets_onscreen_name_idrinth_hev_high_elf_vampires_chapel_diplomacy	Elfickie Przedstawicielstwo	false
building_sets_onscreen_name_idrinth_hev_high_elf_vampires_chapel_altar	Elficcy Rzemieślnicy	false
building_sets_onscreen_description_idrinth_hev_high_elf_vampires_chapel_beast	Elficki Weterynarz	false
building_sets_onscreen_description_idrinth_hev_high_elf_vampires_chapel_diplomacy	Elfickie Przedstawicielstwo	false
building_sets_onscreen_description_idrinth_hev_high_elf_vampires_chapel_altar	Elficcy Rzemieślnicy	false
building_sets_onscreen_description_idrinth_hev_high_elf_vampires_horde	Elficki Obóz	false
building_sets_onscreen_description_idrinth_hev_high_elf_vampires_horde_healer_wagon	Elficcy Uzdrowiciele	false
building_sets_onscreen_description_idrinth_hev_high_elf_vampires_horde_quartermaster	Elficki Kwatermistrz	false
building_sets_onscreen_description_idrinth_hev_high_elf_vampires_horde_trader	Elficki Handlarz	false
building_sets_onscreen_name_idrinth_hev_high_elf_vampires_horde	Elficki Obóz	false
building_sets_onscreen_name_idrinth_hev_high_elf_vampires_horde_healer_wagon	Elficcy Uzdrowiciele	false
building_sets_onscreen_name_idrinth_hev_high_elf_vampires_horde_quartermaster	Elficki Kwatermistrz	false
building_sets_onscreen_name_idrinth_hev_high_elf_vampires_horde_trader	Elficki Handlarz	false
building_sets_onscreen_name_idrinth_hev_high_elf_vampires_artisan_quarters	Elficka Dzielnica Rzemieślników	false
building_sets_onscreen_name_idrinth_hev_high_elf_vampires_tavern	Elficka Tawerna	false
building_sets_onscreen_name_idrinth_hev_high_elf_vampires_library	Elficka Biblioteka	false
building_sets_onscreen_description_idrinth_hev_high_elf_vampires_artisan_quarters	Elficka Dzielnica Rzemieślników	false
building_sets_onscreen_description_idrinth_hev_high_elf_vampires_tavern	Elficka Tawerna	false
building_sets_onscreen_description_idrinth_hev_high_elf_vampires_library	Elficka Biblioteka	false
building_short_description_texts_short_description_idrinth_hev_high_elf_vampires_chapel_0	Kaplica dla społeczności łotrów, wygnańców i poszukiwaczy przygód elfiego rodu. Ci elfowie podążają śladami Idrinth jako przykładu, jak prowadzić swoje życie.	false
building_short_description_texts_short_description_idrinth_hev_high_elf_vampires_chapel_1_asuryan	Kaplica dla społeczności łotrów, wygnańców i poszukiwaczy przygód elfiego rodu. Ci elfowie podążają śladami Idrinth jako przykładu, jak prowadzić swoje życie w imię Asuryan.	false
building_short_description_texts_short_description_idrinth_hev_high_elf_vampires_chapel_1_kurnous	Kaplica dla społeczności łotrów, wygnańców i poszukiwaczy przygód elfiego rodu. Ci elfowie podążają śladami Idrinth jako przykładu, jak prowadzić swoje życie w imię Kurnous.	false
building_short_description_texts_short_description_idrinth_hev_high_elf_vampires_chapel_1_khaine	Kaplica dla społeczności łotrów, wygnańców i poszukiwaczy przygód elfiego rodu. Ci elfowie podążają śladami Idrinth jako przykładu, jak prowadzić swoje życie w imię Khaine.	false
building_short_description_texts_short_description_idrinth_hev_high_elf_vampires_chapel_2_asuryan	Wspaniała kaplica dla społeczności łotrów, wygnańców i poszukiwaczy przygód elfiego rodu. Ci elfowie podążają śladami Idrinth jako przykładu, jak prowadzić swoje życie w imię Asuryan.	false
building_short_description_texts_short_description_idrinth_hev_high_elf_vampires_chapel_2_kurnous	Wspaniała kaplica dla społeczności łotrów, wygnańców i poszukiwaczy przygód elfiego rodu. Ci elfowie podążają śladami Idrinth jako przykładu, jak prowadzić swoje życie w imię Kurnous.	false
building_short_description_texts_short_description_idrinth_hev_high_elf_vampires_chapel_2_khaine	Wspaniała kaplica dla społeczności łotrów, wygnańców i poszukiwaczy przygód elfiego rodu. Ci elfowie podążają śladami Idrinth jako przykładu, jak prowadzić swoje życie w imię Khaine.	false
building_short_description_texts_short_description_idrinth_hev_high_elf_vampires_chapel_0_beasts	Mała chata weterynarzy pomagających zwierzętom zarówno ludzkich sąsiadów, jak i dzikich.	false
building_short_description_texts_short_description_idrinth_hev_high_elf_vampires_chapel_1_beasts	Dom weterynarzy pomagających zwierzętom zarówno ludzkich sąsiadów, jak i dzikich.	false
building_short_description_texts_short_description_idrinth_hev_high_elf_vampires_chapel_2_beasts	Duży kompleks weterynarzy pomagających zwierzętom zarówno ludzkich sąsiadów, jak i dzikich.	false
building_short_description_texts_short_description_idrinth_hev_high_elf_vampires_chapel_1_diplomacy	Mała elfia placówka kontaktowa, umożliwiająca bardziej bezpośrednią komunikację ze wszystkimi elfimi królestwami.	false
building_short_description_texts_short_description_idrinth_hev_high_elf_vampires_chapel_2_diplomacy	Elfia placówka kontaktowa, umożliwiająca bardziej bezpośrednią komunikację ze wszystkimi elfimi królestwami.	false
building_short_description_texts_short_description_idrinth_hev_high_elf_vampires_chapel_2_altar	Budynek wytwarzający zarówno normalne ołtarze, jak i wojenne ołtarze dla kaplic.	false
building_short_description_texts_short_description_idrinth_hev_high_elf_vampires_horde_0	Mały obóz sił Kaplicy Thaluian i ich sojuszników, utrzymywany przez obecność samego Idrinth.	false
building_short_description_texts_short_description_idrinth_hev_high_elf_vampires_horde_healer_wagon_0	Pojedynczy wóz zamieszkiwany przez wyszkolonego uzdrowiciela, który może pomóc w podstawowych dolegliwościach.	false
building_short_description_texts_short_description_idrinth_hev_high_elf_vampires_horde_quartermaster_0	Kwatermistrz organizujący zaopatrzenie w broń i zbroję oraz wypłatę wynagrodzeń.	false
building_short_description_texts_short_description_idrinth_hev_high_elf_vampires_horde_trader_0	Pojedynczy wóz kupca towarów powszechnych, który widzi korzyści w podążaniu za armią.	false
building_short_description_texts_short_description_idrinth_hev_high_elf_vampires_horde_1	Obóz sił Kaplicy Thaluian i ich sojuszników, utrzymywany przez ich nienawiść do chaosu i obecność samego Idrinth.	false
building_short_description_texts_short_description_idrinth_hev_high_elf_vampires_horde_healer_wagon_1	Grupa wozów mistrza uzdrowiciela i jego uczniów, zdolnych poradzić sobie z większością dolegliwości.	false
building_short_description_texts_short_description_idrinth_hev_high_elf_vampires_horde_quartermaster_1	Mała rada funkcjonariuszy obozowych pomagających organizować obóz zarówno w sprawach cywilnych, jak i wojskowych.	false
building_short_description_texts_short_description_idrinth_hev_high_elf_vampires_horde_trader_1	Wiele wozów kupców, którzy pomagają finansować armię, a także sami robią niezły zysk.	false
building_short_description_texts_short_description_idrinth_hev_high_elf_vampires_horde_2	Duży obóz sił Kaplicy Thaluian i ich sojuszników, utrzymywany przez ich nienawiść do chaosu, oportunizm i obecność samego Idrinth.	false
building_short_description_texts_short_description_idrinth_hev_high_elf_vampires_horde_healer_wagon_2	Grupa wozów zawierających wielu mistrzów uzdrowicieli, którzy wspólnie szkolą uczniów i leczą potrzebujących.	false
building_short_description_texts_short_description_idrinth_hev_high_elf_vampires_horde_quartermaster_2	Rada funkcjonariuszy obozowych prowadzona przez Idrinth, która rządzi obozem poprzez urzędników i wyroki.	false
building_short_description_texts_short_description_idrinth_hev_high_elf_vampires_horde_trader_2	Zorganizowana gildia kupców, która wykorzystuje obóz jako bazę domową, dostarczając elfie towary szerokiej gamie ludzi i czerpiąc korzyści finansowe.	false
building_short_description_texts_short_description_idrinth_hev_high_elf_vampires_artisan_quarters_1	Mały warsztat produkujący elfie rzemiosło, umożliwiający kaplicy generowanie handlu i dochodu.	false
building_short_description_texts_short_description_idrinth_hev_high_elf_vampires_artisan_quarters_2	Duży warsztat produkujący elfie rzemiosło i magiczne przedmioty, umożliwiający kaplicy generowanie handlu i dochodu.	false
building_short_description_texts_short_description_idrinth_hev_high_elf_vampires_tavern_0	Mała tawerna, która pozwala zarówno siłom kaplicy, jak i sojusznikom odpocząć po długich dniach.	false
building_short_description_texts_short_description_idrinth_hev_high_elf_vampires_tavern_1	Tawerna, która pozwala zarówno siłom kaplicy, jak i sojusznikom odpocząć po długich dniach.	false
building_short_description_texts_short_description_idrinth_hev_high_elf_vampires_tavern_2	Duża tawerna, która pozwala zarówno siłom kaplicy, jak i sojusznikom odpocząć po długich dniach.	false
building_short_description_texts_short_description_idrinth_hev_high_elf_vampires_library_2	Biblioteka zbierająca elfią wiedzę i badająca więcej.	false
campaign_localised_strings_string_idrinth_godly_blessings_explanation	Wybierz, któremu bogu poświęcić Idrinth, aby zyskać jego uwagę.	false
campaign_localised_strings_string_idrinth_godly_favour_explanation	Módl się do bogów, aby zdobyć błogosławieństwa dla swoich sojuszników.	false
campaign_payload_ui_details_description_dummy_spawn_idrinth_thalui	Rekrutuj nieznajomego.	false
cdir_events_dilemma_choice_details_localised_choice_label_idrinth_unlock_choiceFIRST	Przyjmij pomoc. (Bohater)	false
cdir_events_dilemma_choice_details_localised_choice_label_idrinth_unlock_choiceTHIRD	Przyjmij pomoc. (Generał)	false
cdir_events_dilemma_choice_details_localised_choice_label_idrinth_unlock_choiceSECOND	Przegonić nieznajomego.	false
cdir_events_dilemma_choice_details_localised_choice_label_idrinth_dilemma_high_elvesFIRST	Przegonić posłańca	false
cdir_events_dilemma_choice_details_localised_choice_label_idrinth_dilemma_wood_elvesFIRST	Zmusić ich do spotkania	false
cdir_events_dilemma_choice_details_localised_choice_label_idrinth_dilemma_kislevFIRST	Przekazać Idrinth	false
cdir_events_dilemma_choice_details_localised_choice_label_idrinth_dilemma_empireFIRST	Pozwól jej i Idrinth omówić przeszłe wojny	false
cdir_events_dilemma_choice_details_localised_choice_label_idrinth_dilemma_vampire_countsFIRST	Oskarżyć go o zabicie sługi	false
cdir_events_dilemma_choice_details_localised_choice_label_idrinth_dilemma_high_elvesSECOND	Skonfrontować się z Idrinth	false
cdir_events_dilemma_choice_details_localised_choice_label_idrinth_dilemma_wood_elvesSECOND	Ukryć Idrinth, aż strażnik zniknie	false
cdir_events_dilemma_choice_details_localised_choice_label_idrinth_dilemma_kislevSECOND	Wykonać egzekucję	false
cdir_events_dilemma_choice_details_localised_choice_label_idrinth_dilemma_empireSECOND	Pozwól jej i Idrinth omówić magię	false
cdir_events_dilemma_choice_details_localised_choice_label_idrinth_dilemma_vampire_countsSECOND	Zapytać go o zwój	false
cdir_events_dilemma_choice_details_localised_choice_label_idrinth_dilemma_high_elvesTHIRD	Sprawić, aby się spotkali	false
cdir_events_dilemma_choice_details_localised_choice_label_idrinth_dilemma_wood_elvesTHIRD	Skonfrontować się z Idrinth	false
cdir_events_dilemma_choice_details_localised_choice_label_idrinth_dilemma_kislevTHIRD	Pozwól mu do ciebie dołączyć	false
cdir_events_dilemma_choice_details_localised_choice_label_idrinth_dilemma_empireTHIRD	Zapytać ją o Idrinth	false
cdir_events_dilemma_choice_details_localised_choice_label_idrinth_dilemma_vampire_countsTHIRD	Szukać mordercy gdzie indziej	false
cdir_events_dilemma_choice_details_localised_choice_label_idrinth_dilemma_dwarvesFIRST	Podejść do krasnoludów, aby zapytać więcej o tego elfa	false
cdir_events_dilemma_choice_details_localised_choice_label_idrinth_dilemma_dwarvesSECOND	Podejść do Idrinth w sprawie wojen wampirów	false
cdir_events_dilemma_choice_details_localised_choice_label_idrinth_dilemma_dwarvesTHIRD	Przedstawić Idrinth krasnoludom	false
cdir_events_dilemma_choice_details_localised_choice_label_idrinth_dilemma_weaponFIRST	Asuryan.	false
cdir_events_dilemma_choice_details_localised_choice_label_idrinth_dilemma_weaponSECOND	Kurnous.	false
cdir_events_dilemma_choice_details_localised_choice_label_idrinth_dilemma_weaponTHIRD	Khaine.	false
cdir_events_dilemma_choice_details_localised_choice_label_idrinth_dilemma_armourFIRST	Asuryan.	false
cdir_events_dilemma_choice_details_localised_choice_label_idrinth_dilemma_armourSECOND	Kurnous.	false
cdir_events_dilemma_choice_details_localised_choice_label_idrinth_dilemma_armourTHIRD	Khaine.	false
cdir_events_dilemma_choice_details_localised_choice_label_idrinth_dilemma_talismanFIRST	Asuryan.	false
cdir_events_dilemma_choice_details_localised_choice_label_idrinth_dilemma_talismanSECOND	Kurnous.	false
cdir_events_dilemma_choice_details_localised_choice_label_idrinth_dilemma_talismanTHIRD	Khaine.	false
cdir_events_dilemma_choice_details_localised_choice_label_idrinth_mode_choiceFIRST	Ściślejsza zgodność z lore'em.	false
cdir_events_dilemma_choice_details_localised_choice_label_idrinth_mode_choiceSECOND	Luźniejsza zgodność z lore'em.	false
cdir_events_dilemma_choice_details_localised_choice_label_idrinth_dilemma_unlock_high_elvesFIRST	Niech Asuryan ma nad nami litość.	false
cdir_events_dilemma_choice_details_localised_choice_label_idrinth_dilemma_unlock_wood_elvesFIRST	Niech Kurnous ma nad nami litość.	false
cdir_events_dilemma_choice_details_localised_choice_label_idrinth_dilemma_unlock_kislevFIRST	Niech Ursun nam wybaczy.	false
cdir_events_dilemma_choice_details_localised_choice_label_idrinth_dilemma_unlock_empireFIRST	Niech Sigmar nam wybaczy.	false
cdir_events_dilemma_choice_details_localised_choice_label_idrinth_dilemma_unlock_vampire_countsFIRST	Dobrze.	false
cdir_events_dilemma_choice_details_localised_choice_label_idrinth_levelMinimum_choiceFIRST	Wczesna Gra	false
cdir_events_dilemma_choice_details_localised_choice_label_idrinth_levelMinimum_choiceSECOND	Późna wczesna gra.	false
cdir_events_dilemma_choice_details_localised_choice_label_idrinth_levelMinimum_choiceTHIRD	Wczesna Średnia Gra	false
cdir_events_dilemma_choice_details_localised_choice_label_idrinth_levelMinimum_choiceFOURTH	Średnia Gra	false
cdir_events_dilemma_choice_details_localised_choice_label_idrinth_chapels_choiceFIRST	Tak, kaplice.	false
cdir_events_dilemma_choice_details_localised_choice_label_idrinth_chapels_choiceSECOND	Nie, tylko bohater.	false
cdir_events_dilemma_choice_details_localised_choice_label_idrinth_story_dilemma_drakenhofFIRST	Dobrze wiedzieć.	false
cdir_events_dilemma_choice_details_localised_choice_label_idrinth_story_dilemma_temple_of_khaineFIRST	Dobrze wiedzieć.	false
cdir_events_dilemma_choice_details_localised_choice_label_idrinth_story_dilemma_shrine_of_khaineFIRST	Dobrze wiedzieć.	false
cdir_events_dilemma_choice_details_localised_choice_label_idrinth_story_dilemma_temple_of_asuryanFIRST	Dobrze wiedzieć.	false
cdir_events_dilemma_choice_details_localised_choice_label_idrinth_story_dilemma_temple_of_kurnousFIRST	Dobrze wiedzieć.	false
cdir_events_dilemma_choice_details_localised_choice_label_idrinth_story_dilemma_shrine_of_loecFIRST	Dobrze wiedzieć.	false
cdir_events_dilemma_choice_details_localised_choice_label_idrinth_story_dilemma_hel_fennFIRST	Dobrze wiedzieć.	false
cdir_events_dilemma_choice_details_localised_choice_label_idrinth_story_dilemma_black_pyramidFIRST	Dobrze wiedzieć.	false
cdir_events_dilemma_choice_details_localised_choice_label_idrinth_story_dilemma_vauls_anvil_ulthuanFIRST	Dobrze wiedzieć.	false
cdir_events_dilemma_choice_details_localised_choice_label_idrinth_story_dilemma_vauls_anvil_naggarothFIRST	Dobrze wiedzieć.	false
cdir_events_dilemma_choice_details_localised_choice_label_idrinth_story_dilemma_vauls_anvil_lorenFIRST	Dobrze wiedzieć.	false
cdir_events_dilemma_choice_details_localised_choice_label_idrinth_story_dilemma_tower_of_hoethFIRST	Dobrze wiedzieć.	false
cdir_events_dilemma_choice_details_localised_choice_label_idrinth_story_dilemma_blood_keepFIRST	Dobrze wiedzieć.	false
cdir_events_dilemma_choice_details_localised_choice_label_idrinth_story_dilemma_oak_of_agesFIRST	Dobrze wiedzieć.	false
cdir_events_dilemma_choice_details_localised_choice_label_idrinth_story_dilemma_the_galleons_graveyardFIRST	Dobrze wiedzieć.	false
cdir_events_dilemma_choice_details_localised_choice_label_idrinth_story_dilemma_sartosaFIRST	Dobrze wiedzieć.	false
cdir_events_dilemma_choice_details_localised_choice_label_idrinth_story_dilemma_lahmiaFIRST	Dobrze wiedzieć.	false
cdir_events_dilemma_choice_details_localised_choice_label_idrinth_story_dilemma_ghrondFIRST	Dobrze wiedzieć.	false
cdir_events_dilemma_choice_details_localised_choice_label_idrinth_story_choiceFIRST	Tak, wydarzenia fabularne.	false
cdir_events_dilemma_choice_details_localised_choice_label_idrinth_story_choiceSECOND	Nie, tylko bohater.	false
cdir_events_dilemma_choice_details_localised_choice_label_idrinth_dilemma_unlock_dark_elvesFIRST	Niech Khaine ma nad nami litość.	false
cdir_events_dilemma_choice_details_localised_choice_label_idrinth_dilemma_unlock_nagashFIRST	May the lost child serve well.	false
cdir_events_dilemma_choice_details_localised_choice_label_idrinth_dilemma_unlock_cathayFIRST	Niech zachowa równowagę.	false
cdir_events_dilemma_choice_details_localised_choice_label_idrinth_dilemma_unlock_bretonniaFIRST	Niech Dama nam wybaczy.	false
cdir_events_dilemma_choice_details_localised_choice_label_idrinth_dilemma_unlock_vampire_coastFIRST	Niech będzie łup.	false
character_skills_localised_name_idrinth_wh2_main_skill_all_hero_assist_army_training	Szkolenie Armii	false
character_skills_localised_name_idrinth_wh2_main_skill_all_hero_hinder_agent_assassinate	Zabójstwo	false
character_skills_localised_name_idrinth_wh2_main_skill_all_hero_hinder_army_assault_units	Atak na Jednostki	false
character_skills_localised_name_idrinth_wh2_main_skill_all_hero_reduce_action_cost	Specjalista	false
character_skills_localised_name_idrinth_wh2_main_skill_hef_combat_valour_of_ages	Męstwo Wieków	false
character_skills_localised_name_idrinth_wh2_main_skill_hef_generic_speed_of_asuryan	Szybkość Asuryana	false
character_skills_localised_name_idrinth_wh2_main_skill_hef_generic_warding_of_hoeth	Ochrona Hoetha	false
character_skills_localised_name_idrinth_wh2_main_skill_hef_generic_warding_of_loec	Ochrona Loeca	false
character_skills_localised_name_idrinth_wh3_dlc24_skill_all_all_self_colossal_strike	Kolosalny Cios	false
character_skills_localised_name_idrinth_wh_main_skill_all_all_self_blade_master	Mistrz Ostrza	false
character_skills_localised_name_idrinth_wh_main_skill_all_all_self_hard_to_hit	Trudny do Trafienia	false
character_skills_localised_name_idrinth_wh_main_skill_all_dignitary_self_conviction	Przekonanie	false
character_skills_localised_name_idrinth_wh_main_skill_all_dignitary_self_fervour	Żarliwość	false
character_skills_localised_name_idrinth_wh_main_skill_all_dignitary_self_inviolable_2	Nienaruszalny	false
character_skills_localised_name_idrinth_wh_main_skill_all_dignitary_self_tenacity_2	Wytrwałość	false
character_skills_localised_name_idrinth_wh_main_skill_all_magic_all_06_evasion	Unik	false
character_skills_localised_name_idrinth_wh_main_skill_all_magic_all_07_earthing	Uziemienie	false
character_skills_localised_name_idrinth_wh_main_skill_all_magic_all_08_power_drain	Wysysanie Mocy	false
character_skills_localised_name_idrinth_wh_main_skill_all_magic_all_11_arcane_conduit	Arkański Przewód	false
character_skills_localised_name_idrinth_wh_main_skill_vmp_dignitary_self_immortal_will	Nieśmiertelna Wola	false
character_skills_localised_name_idrinth_wh_main_skill_vmp_magic_vampires_01_invocation_of_nehek	Inwokacja Neheka	false
character_skills_localised_name_idrinth_wh_main_skill_vmp_magic_vampires_02_vanhels_danse_macabre	Taniec Śmierci Vanhela	false
character_skills_localised_name_idrinth_wh_main_skill_vmp_magic_vampires_04_gaze_of_nagash	Spojrzenie Nagasha	false
character_skills_localised_name_idrinth_wh_main_skill_vmp_magic_vampires_09_curse_of_years	Klątwa Lat	false
character_skills_localised_name_idrinth_wh_main_skill_vmp_magic_vampires_10_wind_of_death	Wiatr Śmierci	false
character_skills_localised_description_idrinth_wh2_main_skill_all_hero_assist_army_training		false
character_skills_localised_description_idrinth_wh2_main_skill_all_hero_hinder_agent_assassinate		false
character_skills_localised_description_idrinth_wh2_main_skill_all_hero_hinder_army_assault_units		false
character_skills_localised_description_idrinth_wh2_main_skill_all_hero_reduce_action_cost		false
character_skills_localised_description_idrinth_wh2_main_skill_hef_combat_valour_of_ages		false
character_skills_localised_description_idrinth_wh2_main_skill_hef_generic_speed_of_asuryan		false
character_skills_localised_description_idrinth_wh2_main_skill_hef_generic_warding_of_hoeth		false
character_skills_localised_description_idrinth_wh2_main_skill_hef_generic_warding_of_loec		false
character_skills_localised_description_idrinth_wh3_dlc24_skill_all_all_self_colossal_strike		false
character_skills_localised_description_idrinth_wh_main_skill_all_all_self_blade_master		false
character_skills_localised_description_idrinth_wh_main_skill_all_all_self_hard_to_hit		false
character_skills_localised_description_idrinth_wh_main_skill_all_dignitary_self_conviction		false
character_skills_localised_description_idrinth_wh_main_skill_all_dignitary_self_fervour		false
character_skills_localised_description_idrinth_wh_main_skill_all_dignitary_self_inviolable_2		false
character_skills_localised_description_idrinth_wh_main_skill_all_dignitary_self_tenacity_2		false
character_skills_localised_description_idrinth_wh_main_skill_all_magic_all_06_evasion		false
character_skills_localised_description_idrinth_wh_main_skill_all_magic_all_07_earthing		false
character_skills_localised_description_idrinth_wh_main_skill_all_magic_all_08_power_drain		false
character_skills_localised_description_idrinth_wh_main_skill_all_magic_all_11_arcane_conduit		false
character_skills_localised_description_idrinth_wh_main_skill_vmp_dignitary_self_immortal_will		false
character_skills_localised_description_idrinth_wh_main_skill_vmp_magic_vampires_01_invocation_of_nehek		false
character_skills_localised_description_idrinth_wh_main_skill_vmp_magic_vampires_02_vanhels_danse_macabre		false
character_skills_localised_description_idrinth_wh_main_skill_vmp_magic_vampires_04_gaze_of_nagash		false
character_skills_localised_description_idrinth_wh_main_skill_vmp_magic_vampires_09_curse_of_years		false
character_skills_localised_description_idrinth_wh_main_skill_vmp_magic_vampires_10_wind_of_death		false
character_skills_localised_description_idrinth_wh_dlc05_skill_magic_shadow_enfeebling_foe	Po rzuceniu, zaklęcie osłabia umysły wrogów; czują oni przytłaczający ciężar rzeczywistości spadający na nich.	false
character_skills_localised_description_idrinth_wh_dlc05_skill_magic_shadow_mystifying_miasma	Rzucający tka dezorientującą mgłę, która otępia i wprowadza w błąd wrogów, sprawiając, że się potykają i zataczają.	false
character_skills_localised_description_idrinth_wh_dlc05_skill_magic_shadow_pit_of_shades	Czarodziej otwiera wir prowadzący do Studni. Wszystko, co w nim uwięźnie, zostanie stracone na zawsze.	false
character_skills_localised_description_idrinth_wh_dlc05_skill_magic_shadow_the_withering	Czarodziej niszczy wrogów od środka, korodując ich umysły wątpliwościami i kryzysem.	false
character_skills_localised_description_idrinth_wh_main_skill_all_magic_death_01_spirit_leech		false
character_skills_localised_description_idrinth_wh_main_skill_all_magic_death_04_soulblight		false
character_skills_localised_description_idrinth_wh_main_skill_all_magic_death_05_doom_and_darkness		false
character_skills_localised_description_idrinth_wh_main_skill_all_magic_death_09_the_fate_of_bjuna		false
character_skills_localised_name_idrinth_wh_dlc05_skill_magic_shadow_enfeebling_foe	Osłabiający Wróg	false
character_skills_localised_name_idrinth_wh_dlc05_skill_magic_shadow_mystifying_miasma	Dezorientująca Miazma Melkotha	false
character_skills_localised_name_idrinth_wh_dlc05_skill_magic_shadow_pit_of_shades	Studnia Cieni	false
character_skills_localised_name_idrinth_wh_dlc05_skill_magic_shadow_the_withering	Więdnięcie	false
character_skills_localised_name_idrinth_wh_main_skill_all_magic_death_01_spirit_leech	Pijawka Ducha	false
character_skills_localised_name_idrinth_wh_main_skill_all_magic_death_04_soulblight	Zaraza Duszy	false
character_skills_localised_name_idrinth_wh_main_skill_all_magic_death_05_doom_and_darkness	Zagłada i Ciemność	false
character_skills_localised_name_idrinth_wh_main_skill_all_magic_death_09_the_fate_of_bjuna	Los Bjuny	false
character_skills_localised_name_idrinth_skill_magic_weapon_master	Mistrz Ostrza, Łuku i Magii	false
character_skills_localised_description_idrinth_skill_magic_weapon_master	Jeśli można to rzucić, wystrzelić lub ciąć, opanował wszystko, czego postanowił się nauczyć.	false
character_skills_localised_description_idrinth_wh_dlc05_skill_wef_army_buff_ranged_ammunition	Czym jest strażnik bez strzały? Kto może być najlepszy bez dziesiątek?	false
character_skills_localised_description_idrinth_wh_dlc05_skill_wef_army_buff_ranged_extra_reload	Strażnik nie powinien dawać wytchnienia wrogowi. Strzały muszą padać jak potop, śmiertelne jak błyskawica.	false
character_skills_localised_description_idrinth_wh_dlc05_skill_wef_army_buff_ranged_missile_damage	Niech każdy bełt będzie przesiąknięty siłą Kurnous i niesie śmierć wszystkim jego wrogom.	false
character_skills_localised_description_idrinth_wh_dlc05_skill_wef_general_personal_buff_ranged_ability_high_tier_killer_1	Gdy strzała leci dalej, może zabić szybciej, co jest kluczowe w Polowaniu.	false
character_skills_localised_name_idrinth_wh_dlc05_skill_wef_army_buff_ranged_ammunition	Kołczan Natury	false
character_skills_localised_name_idrinth_wh_dlc05_skill_wef_army_buff_ranged_extra_reload	Deszcz Kolców	false
character_skills_localised_name_idrinth_wh_dlc05_skill_wef_army_buff_ranged_missile_damage	Bełty Lasu	false
character_skills_localised_name_idrinth_wh_dlc05_skill_wef_general_personal_buff_ranged_ability_high_tier_killer_1	Strzała Kurnous	false
character_skills_localised_description_idrinth_loremaster_lore_of_death	Ten mag był świadkiem i sprawcą śmierci tak często, że jest związany z jej wiatrem.	false
character_skills_localised_name_idrinth_loremaster_lore_of_death	Mistrz Wiedzy: Śmierć	false
character_skills_localised_description_idrinth_loremaster_lore_of_shadows	Ten mag jest mistrzem gry cieni.	false
character_skills_localised_name_idrinth_loremaster_lore_of_shadows	Mistrz Wiedzy: Cienie	false
character_skills_localised_description_idrinth_loremaster_lore_of_vampires	Ten mag całkowicie opanował nekromancję.	false
character_skills_localised_name_idrinth_loremaster_lore_of_vampires	Mistrz Wiedzy: Wampiry	false
character_skills_localised_name_idrinth_diplomat_high_elves	Pokrewieństwo Poprzez Wieki	false
character_skills_localised_name_idrinth_diplomat_wood_elves	Krewni Łowcy	false
character_skills_localised_name_idrinth_diplomat_dark_elves	Przeklęci Krewni	false
character_skills_localised_name_idrinth_diplomat_vampire_coast	Krewni Krwi i Soli	false
character_skills_localised_name_idrinth_diplomat_vampire_counts	Krwawi Krewni	false
character_skills_localised_name_idrinth_diplomat_bretonnia	Honor i Przysięgi	false
character_skills_localised_name_idrinth_diplomat_norsca	Siła Tworzy Prawo	false
character_skills_localised_name_idrinth_diplomat_kislev	Gorzki Chłód	false
character_skills_localised_name_idrinth_diplomat_cathay	Plany Równowagi	false
character_skills_localised_name_idrinth_diplomat_empire	Dla Przyszłości Ludzkości	false
character_skills_localised_name_idrinth_diplomat_lizardmen	Łuskowate Plany	false
character_skills_localised_name_idrinth_diplomat_dwarves	Stare Przysięgi	false
character_skills_localised_name_idrinth_ranger_knowledge	Wiedza Strażników	false
character_skills_localised_name_idrinth_blade_dancing	Taniec Ostrza	false
character_skills_localised_name_idrinth_unusual_training	Niezwykłe Szkolenie	false
character_skills_localised_name_idrinth_running_wild	Dziki Bieg	false
character_skills_localised_name_idrinth_veterans	Elficcy Weterani	false
character_skills_localised_name_idrinth_strong_as_stone	Mocny Jak Kamień	false
character_skills_localised_name_idrinth_beasts_of_nature	Bestie Natury	false
character_skills_localised_description_idrinth_ranger_knowledge		false
character_skills_localised_description_idrinth_blade_dancing		false
character_skills_localised_description_idrinth_unusual_training		false
character_skills_localised_description_idrinth_running_wild		false
character_skills_localised_description_idrinth_veterans		false
character_skills_localised_description_idrinth_strong_as_stone		false
character_skills_localised_description_idrinth_beasts_of_nature		false
character_skills_localised_name_idrinth_lord_of_free_blades	Pan Wolnych Ostrzy	false
character_skills_localised_description_idrinth_lord_of_free_blades		false
character_skills_localised_name_idrinth_hidden_paths	Ukryte Ścieżki	false
character_skills_localised_description_idrinth_hidden_paths		false
character_skills_localised_name_idrinth_elven_healing	Elfickie Uzdrawianie	false
character_skills_localised_description_idrinth_elven_healing		false
character_skills_localised_name_idrinth_knowledge_sharing	Dzielenie się Wiedzą	false
character_skills_localised_description_idrinth_knowledge_sharing		false
character_trait_levels_colour_text_idrinth_elf_slayer_khaine_known	Jesteś znanym zabójcą elfów dla Khaine i innych elfów.	false
character_trait_levels_explanation_text_idrinth_elf_slayer_khaine_known	Walczyłeś z wieloma armiami elfów.	false
character_trait_levels_onscreen_name_idrinth_elf_slayer_khaine_known	Przeklęty przez Khaine Zabójca Elfów	false
character_trait_levels_removal_text_idrinth_elf_slayer_khaine_known		false
character_trait_levels_colour_text_idrinth_elf_slayer_khaine_despised	Jesteś znanym zabójcą elfów dla Khaine i innych elfów.	false
character_trait_levels_explanation_text_idrinth_elf_slayer_khaine_despised	Walczyłeś z wieloma armiami elfów.	false
character_trait_levels_onscreen_name_idrinth_elf_slayer_khaine_despised	Pogardzany Przeklęty przez Khaine Zabójca Elfów	false
character_trait_levels_removal_text_idrinth_elf_slayer_khaine_despised		false
character_trait_levels_colour_text_idrinth_elf_slayer_khaine_hated	Jesteś znanym zabójcą elfów dla Khaine i innych elfów.	false
character_trait_levels_explanation_text_idrinth_elf_slayer_khaine_hated	Walczyłeś z wieloma armiami elfów.	false
character_trait_levels_onscreen_name_idrinth_elf_slayer_khaine_hated	Znienawidzony Przeklęty przez Khaine Zabójca Elfów	false
character_trait_levels_removal_text_idrinth_elf_slayer_khaine_hated		false
character_trait_levels_colour_text_idrinth_elf_slayer_kurnous_known	Jesteś znanym zabójcą elfów dla Kurnous i innych elfów.	false
character_trait_levels_explanation_text_idrinth_elf_slayer_kurnous_known	Walczyłeś z wieloma armiami elfów.	false
character_trait_levels_onscreen_name_idrinth_elf_slayer_kurnous_known	Przeklęty przez Kurnous Zabójca Elfów	false
character_trait_levels_removal_text_idrinth_elf_slayer_kurnous_known		false
character_trait_levels_colour_text_idrinth_elf_slayer_kurnous_despised	Jesteś znanym zabójcą elfów dla Kurnous i innych elfów.	false
character_trait_levels_explanation_text_idrinth_elf_slayer_kurnous_despised	Walczyłeś z wieloma armiami elfów.	false
character_trait_levels_onscreen_name_idrinth_elf_slayer_kurnous_despised	Pogardzany Przeklęty przez Kurnous Zabójca Elfów	false
character_trait_levels_removal_text_idrinth_elf_slayer_kurnous_despised		false
character_trait_levels_colour_text_idrinth_elf_slayer_kurnous_hated	Jesteś znanym zabójcą elfów dla Kurnous i innych elfów.	false
character_trait_levels_explanation_text_idrinth_elf_slayer_kurnous_hated	Walczyłeś z wieloma armiami elfów.	false
character_trait_levels_onscreen_name_idrinth_elf_slayer_kurnous_hated	Znienawidzony Przeklęty przez Kurnous Zabójca Elfów	false
character_trait_levels_removal_text_idrinth_elf_slayer_kurnous_hated		false
character_trait_levels_colour_text_idrinth_elf_slayer_asuryan_known	Jesteś znanym zabójcą elfów dla Asuryan i innych elfów.	false
character_trait_levels_explanation_text_idrinth_elf_slayer_asuryan_known	Walczyłeś z wieloma armiami elfów.	false
character_trait_levels_onscreen_name_idrinth_elf_slayer_asuryan_known	Przeklęty przez Asuryan Zabójca Elfów	false
character_trait_levels_removal_text_idrinth_elf_slayer_asuryan_known		false
character_trait_levels_colour_text_idrinth_elf_slayer_asuryan_despised	Jesteś znanym zabójcą elfów dla Asuryan i innych elfów.	false
character_trait_levels_explanation_text_idrinth_elf_slayer_asuryan_despised	Walczyłeś z wieloma armiami elfów.	false
character_trait_levels_onscreen_name_idrinth_elf_slayer_asuryan_despised	Pogardzany Przeklęty przez Asuryan Zabójca Elfów	false
character_trait_levels_removal_text_idrinth_elf_slayer_asuryan_despised		false
character_trait_levels_colour_text_idrinth_elf_slayer_asuryan_hated	Jesteś znanym zabójcą elfów dla Asuryan i innych elfów.	false
character_trait_levels_explanation_text_idrinth_elf_slayer_asuryan_hated	Walczyłeś z wieloma armiami elfów.	false
character_trait_levels_onscreen_name_idrinth_elf_slayer_asuryan_hated	Znienawidzony Przeklęty przez Asuryan Zabójca Elfów	false
character_trait_levels_removal_text_idrinth_elf_slayer_asuryan_hated		false
character_trait_levels_onscreen_name_idrinth_killer	Zemsta jest moja	false
character_trait_levels_removal_text_idrinth_killer		false
character_trait_levels_explanation_text_idrinth_killer	Pokonałeś Idrinth Thalui.	false
character_trait_levels_colour_text_idrinth_killer	Pokonanie tego legendarnego lorda dało ci dodatkową wiedzę o walce.	false
character_trait_levels_onscreen_name_idrinth_devotion_asuryan_positive_1	Wielbiciel Asuryan	false
character_trait_levels_onscreen_name_idrinth_devotion_asuryan_positive_2	Kapłan Asuryan	false
character_trait_levels_onscreen_name_idrinth_devotion_asuryan_positive_3	Fanatyk Asuryan	false
character_trait_levels_onscreen_name_idrinth_devotion_asuryan_negative_1	Wątpiący w Asuryan	false
character_trait_levels_onscreen_name_idrinth_devotion_asuryan_negative_2	Renegat Asuryan	false
character_trait_levels_onscreen_name_idrinth_devotion_khaine_positive_1	Wielbiciel Khaine	false
character_trait_levels_onscreen_name_idrinth_devotion_khaine_positive_2	Kapłan Khaine	false
character_trait_levels_onscreen_name_idrinth_devotion_khaine_positive_3	Fanatyk Khaine	false
character_trait_levels_onscreen_name_idrinth_devotion_khaine_negative_1	Wątpiący w Khaine	false
character_trait_levels_onscreen_name_idrinth_devotion_khaine_negative_2	Renegat Khaine	false
character_trait_levels_onscreen_name_idrinth_devotion_kurnous_positive_1	Wielbiciel Kurnous	false
character_trait_levels_onscreen_name_idrinth_devotion_kurnous_positive_2	Kapłan Kurnous	false
character_trait_levels_onscreen_name_idrinth_devotion_kurnous_positive_3	Fanatyk Kurnous	false
character_trait_levels_onscreen_name_idrinth_devotion_kurnous_negative_1	Wątpiący w Kurnous	false
character_trait_levels_onscreen_name_idrinth_devotion_kurnous_negative_2	Renegat Kurnous	false
character_trait_levels_onscreen_name_idrinth_thalui_name_active	Thalui	false
cultures_frontend_description_idrinth_hev_high_elf_vampires	Sieć Kaplic Thaluii rozpościera się na wiele krajów, z rzadkimi, lecz potężnymi budowlami kaplicznymi broniącymi kluczowych osad i powstrzymującymi siły chaosu, zanim staną się większym zagrożeniem.	false
cultures_name_idrinth_hev_high_elf_vampires	Kaplica Thaluii	false
cultures_subcultures_battle_playstyle_description_idrinth_hev_high_elf_vampires	Kaplice Thaluii to mieszana elficka grupa najemników, poszukiwaczy przygód i wygnańców. Sieć Kaplic Thaluii rozpościera się na wiele krajów, z rzadkimi, lecz potężnymi budowlami kaplicznymi broniącymi kluczowych osad i powstrzymującymi siły chaosu, zanim staną się większym zagrożeniem.	false
cultures_subcultures_confederation_screen_name_idrinth_hev_high_elf_vampires		false
cultures_subcultures_confederation_summary_name_idrinth_hev_high_elf_vampires		false
cultures_subcultures_name_idrinth_hev_high_elf_vampires	Kaplice Thaluiańskie	false
dilemmas_localised_description_idrinth_unlock_choice	Pewnej nocy pojawia się nieznajomy w płaszczu, oferując swoją pomoc za niewielką opłatą. Czy przyjmujesz pomoc?	false
dilemmas_localised_title_idrinth_unlock_choice	Nieznajomy	false
dilemmas_localised_description_idrinth_dilemma_high_elves	Przybywa elficki posłaniec, szukający Idrinth. Idrinth, którego znasz, unikał go dotąd, może mógłbyś pomóc?	false
dilemmas_localised_description_idrinth_dilemma_wood_elves	Do twojego obozu przybywa leśny elf-strażnik. Oświadcza, że potrzebuje swojego zakrwawionego kuzyna. Idrinth szybko potwierdza, że to o niego chodziło, ale odmawia spotkania.	false
dilemmas_localised_description_idrinth_dilemma_empire	Stary uczony zbliża się do twojego obozu. Niosąc księgi przeszłości, twierdzi, że znalazł cenną wiedzę dla ciebie.	false
dilemmas_localised_description_idrinth_dilemma_kislev	W nocy, gdy lodowaty wiatr dręczy twoich strażników, łapią Kislevitę próbującego zakraść się do obozu. Jest młody i pozornie nieszkodliwy, ale co z nim zrobisz?	false
dilemmas_localised_description_idrinth_dilemma_vampire_counts	Pewnej nocy znajdujesz jednego ze swoich sług odsączonych z krwi tuż przed namiotem Idrinth. Wpadając do środka, zastaj go czytającego stary zwój przy stole.	false
dilemmas_localised_title_idrinth_dilemma_high_elves	Posłaniec	false
dilemmas_localised_title_idrinth_dilemma_wood_elves	Krwawi Kuzyni	false
dilemmas_localised_title_idrinth_dilemma_kislev	Intruz!	false
dilemmas_localised_title_idrinth_dilemma_empire	Uczony	false
dilemmas_localised_title_idrinth_dilemma_vampire_counts	Koniec Sługi	false
dilemmas_localised_description_idrinth_dilemma_dwarves	W pobliżu dostrzeżono grupę krasnoludów. Twoi zwiadowcy podsłuchali ich opowieści o wojnach wampirów. Jeden wspomniany elf brzmi podejrzanie jak Idrinth.	false
dilemmas_localised_title_idrinth_dilemma_dwarves	Stara Waśń	false
dilemmas_localised_description_idrinth_dilemma_weapon	Po ostatnim polowaniu Idrinth zbliża się do ciebie z czymś, co wygląda na starożytną elficką broń. Prosi cię o radę, komu ją poświęcić.	false
dilemmas_localised_title_idrinth_dilemma_weapon	Błogosławiona Broń	false
dilemmas_localised_description_idrinth_dilemma_armour	Po ostatniej bitwie Idrinth zbliża się do ciebie z czymś, co wygląda na starożytną elficką zbroje. Prosi cię o radę, komu ją poświęcić.	false
dilemmas_localised_title_idrinth_dilemma_armour	Błogosławiona Zbroja	false
dilemmas_localised_description_idrinth_dilemma_talisman	Po zakończeniu podróży na ten dzień Idrinth zbliża się do ciebie z czymś, co wygląda na starożytny elficki talizman. Prosi cię o radę, komu go poświęcić.	false
dilemmas_localised_title_idrinth_dilemma_talisman	Błogosławiony Talizman	false
dilemmas_localised_description_idrinth_mode_choice	Aktywuj bardziej restrykcyjną zgodność z osadzeniem, aby ograniczyć kultury rekrutujące Rycerza-Uczonego Idrinth Thalui do Wysokich Elfów, Leśnych Elfów, Kislevu, Imperium i Hrabiów Wampirów. Wybierz luźniejszy tryb, aby dodać również Wybrzeże Wampirów, Legiony Nagasha, Mroczne Elfy, Cathay i Bretonię.	false
dilemmas_localised_title_idrinth_mode_choice	Tryb: Bardziej lub Mniej Restrykcyjna Zgodność z Osadzeniem	false
dilemmas_localised_description_idrinth_dilemma_unlock_high_elves	Po przyjęciu twojej monety nieznajomy przedstawia się jako towarzysz Asur o imieniu Idrinth. Zdejmując płaszcz podróżny widzisz zniszczoną w walkach zbroję mistrza wiedzy, pasujący miecz oburęczny i metalowy łuk przy stoickich oczach sugerujących brutalności, które jeszcze mają nastąpić.	false
dilemmas_localised_title_idrinth_dilemma_unlock_high_elves	Idrinth Thalui	false
dilemmas_localised_description_idrinth_dilemma_unlock_wood_elves	Nie mogę się doczekać walki u boku łowców lasu, kuzynie - stwierdza asur przyjaznym tonem, pakując swoje wynagrodzenie i podróżny płaszcz. Może nie jestem tak wielkim strzelcem jak ty, ale cię nie spowolnię. Lekko rozbawiony uśmiech pojawia się wokół jego bezbarwnych warg, zanim znika. Niech nas spotka polowanie, o którym będą opowiadać przez wieki!	false
dilemmas_localised_title_idrinth_dilemma_unlock_wood_elves	Idrinth Thalui	false
dilemmas_localised_description_idrinth_dilemma_unlock_kislev	Nieznajomy rozbiera się po otrzymaniu zapłaty i odsłania elficką twarz i elficką broń pod swoimi podróżnymi szatami. Nazywam się Idrinth, walczę z naszymi wrogami dłużej niż większość z was żyje. Chętnie będę ćwiczył z siłami i ich nauczał. Lekki uśmiech pojawia się wokół jego bezbarwnych warg, zanim znika w bezczasowej twarzy.	false
dilemmas_localised_title_idrinth_dilemma_unlock_kislev	Idrinth Thalui	false
dilemmas_localised_description_idrinth_dilemma_unlock_empire	Walczyłem i krwawiłem z wojownikami wierzącymi w Ulfic lub Sigmara. Mamy tych samych wrogów - stwierdza, zdejmując swoje podróżne szaty - i nie mogę się doczekać, aby ich z wami odeprzeć. Dzieląc się moją wiedzą dla dobra świata. Jego oczy spoglądają chłodno na modlących się ludzi, zanim zwracają uwagę z powrotem na generała i jego straż.	false
dilemmas_localised_title_idrinth_dilemma_unlock_empire	Idrinth Thalui	false
dilemmas_localised_description_idrinth_dilemma_unlock_vampire_counts	Nieznajomy opuszcza swój kaptur, odsłaniając elfickie rysy. Nie jestem przyjacielem zniszczenia, ale nasi wrogowie zmusili mnie do tego. Chowając swoje monety stwierdza: Powrót do rodziny po wielu latach, gdy są w niebezpieczeństwie, jest słuszny, bez względu na to, kim ta rodzina jest. Czy się nie zgadzasz?	false
dilemmas_localised_title_idrinth_dilemma_unlock_vampire_counts	Idrinth Thalui	false
dilemmas_localised_description_idrinth_chapels_choice	Czy chcesz włączyć Kaplice Thaluiańskie dla swojej kampanii? Oferują one dodatkową obronę i opcje w porównaniu do samego posiadania bohatera.	false
dilemmas_localised_description_idrinth_levelMinimum_choice	Aby zrekrutować Idrinth Thalui, Rycerza-Uczonego, będziesz potrzebować generała o minimalnym poziomie. Jak wcześnie chcesz móc go zrekrutować?	false
dilemmas_localised_title_idrinth_story_choice	Wydarzenia Fabularne	false
dilemmas_localised_description_idrinth_story_choice	Czy chcesz włączyć wydarzenia fabularne, gdy Idrinth dotrze do konkretnych, ważnych miejsc?	false
dilemmas_localised_title_idrinth_chapels_choice	Kaplice Thaluiańskie	false
dilemmas_localised_title_idrinth_levelMinimum_choice	Ranga Sławy	false
dilemmas_localised_title_idrinth_story_dilemma_drakenhof	Drakenhof	false
dilemmas_localised_title_idrinth_story_dilemma_temple_of_khaine	Świątynia Khaine'a	false
dilemmas_localised_title_idrinth_story_dilemma_shrine_of_khaine	Sanktuarium Khaine'a	false
dilemmas_localised_title_idrinth_story_dilemma_temple_of_asuryan	Świątynia Asuryana	false
dilemmas_localised_title_idrinth_story_dilemma_temple_of_kurnous	Świątynia Kurnous	false
dilemmas_localised_title_idrinth_story_dilemma_shrine_of_loec	Sanktuarium Loeca	false
dilemmas_localised_title_idrinth_story_dilemma_hel_fenn	Hel Fenn	false
dilemmas_localised_title_idrinth_story_dilemma_black_pyramid	Czarna Piramida Nagasha	false
dilemmas_localised_title_idrinth_story_dilemma_vauls_anvil_ulthuan	Kowadło Vaula w Ulthuan	false
dilemmas_localised_title_idrinth_story_dilemma_vauls_anvil_naggaroth	Kowadło Vaula w Naggaroth	false
dilemmas_localised_title_idrinth_story_dilemma_vauls_anvil_loren	Kowadło Vaula w Athel Loren	false
dilemmas_localised_title_idrinth_story_dilemma_tower_of_hoeth	Wieża Hoetha	false
dilemmas_localised_title_idrinth_story_dilemma_blood_keep	Krwawa Twierdza	false
dilemmas_localised_title_idrinth_story_dilemma_oak_of_ages	Dąb Wieków	false
dilemmas_localised_title_idrinth_story_dilemma_the_galleons_graveyard	Cmentarzysko Galeonów	false
dilemmas_localised_title_idrinth_story_dilemma_sartosa	Sartosa	false
dilemmas_localised_title_idrinth_story_dilemma_lahmia	Lahmia	false
dilemmas_localised_title_idrinth_story_dilemma_ghrond	Ghrond	false
dilemmas_localised_description_idrinth_story_dilemma_drakenhof	Czarne iglice zamku Drakenhof przeszywają wieczny mrok Sylvanii. Idrinth stoi nieruchomo przed jego bramami, wspomnienia Wojen Wampirów powracają mimowolnie. Krwawiłem tu, szepcze, i powstałem na nowo. Von Carsteinowie nauczyli mnie, czym się stałem — czy chciałem się tego nauczyć, czy nie. Jego ręka spoczywa na rękojeści miecza. Czy wchodzi jako krewniak krwi, czy jako przypomnienie tego, co ich ambicja kosztowała świat?	false
dilemmas_localised_description_idrinth_story_dilemma_temple_of_khaine	Świątynia Khaine'a wyrasta z pustkowi Naggarothu, jej ołtarze śliskie od świeżych ofiar. Idrinth czuje spojrzenie Boga Morderstw — nie z nienawiścią, lecz z głodnym rozpoznaniem. Znasz rachunek mojego ostrza, mruczy do krwawej ciemności. Każde nasienie chaosu, które zakończyłem, każdy demon, którego wygnałem. Czy to cię cieszy, Zakrwawionych Dłoni? Czy tylko czekasz na dzień, gdy zwrócę je przeciw niewinnym?	false
dilemmas_localised_description_idrinth_story_dilemma_shrine_of_khaine	Miecz Khaine'a pulsuje złowrogą obietnicą, jego szepty przeszywają nawet nieumarłą nieruchomość Idrinth. Przez długą chwilę po prostu wpatruje się w Twórcę Wdów. Aenarion podniósł cię, by ocalić nasz lud i potępił swoją linię na wieki, mówi cicho. Byłem już potępiony, gdy złożyłem przysięgę zemsty. Czy uczyniłbyś mnie gorszym, czy po prostu... bardziej wydajnym? Jego palce drżą, ale nie sięgają.	false
dilemmas_localised_description_idrinth_story_dilemma_temple_of_asuryan	Święte płomienie świątyni Asuryana płoną wiecznie, a Idrinth nie zbliża się dalej niż do zewnętrznego dziedzińca. Chodziłem tymi korytarzami jako żyjący elf, mówi, jego głos pusty. Modliłem się tu przed wyruszeniem na wojnę przeciw nieumarłym. Teraz jestem tym, z czym walczyłem. Obserwuje tańczące płomienie. Czy wciąż mnie słyszysz, Panie Feniksa? Czy moja klątwa czyni z moich modlitw pośmiewisko?	false
dilemmas_localised_description_idrinth_story_dilemma_temple_of_kurnous	Starożytne drzewa otaczają sanktuarium łowieckie, a zapach dzikich miejsc wypełnia powietrze. Idrinth oddycha głęboko — stary nawyk z czasów, gdy oddech oznaczał życie. Wciąż poluję, Panie Dzikich Ostępów, zwraca się do porożnych kamieni. Choć nie jestem już częścią cyklu natury. Nie biorę zdobyczy dla pożywienia ciała, tylko dla zemsty ducha. Czy wieczne polowanie ma miejsce dla kogoś takiego jak ja?	false
dilemmas_localised_description_idrinth_story_dilemma_shrine_of_loec	Sanktuarium Loeca przesuwa się w kącie czyjegoś wzroku, nigdy nie będąc dokładnie tam, gdzie się wydaje. Idrinth pozwala sobie na rzadki, chłodny uśmiech. Bóg Oszustów. Nauczyłem się twoich sztuk, w pewien sposób — magia cieni przyszła mi łatwiej po śmierci niż kiedykolwiek za życia. Wykonuje drwiący półukłon. Czy to twój żart, Śmiejący się? Że tańczę lepiej teraz, gdy moje stopy są zimne?	false
dilemmas_localised_description_idrinth_story_dilemma_hel_fenn	Bagna Hel Fenn rozciągają się przed nim, a wyraz twarzy Idrinth staje się nieodgadniony. To tutaj się skończyło. I zaczęło. Jego głos nie niesie żadnych emocji. Pamiętam błoto. Krew. Hordę Mannfreda krusząca się wokół nas. Pamiętam, że myślałem, że wygraliśmy. Długa pauza. Nie pamiętam umierania. Tylko przebudzenie, trzy noce później, głodny czegoś, czego nie potrafiłem nazwać.	false
dilemmas_localised_description_idrinth_story_dilemma_black_pyramid	Pomnik Nagasha wznosi się nad pustynnym niebem, promieniując mocą, która sprawia, że klątwa Idrinth wije się w nim. Ojciec całego naszego potępienia, mówi, ani z szacunkiem, ani z pogardą — po prostu stwierdzając fakt. Każdy wampir istnieje, ponieważ sięgnąłeś zbyt daleko, Wielki Nekromancie. Moja klątwa płynie z twojej ambicji. Studiuje starożytne kamienie. Zastanawiam się — czy aprobuj esz sposób, w jaki używam twojego daru? Obracając śmierć przeciw samemu Chaosowi?	false
dilemmas_localised_description_idrinth_story_dilemma_vauls_anvil_ulthuan	Kuźnia-sanktuarium Vaula promieniuje starożytną mocą, a zaklęte bronie Idrinth zdają się brzęczeć w odpowiedzi. Niosłem broń błogosławioną w mniejszych kuźniach do Wojen Wampirów, wspomina. Rozbiły się o nieumarłych. Teraz jestem nieumarły i noszę broń, która pobiłaby to, czym się stałem. Jego palce kreślą ostrze miecza. Jest w tym poezja, takiej, którą tylko Twórca mógłby docenić.	false
dilemmas_localised_description_idrinth_story_dilemma_vauls_anvil_naggaroth	Mroczne Elfy roszą sobie prawo do własnego połączenia z Bogiem Kowali, ich kuźnie płoną gorzkim wysiłkiem. Idrinth obserwuje bez zbliżania się. Kuzyni, rozmyśla. Oni upadli w jedną ciemność, ja w inną. Ale oni wybrali swoją ścieżkę. Czasami zastanawiam się, czy to czyni ich bardziej uczciwymi ode mnie — oni przyjęli to, czym się stali, podczas gdy ja wciąż udaję, że jestem tym, kim byłem.	false
dilemmas_localised_description_idrinth_story_dilemma_vauls_anvil_loren	Leśne Elfy utrzymują nauki Vaula na swój sposób, kształtując żywe drewno obok martwego metalu. Idrinth obserwuje rzemiosło z naukowym zainteresowaniem. Życie i śmierć połączone w jednej broni, zauważa. Asrai rozumieją coś, czego inne rody nie — że granica jest bardziej... przepuszczalna, niż lubimy wierzyć. Duch jego starej akademickiej fascynacji wychodzi na powierzchnię. Powinienem zbadać ich techniki.	false
dilemmas_localised_description_idrinth_story_dilemma_tower_of_hoeth	Biała Wieża wznosi się niemożliwie wysoko, repozytorium całej wiedzy Wysokich Elfów. Idrinth zatrzymuje się u podstawy, niezdolny — lub niechętny — wejść. Byłem Mistrzem Wiedzy, mówi, głos pękający ze starożytnego żalu. Studiowałem w tych salach. Znałem tajne drogi, ukryte biblioteki, zakazane sekcje. Jego oczy nie mrugają. Czy wciąż wypowiadają moje imię? Czy wykreślili je z zapisów, udając, że nigdy nie istniałem?	false
dilemmas_localised_description_idrinth_story_dilemma_blood_keep	Twierdza Krwawych Smoków stoi dumnie w swojej górskiej твердyni, pomnik wojskowego honoru wśród potępionych. Idrinth patrzy na nią z czymś przypominającym szacunek. Spuścizna Abhorasha. Wampiry, które próbują przezwyciężyć swoją klątwę przez perfekcję broni. Dotyka własnego ostrza. Rozumiem ten impuls. Być czymś więcej niż potworem, nawet gdy potwór jest tym, czym jesteś.	false
dilemmas_localised_description_idrinth_story_dilemma_oak_of_ages	Obecność Światowego Drzewa jest przytłaczająca, a Idrinth zbliża się powoli, jakby zbliżał się do sądzącego boga. Serce wszystkich lasów. Korzeń świata. Mówi ledwo powyżej szeptu. Polowałem w twoim cieniu kiedyś, za moich żywych dni. Leśne elfy tolerowały moją obecność jako krewnego. Patrzy w dół na swoje blade ręce. Czy drzewa mnie pamiętają? Czy cofają się przed tym, co chodzi wśród ich korzeni teraz?	false
dilemmas_localised_description_idrinth_story_dilemma_the_galleons_graveyard	Statki gniją wiecznie w Cmentarzysku Galeonów, ich nieumarłe załogi utrzymują parodię morskiej tradycji. Idrinth przegląda wrak z niesmakiem. Noctilus i jego banda. Wampiry, które porzuciły wszelkie pozory swoich dawnych żyć, by stać się czymś... mniejszym. Potrząsa głową. Rozumiem pokusę. Gdy możesz żyć wiecznie, czemu nie zostać królem piratów? Ale zapomnieli, z czym powinniśmy walczyć.	false
dilemmas_localised_description_idrinth_story_dilemma_sartosa	Przystań piratów rozciąga się przed nim, bezprawna i niebezpieczna — a jednak niemal odświeżająco szczera w tym. Miasto, gdzie martwi i żywi handlują obok siebie, zjednoczeni chciwością, zauważa Idrinth. Czuję się tutaj dziwnie komfortowo. Nikt nie udaje, że nie jestem tym, czym jestem. Nikt nie żąda, bym udawał człowieczeństwo, którego już nie posiadam. Pauzuje. Może dlatego powinienem szybko odejść.	false
dilemmas_localised_description_idrinth_story_dilemma_lahmia	Ruiny Lahmii szepczą o starożytnej chwale i pierwszych wampirach. Idrinth przemierza puste ulice z czymś przypominającym cześć. Gdzie to wszystko się zaczęło. Neferata i jej dwór, pierwsi, którzy pili z zatrutonego pucharu Nagasha. Klęka obok powalonego posągu. Studiowałem historie. Pierwsi wampiry byli uczonymi, królowymi, wojownikami wielkiej ogłady. Spójrz, czym stała się ich spuścizna. Spójrz, czym się stałem.	false
dilemmas_localised_description_idrinth_story_dilemma_ghrond	Północna Wieża Czarodziejek wznosi się ciemna na północnym niebie, moc Morathi wyczuwalna nawet z daleka. Szczęka Idrinth zaciska się. Matka Króla-Czarnoksiężnika. Ta, która przyniosła kult Chaosu elfom. Jego głos niesie chłodną nienawiść. Zabiłem wielu sług Mrocznych Mocy. Ale ta... ta byłaby warta każdej ceny. Nie zbliża się. Jeszcze nie. Cierpliwość. Zemsta jest wieczna. Mam czas.	false
dilemmas_localised_description_idrinth_dilemma_unlock_bretonnia	Nieznajomy zdejmuje swój podróżny płaszcz z wprawną gracją, odsłaniając elficką zbroję pod spodem. Służyłem wcześniej u boku rycerzy - mówi, pochylając głowę z dworską precyzją. Honor i obowiązek przekraczają granice rasy. Twoja Dama chroni te ziemie, a ja chciałbym je widzieć bronione przed ciemnością, która wszystko pochłania. Jego blade rysy pozostają spokojne, chociaż jego bezbarwne wargi nie zdradzają ciepła. Ruszmy przeciwko naszemu wspólnemu wrogowi.	false
dilemmas_localised_title_idrinth_dilemma_unlock_bretonnia	Idrinth Thalui	false
dilemmas_localised_description_idrinth_dilemma_unlock_dark_elves	Nieznajomy odsuwa swój kaptur, odsłaniając niewątpliwie Asurowe rysy - jednak jego oczy nie mają ich typowej pogardy. Kuzynie - mówi, słowo to nie niesie ani kpiny, ani ciepła. Nie obchodzą mnie starożytne urazy. Chaos pożera Druchii i Asur jednakowo, i nauczyłem się, że przetrwanie wymaga... elastyczności. Bezradosny uśmiech przemyka przez jego bezbarwne wargi. Rozumiesz pragmatyzm lepiej niż większość. Czy wykorzystamy to?	false
dilemmas_localised_title_idrinth_dilemma_unlock_dark_elves	Idrinth Thalui	false
dilemmas_localised_description_idrinth_dilemma_unlock_cathay	Odziana w szaty postać kłania się z nieoczekiwaną formalnością, następnie prostuje się, odsłaniając elfickie rysy pod swoimi podróżnymi szatami. Chodziłem po waszych ziemiach wcześniej, w minionych epokach - stwierdza, jego głos jest wyważony i spokojny. Wielki Bastion powstrzymuje okropności, które znam aż za dobrze. Równowaga musi być utrzymana przeciwko Zgubnym Mocom. Jego bezczasowe oczy studiują urzędników Cathay z naukowym zainteresowaniem. Oferuję wiedzę obejmującą tysiąclecia. Może możemy się od siebie nauczyć.	false
dilemmas_localised_title_idrinth_dilemma_unlock_cathay	Idrinth Thalui	false
dilemmas_localised_description_idrinth_dilemma_unlock_nagash	Kaptur nieznajomego opada, odsłaniając elficką twarz nietknięta przez czas. Wiem, komu służysz - mówi sucho, spotykając wzrok nieumarłych bez wahania. I wiem, czym jestem. Nie musimy udawać inaczej. Poprawia wielki miecz na plecach ze znajomą łatwością. Wrogowie Nagasha są sługami Chaosu. Na razie to zbieżność celów wystarcza. Jego bezbarwne wargi wykrzywiają się w coś przypominającego mroczną rozrywkę. Wielki Nekromanta zbiera wszystko z czasem. Po prostu wybieram warunki.	false
dilemmas_localised_title_idrinth_dilemma_unlock_nagash	Idrinth Thalui	false
dilemmas_localised_description_idrinth_dilemma_unlock_vampire_coast	Nieznajomy zrzuca swój poplamiony solą płaszcz, odsłaniając elfickie rysy i starożytną zbroję pod spodem. Pływałem po ciemniejszych morzach niż te - zauważa, patrząc na chwiejącą się załogę bez obrzydzenia. Krew to krew, czy pobrana na lądzie, czy wodzie. Wyjmuje swój sakiewkę z zapłatą, ważąc ją z namysłem. Polujesz, najeżdżasz, przetrwasz. Szanuję to. Świadomy uśmiech przemyka przez jego bladą twarz. I podejrzewam, że twoi kapitanowie rozumieją - nieśmiertelność zmienia czyjeś perspektywy na... wszystko.	false
dilemmas_localised_title_idrinth_dilemma_unlock_vampire_coast	Idrinth Thalui	false
effect_bundles_localised_description_idrinth_dilemma_empire_FIRST	Uczony był bardzo zainteresowany starymi wojnami. Dyskusja z Idrinth poprowadziła ją do odkrycia taktyk, które są również użyteczne teraz.	false
effect_bundles_localised_description_idrinth_dilemma_empire_SECOND	Uczony i Idrinth omawiali magię, znajdując drobne ulepszenia dla twoich magów do wdrożenia.	false
effect_bundles_localised_description_idrinth_dilemma_empire_THIRD	Zapytałeś uczonego o Idrinth, dowiadując się o jego długiej wojnie przeciw chaosowi.	false
effect_bundles_localised_description_idrinth_dilemma_high_elves_FIRST	Przepędziłeś posłańca, ułatwiając życie Idrinth.	false
effect_bundles_localised_description_idrinth_dilemma_high_elves_SECOND	Skonfrontowałeś Idrinth z jego przeszłością, zostawiając go w mroczniejszym nastroju.	false
effect_bundles_localised_description_idrinth_dilemma_high_elves_THIRD	Idrinth spotkał posłańca swojego starego ludu, dowiadując się o obecnych celach jego rodziny. Wydaje się być w jaśniejszym nastroju.	false
effect_bundles_localised_description_idrinth_dilemma_kislev_FIRST	Przekazałeś intruza Idrinth do przesłuchania.	false
effect_bundles_localised_description_idrinth_dilemma_kislev_SECOND	Zabiłeś intruza, gniewając ojczyznę, ale zapobiegając gorszemu.	false
effect_bundles_localised_description_idrinth_dilemma_kislev_THIRD	Intruz dołączył do ciebie, czyniąc Idrinth głęboko nieswojo.	false
effect_bundles_localised_description_idrinth_dilemma_vampire_counts_FIRST	Oskarżyłeś Idrinth o zamordowanie i osączenie sługi. Stara się udowodnić swoją niewinność.	false
effect_bundles_localised_description_idrinth_dilemma_vampire_counts_SECOND	Zapytałeś Idrinth o zwój, dowiadując się o starożytnych teoriach magicznych.	false
effect_bundles_localised_description_idrinth_dilemma_vampire_counts_THIRD	Zdecydowałeś się szukać mordercy gdzie indziej, a twoje wojska są teraz w wyższej gotowości.	false
effect_bundles_localised_description_idrinth_dilemma_wood_elves_FIRST	Idrinth i strażnik spotkali się i zaczęli walczyć o to, co on zrobił jej wiosce.	false
effect_bundles_localised_description_idrinth_dilemma_wood_elves_SECOND	Ukryłeś Idrinth przed strażnikiem, dopóki nie odeszła. Choć jest wdzięczny, ściemniło to jego nastrój.	false
effect_bundles_localised_description_idrinth_dilemma_wood_elves_THIRD	Skonfrontowałeś Idrinth z strażnikiem, zmuszając go do myślenia o swojej przeszłości i teraźniejszości.	false
effect_bundles_localised_description_idrinth_dilemma_dwarves_FIRST	Zapytałeś krasnoludów o elfa, prowadząc cię do większych podejrzeń wobec Idrinth. On z kolei jest mniej swobodny w twoim towarzystwie, skoro próbowałeś grzebać w jego przeszłości.	false
effect_bundles_localised_description_idrinth_dilemma_dwarves_SECOND	Wymieniliście informacje o Wojnach Wampirów, otrzymując informacje z pierwszej ręki.	false
effect_bundles_localised_description_idrinth_dilemma_dwarves_THIRD	Przedstawiłeś Idrinth krasnoludom. Nie poszło dokładnie tak, jak zamierzałeś, gdy próbowali zaatakować potwora, którym się stał.	false
effect_bundles_localised_title_idrinth_dilemma_empire_FIRST	Omówiono dawne wojny	false
effect_bundles_localised_title_idrinth_dilemma_empire_SECOND	Omówiono Magię	false
effect_bundles_localised_title_idrinth_dilemma_empire_THIRD	Zapytano ją o Idrinth	false
effect_bundles_localised_title_idrinth_dilemma_high_elves_FIRST	Posłaniec przepędzony	false
effect_bundles_localised_title_idrinth_dilemma_high_elves_SECOND	Idrinth skonfrontowany	false
effect_bundles_localised_title_idrinth_dilemma_high_elves_THIRD	Posłaniec spotkany	false
effect_bundles_localised_title_idrinth_dilemma_kislev_FIRST	Przekazano Intruza Idrinth	false
effect_bundles_localised_title_idrinth_dilemma_kislev_SECOND	Zabito Intruza	false
effect_bundles_localised_title_idrinth_dilemma_kislev_THIRD	Pozwolono Intruzowi dołączyć	false
effect_bundles_localised_title_idrinth_dilemma_vampire_counts_FIRST	Oskarżono Idrinth	false
effect_bundles_localised_title_idrinth_dilemma_vampire_counts_SECOND	Zapytano o zwój	false
effect_bundles_localised_title_idrinth_dilemma_vampire_counts_THIRD	Poszukiwano mordercy gdzie indziej	false
effect_bundles_localised_title_idrinth_dilemma_wood_elves_FIRST	Strażnik spotkany	false
effect_bundles_localised_title_idrinth_dilemma_wood_elves_SECOND	Idrinth ukryty	false
effect_bundles_localised_title_idrinth_dilemma_wood_elves_THIRD	Idrinth skonfrontowany	false
effect_bundles_localised_title_idrinth_dilemma_dwarves_FIRST	Zapytano krasnoludów o elfa	false
effect_bundles_localised_title_idrinth_dilemma_dwarves_SECOND	Zwrócono się do Idrinth o Wojny Wampirów	false
effect_bundles_localised_title_idrinth_dilemma_dwarves_THIRD	Przedstawiono Idrinth Krasnoludom	false
effect_bundles_localised_title_idrinth_dilemma_god_favour_asuryan_large	Wielka Ochrona Asuryana	false
effect_bundles_localised_title_idrinth_dilemma_god_favour_kurnous_large	Boskie Przewodnictwo Kurnous	false
effect_bundles_localised_title_idrinth_dilemma_god_favour_khaine_large	Krwawy Przypływ Khaine'a	false
effect_bundles_localised_title_idrinth_dilemma_god_favour_asuryan_medium	Ochrona Asuryana	false
effect_bundles_localised_title_idrinth_dilemma_god_favour_kurnous_medium	Przewodnictwo Kurnous	false
effect_bundles_localised_title_idrinth_dilemma_god_favour_khaine_medium	Krwawa Ofiara Khaine'a	false
effect_bundles_localised_title_idrinth_dilemma_god_favour_asuryan_small	Niewielka Ochrona Asuryana	false
effect_bundles_localised_title_idrinth_dilemma_god_favour_kurnous_small	Subtelne Przewodnictwo Kurnous	false
effect_bundles_localised_title_idrinth_dilemma_god_favour_khaine_small	Kropla Krwi Khaine'a	false
effect_bundles_localised_description_idrinth_dilemma_god_favour_asuryan_large	Twoi wojownicy nie tylko celują w unikaniu ciosów i ledwo zostają chybiani przez ataki, ich rany również goją się znacznie szybciej niż zwykle.	false
effect_bundles_localised_description_idrinth_dilemma_god_favour_kurnous_large	Jako naturalni łowcy, twoi wojownicy poruszają się szybko i niewidzialnie podczas polowania na jedzenie i wroga.	false
effect_bundles_localised_description_idrinth_dilemma_god_favour_khaine_large	Twoje wojska i nowi ochotnicy doświadczają pędu bitwy, czyniąc ich bardziej niebezpiecznymi dla wrogów.	false
effect_bundles_localised_description_idrinth_dilemma_god_favour_asuryan_medium	Twoi wojownicy nagle celują w unikaniu ciosów i ledwo zostają chybiani przez ataki.	false
effect_bundles_localised_description_idrinth_dilemma_god_favour_kurnous_medium	Twoi wojownicy są naturalnie skryci podczas polowania na jedzenie i wroga.	false
effect_bundles_localised_description_idrinth_dilemma_god_favour_khaine_medium	Twoi wojownicy czują w sobie głód walki, czyniąc zarówno weteranów, jak i nowych rekrutów bardziej niebezpiecznymi dla wrogów.	false
effect_bundles_localised_description_idrinth_dilemma_god_favour_asuryan_small	Twoi wojownicy doświadczają trochę szczęścia unikając ciosów i magii, choć nie jest to wystarczające, by na tym polegać.	false
effect_bundles_localised_description_idrinth_dilemma_god_favour_kurnous_small	Niewielkie przewodnictwo i szczęście podczas polowań przynosi korzyści twoim wojskom.	false
effect_bundles_localised_description_idrinth_dilemma_god_favour_khaine_small	Niewielka kropla krwi z pięści Khaine'a prowadzi do większej liczby ochotników dołączających do twoich wojsk.	false
effect_bundles_localised_description_idrinth_dilemma_god_favour_asuryan_large_cost		false
effect_bundles_localised_description_idrinth_dilemma_god_favour_kurnous_large_cost		false
effect_bundles_localised_description_idrinth_dilemma_god_favour_khaine_large_cost		false
effect_bundles_localised_description_idrinth_dilemma_god_favour_asuryan_medium_cost		false
effect_bundles_localised_description_idrinth_dilemma_god_favour_kurnous_medium_cost		false
effect_bundles_localised_description_idrinth_dilemma_god_favour_khaine_medium_cost		false
effect_bundles_localised_description_idrinth_dilemma_god_favour_asuryan_small_cost		false
effect_bundles_localised_description_idrinth_dilemma_god_favour_kurnous_small_cost		false
effect_bundles_localised_description_idrinth_dilemma_god_favour_khaine_small_cost		false
effect_bundles_localised_title_idrinth_dilemma_god_favour_asuryan_large_cost	Koszt: Wielka Ochrona Asuryana	false
effect_bundles_localised_title_idrinth_dilemma_god_favour_kurnous_large_cost	Koszt: Boskie Przewodnictwo Kurnous	false
effect_bundles_localised_title_idrinth_dilemma_god_favour_khaine_large_cost	Koszt: Krwawy Przypływ Khaine'a	false
effect_bundles_localised_title_idrinth_dilemma_god_favour_asuryan_medium_cost	Koszt: Ochrona Asuryana	false
effect_bundles_localised_title_idrinth_dilemma_god_favour_kurnous_medium_cost	Koszt: Przewodnictwo Kurnous	false
effect_bundles_localised_title_idrinth_dilemma_god_favour_khaine_medium_cost	Koszt: Krwawa Ofiara Khaine'a	false
effect_bundles_localised_title_idrinth_dilemma_god_favour_asuryan_small_cost	Koszt: Niewielka Ochrona Asuryana	false
effect_bundles_localised_title_idrinth_dilemma_god_favour_kurnous_small_cost	Koszt: Subtelne Przewodnictwo Kurnous	false
effect_bundles_localised_title_idrinth_dilemma_god_favour_khaine_small_cost	Koszt: Kropla Krwi Khaine'a	false
effect_bundles_localised_description_idrinth_vampiric_priests	Idrinth przemienił swoich kapłanów w wampiry. Niech ich ofiara nas ocali.	false
effect_bundles_localised_title_idrinth_vampiric_priests	Kapłani Wampirów	false
effect_bundles_localised_title_idrinth_successful_action_army	Zmotywowany Agent	false
effect_bundles_localised_title_idrinth_successful_action_army_critical	Zmotywowany Agent	false
effect_bundles_localised_title_idrinth_successful_action_character	Zmotywowany Agent	false
effect_bundles_localised_title_idrinth_successful_action_character_critical	Zmotywowany Agent	false
effect_bundles_localised_title_idrinth_hev_high_elf_vampires_bundle_stance_army_ambush	Postawa: Mistrzowska Zasadzka	false
effect_bundles_localised_title_idrinth_hev_high_elf_vampires_bundle_stance_army_channelling	Postawa: Kanałowanie	false
effect_bundles_localised_title_idrinth_hev_vampires_bundle_stance_army_default	Postawa: Brak	false
effect_bundles_localised_title_idrinth_hev_high_elf_vampires_bundle_stance_army_raiding	Postawa: Rabunek	false
effect_bundles_localised_title_idrinth_hev_vampires_bundle_stance_army_forced_march	Postawa: Marsz	false
effect_bundles_localised_title_idrinth_hev_high_elf_vampires_bundle_stance_army_settlement	Postawa: Obozowanie	false
effect_bundles_localised_title_idrinth_hev_high_elf_vampires_bundle_stance_army_tunnelling	Postawa: Użyj Światokorzeni	false
effect_bundles_localised_title_idrinth_hev_high_elf_vampires_bundle_stance_navy_blockading	Postawa: Rabunek na Morzach	false
effect_bundles_localised_title_idrinth_hev_vampires_bundle_stance_army_garrisoned	Sytuacja: Garnizon	false
effect_bundles_localised_title_idrinth_hev_high_elf_vampires_bundle_stance_siege	Sytuacja: Oblężenie	false
effect_bundles_localised_title_idrinth_hev_high_elf_vampires_bundle_stance_patrol	Postawa: Patrol	false
effect_bundles_localised_title_idrinth_asuryan_god_favour_cave_bats	Błogosławieństwo Asuryana	false
effect_bundles_localised_description_idrinth_asuryan_god_favour_cave_bats	Asuryan błogosławi jaskiniowe nietoperze, by przeżyły dłużej.	false
effect_bundles_localised_title_idrinth_kurnous_god_favour_cave_bats	Błogosławieństwo Kurnousa	false
effect_bundles_localised_description_idrinth_kurnous_god_favour_cave_bats	Kurnous błogosławi jaskiniowe nietoperze, by lepiej polowały.	false
effect_bundles_localised_title_idrinth_khaine_god_favour_cave_bats	Błogosławieństwo Khaine'a	false
effect_bundles_localised_description_idrinth_khaine_god_favour_cave_bats	Khaine błogosławi jaskiniowe nietoperze, by wymordowały swoich wrogów.	false
effect_bundles_localised_title_idrinth_asuryan_god_favour_wolves	Błogosławieństwo Asuryana	false
effect_bundles_localised_description_idrinth_asuryan_god_favour_wolves	Asuryan błogosławi wilki, by przeżyły dłużej.	false
effect_bundles_localised_title_idrinth_kurnous_god_favour_wolves	Błogosławieństwo Kurnousa	false
effect_bundles_localised_description_idrinth_kurnous_god_favour_wolves	Kurnous błogosławi wilki, by lepiej polowały.	false
effect_bundles_localised_title_idrinth_khaine_god_favour_wolves	Błogosławieństwo Khaine'a	false
effect_bundles_localised_description_idrinth_khaine_god_favour_wolves	Khaine błogosławi wilki, by wymordowały swoich wrogów.	false
effect_bundles_localised_title_idrinth_asuryan_god_favour_hawks	Błogosławieństwo Asuryana	false
effect_bundles_localised_description_idrinth_asuryan_god_favour_hawks	Asuryan błogosławi jastrzębie, by przeżyły dłużej.	false
effect_bundles_localised_title_idrinth_kurnous_god_favour_hawks	Błogosławieństwo Kurnousa	false
effect_bundles_localised_description_idrinth_kurnous_god_favour_hawks	Kurnous błogosławi jastrzębie, by lepiej polowały.	false
effect_bundles_localised_title_idrinth_khaine_god_favour_hawks	Błogosławieństwo Khaine'a	false
effect_bundles_localised_description_idrinth_khaine_god_favour_hawks	Khaine błogosławi jastrzębie, by wymordowały swoich wrogów.	false
effect_bundles_localised_title_idrinth_asuryan_god_favour_great_eagles	Błogosławieństwo Asuryana	false
effect_bundles_localised_description_idrinth_asuryan_god_favour_great_eagles	Asuryan błogosławi wielkiego orła, by przeżył dłużej.	false
effect_bundles_localised_title_idrinth_kurnous_god_favour_great_eagles	Błogosławieństwo Kurnousa	false
effect_bundles_localised_description_idrinth_kurnous_god_favour_great_eagles	Kurnous błogosławi wielkiego orła, by lepiej polował.	false
effect_bundles_localised_title_idrinth_khaine_god_favour_great_eagles	Błogosławieństwo Khaine'a	false
effect_bundles_localised_description_idrinth_khaine_god_favour_great_eagles	Khaine błogosławi wielkiego orła, by wymordował swoich wrogów.	false
effect_bundles_localised_title_idrinth_hev_high_elf_vampires_anti_chaos	Błogosławieństwo Thaluiańskie	false
effect_bundles_localised_description_idrinth_hev_high_elf_vampires_anti_chaos	Twoi bogowie wzmacniają siły Kaplicy Thaluiańskiej przeciwko wszystkim wyznawcom zgubnych mocy.	false
effect_bundles_localised_title_idrinth_chapel_slots_present	Przestrzeń Kaplicy Thaluiańskiej	false
effect_bundles_localised_description_idrinth_chapel_slots_present	Ta osada zawiera obszar, który został uświęcony przez Asuryana, Khaine'a i Kurnous i mógłby pomieścić Kompleks Kaplicy Thaluiańskiej.	false
effect_bundles_localised_title_idrinth_veteran_0	Inexperienced Recruits [[img:veteran_experience_0]]	false
effect_bundles_localised_description_idrinth_veteran_0	Inexperienced Recruits [[img:veteran_experience_0]]	false
effect_bundles_localised_title_idrinth_veteran_1	Mixed Guard Recruits [[img:veteran_experience_1]]	false
effect_bundles_localised_description_idrinth_veteran_1	Mixed Guard Recruits [[img:veteran_experience_1]]	false
effect_bundles_localised_title_idrinth_veteran_2	Mixed Guard Recruits [[img:veteran_experience_2]]	false
effect_bundles_localised_description_idrinth_veteran_2	Mixed Guard Recruits [[img:veteran_experience_2]]	false
effect_bundles_localised_title_idrinth_veteran_3	Mixed Guard Recruits [[img:veteran_experience_3]]	false
effect_bundles_localised_description_idrinth_veteran_3	Mixed Guard Recruits [[img:veteran_experience_3]]	false
effect_bundles_localised_title_idrinth_veteran_4	Mixed Guard Soldiers [[img:veteran_experience_4]]	false
effect_bundles_localised_description_idrinth_veteran_4	Mixed Guard Soldiers [[img:veteran_experience_4]]	false
effect_bundles_localised_title_idrinth_veteran_5	Mixed Guard Soldiers [[img:veteran_experience_5]]	false
effect_bundles_localised_description_idrinth_veteran_5	Mixed Guard Soldiers [[img:veteran_experience_5]]	false
effect_bundles_localised_title_idrinth_veteran_6	Mixed Guard Soldiers [[img:veteran_experience_6]]	false
effect_bundles_localised_description_idrinth_veteran_6	Mixed Guard Soldiers [[img:veteran_experience_6]]	false
effect_bundles_localised_title_idrinth_veteran_7	Mixed Guard Veteran [[img:veteran_experience_7]]	false
effect_bundles_localised_description_idrinth_veteran_7	Mixed Guard Veteran [[img:veteran_experience_7]]	false
effect_bundles_localised_title_idrinth_veteran_8	Mixed Guard Veteran [[img:veteran_experience_8]]	false
effect_bundles_localised_description_idrinth_veteran_8	Mixed Guard Veteran [[img:veteran_experience_8]]	false
effect_bundles_localised_title_idrinth_veteran_9	Mixed Guard Veteran [[img:veteran_experience_9]]	false
effect_bundles_localised_description_idrinth_veteran_9	Mixed Guard Veteran [[img:veteran_experience_9]]	false
effects_description_idrinth_effect_agent_action_assist_army_training	[[col:yellow]]{{tr:agent_action_name_training}}[[/col]] akcja: Wzrost doświadczenia jednostki zwiększony o dodatkowe %+n%	false
effects_description_idrinth_effect_agent_action_enable_hinder_army_assault_units	[[col:yellow]]{{tr:agent_action_name_assault_units}}[[/col]] akcja: Dodatkowe %+n% zadanych strat	false
effects_description_idrinth_effect_agent_action_enable_hinder_agent_assassinate	[[col:yellow]]{{tr:agent_action_name_assassinate}}[[/col]] akcja: Dodatkowe %+n% szansy powodzenia	false
effects_description_idrinth_effect_agent_action_enable_passive_spread_corruption_vmp	[[col:yellow]]{{tr:agent_action_name_spread_corruption}}[[/col]] akcja: Korupcja wampiryczna zwiększona o dodatkowe %+n	false
effects_description_idrinth_pooled_resource_khaine	Generuje %+n Przychylności Khaine'a.	false
effects_description_idrinth_pooled_resource_kurnous	Generuje %+n Przychylności Kurnous.	false
effects_description_idrinth_pooled_resource_asuryan	Generuje %+n Przychylności Asuryana.	false
effects_description_idrinth_effect_upkeep_idrinth	Utrzymanie zwiększone o %+n% dla Idrinth.	false
effects_description_idrinth_initiative_khaine	Podążanie ścieżką Khaine'a, wojownika, pozwala ci wymordować twoich wrogów.	false
effects_description_idrinth_initiative_kurnous	Podążanie ścieżką Kurnous, łowcy, czyni cię lepszym łowcą.	false
effects_description_idrinth_initiative_asuryan	Podążanie ścieżką Asuryana, obrońcy, cię chroni.	false
effects_description_idrinth_chapel_khaine_charge	Khaine wzmacnia twoją determinację i czyni Idrinth oraz garnizony kaplic %+n% wojskami szturmowymi.	false
effects_description_idrinth_chapel_kurnous_range	Kurnous wzmacnia twój łuk i pozwala Idrinth oraz garnizonom kaplic strzelać %+n% dalej.	false
effects_description_idrinth_chapel_asuryan_ward_save	Asuryan wzmacnia twój umysł, chroniąc Idrinth oraz garnizony kaplic przed %+n obrażeniami barierą.	false
effects_description_idrinth_loremaster_lore_of_vampires	Zmniejsza koszt, czas odnowienia i szansę błędnego rzucenia o %+n% dla zaklęć wiedzy wampirów.	false
effects_description_idrinth_loremaster_lore_of_vampires_2	Zwiększa zasięg o %+n% dla zaklęć wiedzy wampirów.	false
effects_description_idrinth_loremaster_lore_of_shadows	Zmniejsza koszt, czas odnowienia i szansę błędnego rzucenia o %+n% dla zaklęć wiedzy cieni.	false
effects_description_idrinth_loremaster_lore_of_shadows_2	Zwiększa zasięg o %+n% dla zaklęć wiedzy cieni.	false
effects_description_idrinth_loremaster_lore_of_death	Zmniejsza koszt, czas odnowienia i szansę błędnego rzucenia o %+n% dla zaklęć wiedzy śmierci.	false
effects_description_idrinth_loremaster_lore_of_death_2	Zwiększa zasięg o %+n% dla zaklęć wiedzy śmierci.	false
effects_description_idrinth_priests_wh_main_effect_force_stat_weapon_strength	Siła broni %+n% dla kapłanów.	false
effects_description_idrinth_priests_wh_main_effect_force_stat_vigour_loss_reduction	Utrata wigoru %+n% dla kapłanów.	false
effects_description_idrinth_priests_wh_main_effect_force_stat_speed	Szybkość %+n% dla kapłanów.	false
effects_description_idrinth_priests_wh_main_effect_force_stat_range	Zasięg %+n% dla kapłanów.	false
effects_description_idrinth_priests_wh_main_effect_force_stat_melee_defence	Obrona w Walce Wręcz %+n dla kapłanów.	false
effects_description_idrinth_priests_wh_main_effect_force_stat_melee_attack_pct	Atak w Walce Wręcz %+n dla kapłanów.	false
effects_description_idrinth_priests_wh_main_effect_force_stat_fire_resistance	Wrażliwość na ogień %+n% dla kapłanów.	false
effects_description_idrinth_priests_wh_main_effect_force_stat_charge_bonus_pct	Bonus szarży %+n% dla kapłanów.	false
effects_description_idrinth_priests_wh_main_effect_force_all_campaign_replenishment_rate	Uzupełnianie %+n% dla kapłanów.	false
effects_description_idrinth_priests_wh_main_effect_character_stat_physical_resistance	Odporność Fizyczna %+n% dla kapłanów.	false
effects_description_idrinth_priests_wh_main_effect_character_stat_missile_resistance	Odporność na Pociski %+n% dla kapłanów.	false
effects_description_idrinth_priests_wh_main_effect_character_stat_missile_damage	Obrażenia od Pocisków %+n% dla kapłanów.	false
effects_description_idrinth_priests_wh_main_effect_attribute_enable_causes_fear	Kapłani wywołują strach.	false
effects_description_idrinth_priests_wh_main_effect_ability_enable_the_hunger	Kapłani mają wampiryczny głód.	false
effects_description_idrinth_priests_wh_main_effect_ability_enable_invocation_of_nehek	Kapłani znają Inwokację Neheka.	false
effects_description_idrinth_priests_wh2_dlc16_effect_unit_enable_attribute_undead	Kapłani są nieumarli.	false
effects_description_idrinth_successful_action_motivation	Szansa powodzenia, Koszt i Szansa Krytyczna zwiększone o %+n%.	false
effects_description_idrinth_ranger_knowledge_primary	Elfy Kaplicy Thaluiańskiej mogą strzelać %+n% dalej.	false
effects_description_idrinth_blade_dancing_primary	Elfy Kaplicy Thaluiańskiej tańczą z dala od wrogich ostrzy, zwiększając swoją Obronę w Walce Wręcz o %+n.	false
effects_description_idrinth_unusual_training_primary	Elfy Kaplicy Thaluiańskiej zwiększają swoje Przywództwo o %+n.	false
effects_description_idrinth_running_wild_primary	Elfy Kaplicy Thaluiańskiej zwiększają swoją Szybkość Poruszania o %+n%.	false
effects_description_idrinth_veterans_primary	Weterani-Elfy Kaplicy Thaluiańskiej uderzają %+n% mocniej w walce wręcz.	false
effects_description_idrinth_strong_as_stone_primary	Ożywione jednostki Kaplicy Thaluiańskiej odporają na %+n% więcej obrażeń.	false
effects_description_idrinth_beasts_of_nature_primary	Bestie Kaplicy Thaluiańskiej są bardziej zaciekłe, zwiększając swój Atak w Walce Wręcz o %+n.	false
effects_description_idrinth_ranger_knowledge_secondary	Elfy Kaplicy Thaluiańskiej zwiększają swoją szybkość przeładowania o %+n%.	false
effects_description_idrinth_blade_dancing_secondary	Elfy Kaplicy Thaluiańskiej tańczą z dala od wrogich ostrzy, zwiększając swój Atak w Walce Wręcz o %+n.	false
effects_description_idrinth_unusual_training_secondary	Elfy Kaplicy Thaluiańskiej nauczyły się nosić swoją zbroję bardziej efektywnie, zwiększając swój pancerz o %+n.	false
effects_description_idrinth_running_wild_secondary	Elfy Kaplicy Thaluiańskiej biegną dziko, zwiększając swoją szarżę o %+n.	false
effects_description_idrinth_veterans_secondary	Weterani-Elfy Kaplicy Thaluiańskiej męczą się %+n% wolniej.	false
effects_description_idrinth_strong_as_stone_secondary	Konstrukty Kaplicy Thaluiańskiej zwiększają swoją szarżę o %+n.	false
effects_description_idrinth_beasts_of_nature_secondary	Bestie Kaplicy Thaluiańskiej są bardziej zmotywowane, zwiększając swoją Szybkość Poruszania o %+n%.	false
effects_description_idrinth_veterans_tertiary	Weterani-Elfy Kaplicy Thaluiańskiej zmierzyły się ze strachem i niebezpieczeństwem wcześniej, zwiększając swoje Przywództwo o %+n.	false
effects_description_idrinth_unit_capacity_chapel_mixed_elven_guard	%+n limit jednostek dla Mieszanej Gwardii Elfickiej.	false
effects_description_idrinth_unit_capacity_chapel_asuryan_guard	%+n limit jednostek dla Gwardii Asuryana.	false
effects_description_idrinth_unit_capacity_chapel_khaine_guard	%+n limit jednostek dla Gwardii Khaine'a.	false
effects_description_idrinth_unit_capacity_chapel_kurnous_guard	%+n limit jednostek dla Gwardii Kurnous.	false
effects_description_idrinth_unit_capacity_chapel_asuryan_priest	%+n limit jednostek dla Kapłanów Asuryana.	false
effects_description_idrinth_unit_capacity_chapel_khaine_priest	%+n limit jednostek dla Kapłanów Khaine'a.	false
effects_description_idrinth_unit_capacity_chapel_kurnous_priest	%+n limit jednostek dla Kapłanów Kurnous.	false
effects_description_idrinth_unit_capacity_chapel_asuryan_vampire_priest	%+n limit jednostek dla Kapłanów Wampirów Asuryana.	false
effects_description_idrinth_unit_capacity_chapel_khaine_vampire_priest	%+n limit jednostek dla Kapłanów Wampirów Khaine'a.	false
effects_description_idrinth_unit_capacity_chapel_kurnous_vampire_priest	%+n limit jednostek dla Kapłanów Wampirów Kurnous.	false
effects_description_idrinth_unit_capacity_chapel_asuryan_varghulf	%+n limit jednostek dla Varghulfów Asuryana.	false
effects_description_idrinth_unit_capacity_chapel_khaine_varghulf	%+n limit jednostek dla Varghulfów Khaine'a.	false
effects_description_idrinth_unit_capacity_chapel_kurnous_varghulf	%+n limit jednostek dla Varghulfów Kurnous.	false
effects_description_idrinth_unit_capacity_chapel_shrine	%+n limit jednostek dla Sanktuariów Asuryana, Kurnous i Khaine'a.	false
effects_description_idrinth_unit_capacity_chapel_stone_wolves	%+n limit jednostek dla Kamiennych Wilków.	false
effects_description_idrinth_unit_capacity_chapel_outriders	%+n limit jednostek dla Zwiadowców.	false
effects_description_idrinth_chapel_units_upkeep	%+n% mniej utrzymania dla wszystkich jednostek elfickich Kaplic Thaluiańskich.	false
effects_description_idrinth_chapel_units_recruitment_rank	%+n ranga rekrutacji dla wszystkich jednostek elfickich Kaplic Thaluiańskich.	false
effects_description_idrinth_initiative_khaine_pray	Twoja modlitwa do Khaine'a poprawiła potencjał ofensywny twoich wojsk.	false
effects_description_idrinth_initiative_kurnous_pray	Twoja modlitwa do Kurnous poprawiła potencjał łowiecki twoich wojsk.	false
effects_description_idrinth_initiative_asuryan_pray	Twoja modlitwa do Asuryana poprawiła potencjał przetrwania twoich wojsk.	false
effects_description_idrinth_hev_high_elf_vampires_anti_chaos_enable	Zwiększa twoje możliwości w bitwach przeciwko zgubnym mocom.	false
effects_description_idrinth_chapel_beasts_upkeep	Zmniejsza utrzymanie dla bestii Kaplicy Thaluiańskiej o %+n%.	false
effects_description_idrinth_enable_thalui_name	Ta postać przysiągła wieczną zemstę na zgubnych mocach i przyjęła imię Thalui z tego powodu.	false
effects_description_idrinth_enable_knight_scholar_name	Ta postać jest zarówno uczonym, jak i rycerzem i jest tak uznawana w różnych frakcjach.	false
effects_description_idrinth_chapel_recruitment_speedup	Czas rekrutacji dla jednostek kaplicy zmniejszony o %+n tur.	false
effects_description_idrinth_hev_high_elf_vampires_disable_enemy_lightning_strike	Zapobiega użyciu przez wrogów uderzenia błyskawicy przeciwko tej sile.	false
effects_additional_tooltip_details_localised_description_idrinth_hev_high_elf_vampires_idrinth_assist_army_training	[[col:yellow]]{{tr:agent_action_name_training}}[[/col]] (Wspomaganie Armii)\\nZwiększa zdobywanie doświadczenia dla jednostek służących w armii macierzystej.	false
effects_additional_tooltip_details_localised_description_idrinth_hev_high_elf_vampires_idrinth_hinder_agent_assassinate	[[col:yellow]]{{tr:agent_action_name_assassinate}}[[/col]] (Cel: Bohater)\\nZabija docelowego [[img:icon_hero]][[/img]]Bohatera.	false
effects_additional_tooltip_details_localised_description_idrinth_hev_high_elf_vampires_idrinth_hinder_army_assault_units	[[col:yellow]]{{tr:agent_action_name_assault_units}}[[/col]] (Cel: Armia)\\nZadaje obrażenia wszystkim jednostkom w docelowej armii.	false
effects_additional_tooltip_details_localised_description_idrinth_hev_high_elf_vampires_idrinth_spread_corruption_vmp	[[col:yellow]]{{tr:agent_action_name_spread_corruption}}[[/col]] (Stały Efekt Lokalny)\\nZwiększa ilość [[img:icon_corruption_vmp]][[/img]]korupcji wampirycznej w lokalnej prowincji.	false
factions_attack_desc_idrinth_hev_high_elf_vampires	Atakujesz Kaplice Thaluii!	false
factions_defend_desc_idrinth_hev_high_elf_vampires	Bronisz się przed Kaplicami Thaluii!	false
factions_screen_adjective_idrinth_hev_high_elf_vampires	thaluiański	false
factions_screen_name_idrinth_hev_high_elf_vampires	Kaplice Thaluiańskie	false
factions_screen_name_when_rebels_idrinth_hev_high_elf_vampires	Zbuntowane Kaplice Thaluii	false
initiative_sets_localised_name_idrinth_godly_favour	Poświęcenie	false
initiative_sets_localised_name_idrinth_godly_blessings	Błogosławieństwa	false
initiative_sets_localised_description_idrinth_godly_favour		false
initiative_sets_localised_description_idrinth_godly_blessings		false
initiatives_localised_name_idrinth_khaine_pledge	Poświęć się Khaine'owi	false
initiatives_localised_name_idrinth_kurnous_pledge	Poświęć się Kurnous	false
initiatives_localised_name_idrinth_asuryan_pledge	Poświęć się Asuryanowi	false
initiatives_localised_name_idrinth_khaine_prayer	Módl się do Khaine'a	false
initiatives_localised_name_idrinth_kurnous_prayer	Módl się do Kurnous	false
initiatives_localised_name_idrinth_asuryan_prayer	Módl się do Asuryana	false
idrinth_khaine_pledge		false
idrinth_kurnous_pledge		false
idrinth_asuryan_pledge		false
idrinth_khaine_prayer		false
idrinth_kurnous_prayer		false
idrinth_asuryan_prayer		false
land_units_concealed_name_idrinth_hev_high_elf_vampires_idrinthchampion	Wampir Wysoki Elf	false
land_units_onscreen_name_idrinth_hev_high_elf_vampires_idrinthchampion	Idrinth Thalui	false
land_units_onscreen_name_idrinth_hev_high_elf_vampires_chapel_asuryan	Straż Asuryana	false
land_units_onscreen_name_idrinth_hev_high_elf_vampires_chapel_kurnous	Straż Kurnous	false
land_units_onscreen_name_idrinth_hev_high_elf_vampires_chapel_khaine	Straż Khaine'a	false
land_units_onscreen_name_idrinth_hev_high_elf_vampires_chapel_mixed	Mieszana Straż Elficka	false
land_units_concealed_name_idrinth_hev_high_elf_vampires_chapel_asuryan	Elfy	false
land_units_concealed_name_idrinth_hev_high_elf_vampires_chapel_kurnous	Elfy	false
land_units_concealed_name_idrinth_hev_high_elf_vampires_chapel_khaine	Elfy	false
land_units_concealed_name_idrinth_hev_high_elf_vampires_chapel_mixed	Elfy	false
land_units_onscreen_name_idrinth_hev_high_elf_vampires_chapel_kurnous_leader	Kapłan Kurnous	false
land_units_onscreen_name_idrinth_hev_high_elf_vampires_chapel_khaine_leader	Kapłan Khaine'a	false
land_units_onscreen_name_idrinth_hev_high_elf_vampires_chapel_asuryan_leader	Kapłan Asuryana	false
land_units_concealed_name_idrinth_hev_high_elf_vampires_chapel_asuryan_leader	Elf	false
land_units_concealed_name_idrinth_hev_high_elf_vampires_chapel_kurnous_leader	Elf	false
land_units_concealed_name_idrinth_hev_high_elf_vampires_chapel_khaine_leader	Elf	false
land_units_onscreen_name_idrinth_hev_high_elf_vampires_chapel_shrine	Sanktuarium Asuryana, Kurnous i Khaine'a	false
land_units_onscreen_name_idrinth_hev_high_elf_vampires_chapel_wolves	Błogosławione Wilki	false
land_units_onscreen_name_idrinth_hev_high_elf_vampires_chapel_cave_bats	Błogosławione Nietoperze	false
land_units_onscreen_name_idrinth_hev_high_elf_vampires_chapel_hawks	Błogosławione Jastrzębie	false
land_units_onscreen_name_idrinth_hev_high_elf_vampires_chapel_great_eagle	Błogosławiony Wielki Orzeł	false
land_units_concealed_name_idrinth_hev_high_elf_vampires_chapel_shrine	Sanktuarium	false
land_units_concealed_name_idrinth_hev_high_elf_vampires_chapel_wolves	Wilki	false
land_units_concealed_name_idrinth_hev_high_elf_vampires_chapel_cave_bats	Nietoperze	false
land_units_concealed_name_idrinth_hev_high_elf_vampires_chapel_hawks	Jastrzębie	false
land_units_concealed_name_idrinth_hev_high_elf_vampires_chapel_great_eagle	Wielki Orzeł	false
land_units_onscreen_name_idrinth_hev_high_elf_vampires_chapel_stone_wolves	Kamienne Wilki	false
land_units_concealed_name_idrinth_hev_high_elf_vampires_chapel_stone_wolves	Olbrzymie Wilki	false
land_units_onscreen_name_idrinth_hev_high_elf_vampires_chapel_outriders	Zwiadowcy Kaplicy	false
land_units_concealed_name_idrinth_hev_high_elf_vampires_chapel_outriders	Jeźdźcy	false
land_units_onscreen_name_idrinth_hev_high_elf_vampires_chapel_kurnous_leader_vampire	Wampirzy Kapłan Kurnous	false
land_units_onscreen_name_idrinth_hev_high_elf_vampires_chapel_khaine_leader_vampire	Wampirzy Kapłan Khaine'a	false
land_units_onscreen_name_idrinth_hev_high_elf_vampires_chapel_asuryan_leader_vampire	Wampirzy Kapłan Asuryana	false
land_units_concealed_name_idrinth_hev_high_elf_vampires_chapel_asuryan_leader_vampire	Elf	false
land_units_concealed_name_idrinth_hev_high_elf_vampires_chapel_kurnous_leader_vampire	Elf	false
land_units_concealed_name_idrinth_hev_high_elf_vampires_chapel_khaine_leader_vampire	Elf	false
land_units_onscreen_name_idrinth_hev_high_elf_vampires_chapel_khaine_varghulf	Zaginiony Khaine'a	false
land_units_onscreen_name_idrinth_hev_high_elf_vampires_chapel_kurnous_varghulf	Zaginiony Kurnous	false
land_units_onscreen_name_idrinth_hev_high_elf_vampires_chapel_asuryan_varghulf	Zaginiony Asuryana	false
land_units_concealed_name_idrinth_hev_high_elf_vampires_chapel_khaine_varghulf	Varghulf	false
land_units_concealed_name_idrinth_hev_high_elf_vampires_chapel_kurnous_varghulf	Varghulf	false
land_units_concealed_name_idrinth_hev_high_elf_vampires_chapel_asuryan_varghulf	Varghulf	false
land_units_concealed_name_idrinth_hev_high_elf_vampires_idrinthgeneral	Wampir Wysoki Elf	false
land_units_onscreen_name_idrinth_hev_high_elf_vampires_idrinthgeneral	Idrinth Thalui	false
land_units_onscreen_name_idrinth_hev_high_elf_vampires_chapel_asuryan_large	Straż Asuryana	false
land_units_onscreen_name_idrinth_hev_high_elf_vampires_chapel_kurnous_large	Straż Kurnous	false
land_units_onscreen_name_idrinth_hev_high_elf_vampires_chapel_khaine_large	Straż Khaine'a	false
land_units_concealed_name_idrinth_hev_high_elf_vampires_chapel_asuryan_large	Elfy	false
land_units_concealed_name_idrinth_hev_high_elf_vampires_chapel_kurnous_large	Elfy	false
land_units_concealed_name_idrinth_hev_high_elf_vampires_chapel_khaine_large	Elfy	false
land_units_onscreen_name_idrinth_hev_high_elf_vampires_chapel_outriders_large	Zwiadowcy Kaplicy	false
land_units_concealed_name_idrinth_hev_high_elf_vampires_chapel_outriders_large	Jeźdźcy	false
mct_idrinth_title	Idrinth Thalui - Wampirzy Mistrz Wiedzy Wysokich Elfów	false
mct_idrinth_author	Björn 'Idrinth' Büttner	false
mct_idrinth_description	Historia Upadłego Mistrza Wiedzy\\n\\nNiegdyś szanowany Mistrz Wiedzy Wysokich Elfów, Idrinth Thalui spotkał swój śmiertelny koniec podczas krwawych Wojen Wampirów, tylko po to, by powstać jako jedna z istot, z którymi walczył. Teraz ten Rycerz-Uczony kroczy po niebezpiecznej ścieżce między swoim elfickim dziedzictwem a wampiryczną klątwą, szukając celu w świecie rozdartym przez Chaos.\\n\\nCzy poprowadzisz go ku odkupieniu, czy przyjmiesz ciemność w nim? Jego los spoczywa w twoich rękach.	false
mct_idrinth_expanded_spawn_text	Rozszerzone Kultury Pojawienia	false
mct_idrinth_expanded_spawn_tooltip	Pozwala Idrinthowi pojawić się również dla Bretonnii, Cathay, Legionów Nagasha, Mrocznych Elfów i Wybrzeża Wampirów.	false
mct_idrinth_level_adjustment_text	Wymaganie Poziomu	false
mct_idrinth_level_adjustment_options_null_text	Wczesna Gra	false
mct_idrinth_level_adjustment_options_one_text	Późna Wczesna Gra	false
mct_idrinth_level_adjustment_options_three_text	Wczesna Średnia Gra	false
mct_idrinth_level_adjustment_options_six_text	Średnia Gra	false
mct_idrinth_level_adjustment_tooltip	Modyfikuje wymaganie poziomu, aby otrzymać zadanie odblokowania Idrintha.	false
mct_idrinth_god_item_difficulty_text	Trudność Przedmiotów Błogosławionych Przez Bogów	false
mct_idrinth_god_item_difficulty_options_low_text	Niskie Wymagania	false
mct_idrinth_god_item_difficulty_options_normal_text	Normalne Wymagania	false
mct_idrinth_god_item_difficulty_options_high_text	Wysokie Wymagania	false
mct_idrinth_god_item_difficulty_tooltip	Modyfikuje wymagania do otrzymania przedmiotów błogosławionych przez bogów.	false
mct_idrinth_chapel_chance_text	Szansa Pojawienia Kaplicy	false
mct_idrinth_chapel_chance_options_low_text	Niska Szansa	false
mct_idrinth_chapel_chance_options_normal_text	Normalna Szansa	false
mct_idrinth_chapel_chance_options_high_text	Wysoka Szansa	false
mct_idrinth_chapel_chance_tooltip	Modyfikuje szansę pojawienia się Kaplic Thaluiańskich przez obecność Idrintha.	false
mct_idrinth_story_events_text	Włącz Wydarzenia Fabularne	false
mct_idrinth_story_events_tooltip	Pozwala Idrinthowi powiadomić gracza po osiągnięciu określonych regionów ważnych dla niego.	false
mct_idrinth_chapels_text	Kaplice Thaluiańskie	false
mct_idrinth_chapels_tooltip	Pozwala Idrinthowi zakładać kaplice, które wzmacniają obronę miast i wpływają na generowanie przychylności bogów.	false
mct_idrinth_dilemma_cooldown_text	Czas Odnowienia Dylematów	false
mct_idrinth_dilemma_cooldown_options_low_text	Niski (1 + [1-2])	false
mct_idrinth_dilemma_cooldown_options_medium_text	Średni (2 + [1-3])	false
mct_idrinth_dilemma_cooldown_options_long_text	Długi (3 + [1-4])	false
mct_idrinth_dilemma_cooldown_tooltip	Modyfikuje czas odnowienia między dylematami wymagającymi decyzji.	false
mct_idrinth_names_text	Zmiana Nazw Jednostek	false
mct_idrinth_names_tooltip	Gdy zaznaczone, jednostki otrzymują niestandardową nazwę przy rekrutacji wybraną z listy elfickich imion.	false
mct_idrinth_logging_text	Włącz Własne Logowanie	false
mct_idrinth_logging_tooltip	Gdy zaznaczone, ten mod loguje do głównego katalogu gry do idrinth.*.log.	false
mct_idrinth_base_logging_text	Włącz Użycie Logowania Podstawowej Gry	false
mct_idrinth_base_logging_tooltip	Gdy zaznaczone, ten mod loguje za pomocą podstawowej funkcji logowania gry.	false
mct_idrinth_section_idrinth_story_features_name	Przełączniki Funkcji Fabularnych	false
mct_idrinth_section_idrinth_game_features_name	Przełączniki Funkcji Gry	false
mct_idrinth_section_idrinth_chances_name	Szanse	false
mct_idrinth_section_idrinth_spawn_name	Opcje Pojawienia	false
mct_idrinth_section_idrinth_other_name	Dodatkowe Opcje	false
mct_idrinth_section_idrinth_cooldowns_name	Opcje Czasu Odnowienia	false
mct_idrinth_intervention_cooldown_text	Czas Odnowienia Interwencji	false
mct_idrinth_intervention_cooldown_options_low_text	Niski (80%)	false
mct_idrinth_intervention_cooldown_options_medium_text	Średni (100%)	false
mct_idrinth_intervention_cooldown_options_long_text	Długi (120%)	false
mct_idrinth_intervention_cooldown_tooltip	Modyfikuje czas odnowienia między boskimi interwencjami.	false
mct_idrinth_animal_waaagh_text	Zwierzęcy WAAAGH	false
mct_idrinth_animal_waaagh_tooltip	Gdy zaznaczone, za Idrinthem podąża armia WAAAGH złożona ze zwierząt. Wyłączenie nie powoduje zniknięcia armii.	false
mct_idrinth_vampire_chance_text	Szansa na Przemianę w Wampira	false
mct_idrinth_vampire_chance_options_low_text	Niska (10% bazowego sukcesu)	false
mct_idrinth_vampire_chance_options_normal_text	Normalna (15% bazowego sukcesu)	false
mct_idrinth_vampire_chance_options_high_text	Wysoka (20% bazowego sukcesu)	false
mct_idrinth_vampire_chance_tooltip	Zmienia szansę przeżycia kapłanów podczas przemiany w wampiry.	false
mct_idrinth_story_dilemma_base_chance_text	Bazowa Szansa Dylematów Fabularnych	false
mct_idrinth_story_dilemma_base_chance_options_low_text	Niska	false
mct_idrinth_story_dilemma_base_chance_options_normal_text	Normalna	false
mct_idrinth_story_dilemma_base_chance_options_high_text	Wysoka	false
mct_idrinth_story_dilemma_base_chance_tooltip	Zmienia szansę na wywołanie dylematów decyzji fabularnych.	false
mct_idrinth_god_item_base_chance_text	Bazowa Szansa Boskich Przedmiotów	false
mct_idrinth_god_item_base_chance_options_low_text	Niska	false
mct_idrinth_god_item_base_chance_options_normal_text	Normalna	false
mct_idrinth_god_item_base_chance_options_high_text	Wysoka	false
mct_idrinth_god_item_base_chance_tooltip	Zmienia szansę na zaoferowanie boskich przedmiotów.	false
mct_idrinth_elf_slayer_traits_text	Cechy Zabójcy Elfów	false
mct_idrinth_elf_slayer_traits_tooltip	Włącza cechy za zabijanie elfów. Wyłączenie nie usuwa istniejących poziomów cech.	false
mct_idrinth_devotion_traits_text	Cechy Oddania	false
mct_idrinth_devotion_traits_tooltip	Włącza cechy za czas poświęcony określonemu bogu. Wyłączenie nie usuwa istniejących poziomów cech.	false
mct_idrinth_interventions_text	Włącz Boską Interwencję	false
mct_idrinth_interventions_tooltip	Jeśli włączone, Asuryan, Kurnous i Khaine będą interweniować gdy twoja przychylność jest wysoka, używając jej części na bonusy dla całej frakcji.	false
mct_idrinth_groovy_logging_text	Włącz Użycie Logowania Groovy	false
mct_idrinth_groovy_logging_tooltip	Gdy zaznaczone, ten mod loguje za pomocą systemu logowania dostarczonego przez MCT.	false
message_event_strings_title_idrinth_chapel_lost	Kaplica Utracona	false
message_event_strings_title_idrinth_chapel_founded	Kaplica Założona	false
message_event_strings_title_idrinth_godly_intervention	Bogowie Interweniują	false
message_event_text_idrinth_chapel_lost	Kaplica została spalona przez nowego właściciela osady. Gdzie teraz będziemy się gromadzić?	false
message_event_text_idrinth_chapel_founded	Miejsce dla nowej Kaplicy zostało poświęcone przez bogów. Powinniśmy szybko ją zbudować, aby zyskać ich błogosławieństwa.	false
message_event_text_idrinth_godly_intervention	Idrinth informuje cię, że jego bogowie postanowili działać, aby wspierać twoją sprawę. Twoje armie będą potężniejsze dzięki boskim błogosławieństwom przez pewien czas.	false
message_event_text_idrinth_godly_intervention_subtitle	Asuryan, Khaine i Kurnous działają.	false
missions_localised_description_idrinth_unlock_wh2_main_hef_high_elves	Krążą szepty, że możesz przyciągnąć uwagę potężnej pomocy, jeśli będziesz walczyć z siłami chaosu. Podobno nieznajomy jest gotów walczyć u twojego boku, jeśli udowodnisz swoją gotowość do walki i krwawienia...	false
missions_localised_title_idrinth_unlock_wh2_main_hef_high_elves	Nieznajomy Przeciw Chaosowi	false
missions_localised_title_idrinth_unlock_wh_main_vmp_vampire_counts	Nieznajomy Przeciw Chaosowi	false
missions_localised_title_idrinth_unlock_wh_main_emp_empire	Nieznajomy Przeciw Chaosowi	false
missions_localised_title_idrinth_unlock_wh_dlc05_wef_wood_elves	Nieznajomy Przeciw Chaosowi	false
missions_localised_title_idrinth_unlock_wh3_main_ksl_kislev	Nieznajomy Przeciw Chaosowi	false
missions_localised_description_idrinth_unlock_wh_main_vmp_vampire_counts	Krążą szepty, że możesz przyciągnąć uwagę potężnej pomocy, jeśli będziesz walczyć z siłami chaosu. Podobno nieznajomy jest gotów walczyć u twojego boku, jeśli udowodnisz swoją gotowość do walki i krwawienia...	false
missions_localised_description_idrinth_unlock_wh_main_emp_empire	Krążą szepty, że możesz przyciągnąć uwagę potężnej pomocy, jeśli będziesz walczyć z siłami chaosu. Podobno nieznajomy jest gotów walczyć u twojego boku, jeśli udowodnisz swoją gotowość do walki i krwawienia...	false
missions_localised_description_idrinth_unlock_wh_dlc05_wef_wood_elves	Krążą szepty, że możesz przyciągnąć uwagę potężnej pomocy, jeśli będziesz walczyć z siłami chaosu. Podobno nieznajomy jest gotów walczyć u twojego boku, jeśli udowodnisz swoją gotowość do walki i krwawienia...	false
missions_localised_description_idrinth_unlock_wh3_main_ksl_kislev	Krążą szepty, że możesz przyciągnąć uwagę potężnej pomocy, jeśli będziesz walczyć z siłami chaosu. Podobno nieznajomy jest gotów walczyć u twojego boku, jeśli udowodnisz swoją gotowość do walki i krwawienia...	false
missions_localised_mission_completed_text_idrinth_unlock_wh2_main_hef_high_elves	Po przyjęciu twojej monety nieznajomy przedstawia się jako asur o imieniu Idrinth. Zdejmując swoje podróżne szaty widzisz zużytą w boju zbroję mistrza wiedzy, dopasowany wielki miecz i metalowy łuk przy stoickich oczach, które sugerują brutalności jeszcze do popełnienia.	false
missions_localised_mission_completed_text_idrinth_unlock_wh_main_vmp_vampire_counts	Nieznajomy opuszcza swój kaptur, odsłaniając elfickie rysy. Nie jestem przyjacielem zniszczenia, ale nasi wrogowie zmusili mnie do tego. Chowając swoje monety stwierdza: Powrót do rodziny po wielu latach, gdy są w niebezpieczeństwie, jest słuszny, bez względu na to, kim ta rodzina jest. Czy się nie zgadzasz?	false
missions_localised_mission_completed_text_idrinth_unlock_wh_main_emp_empire	Walczyłem i krwawiłem z wojownikami wierzącymi w Ulfic lub Sigmara. Mamy tych samych wrogów - stwierdza, zdejmując swoje podróżne szaty - i nie mogę się doczekać, aby ich z wami odeprzeć. Dzieląc się moją wiedzą dla dobra świata. Jego oczy spoglądają chłodno na modlących się ludzi, zanim zwracają uwagę z powrotem na generała i jego straż.	false
missions_localised_mission_completed_text_idrinth_unlock_wh_dlc05_wef_wood_elves	Nie mogę się doczekać walki u boku łowców lasu, kuzynie - stwierdza asur przyjaznym tonem, pakując swoje wynagrodzenie i podróżny płaszcz. Może nie jestem tak wielkim strzelcem jak ty, ale cię nie spowolnię. Lekko rozbawiony uśmiech pojawia się wokół jego bezbarwnych warg, zanim znika. Niech nas spotka polowanie, o którym będą opowiadać przez wieki!	false
missions_localised_mission_completed_text_idrinth_unlock_wh3_main_ksl_kislev	Nieznajomy rozbiera się po otrzymaniu zapłaty i odsłania elficką twarz i elficką broń pod swoimi podróżnymi szatami. Nazywam się Idrinth, walczę z naszymi wrogami dłużej niż większość z was żyje. Chętnie będę ćwiczył z siłami i ich nauczał. Lekki uśmiech pojawia się wokół jego bezbarwnych warg, zanim znika w bezczasowej twarzy.	false
missions_localised_title_idrinth_unlock_wh2_main_def_dark_elves	Nieznajomy Przeciw Chaosowi	false
missions_localised_title_idrinth_unlock_mixer_nag_nagash	Nieznajomy Przeciw Chaosowi	false
missions_localised_title_idrinth_unlock_wh2_dlc11_cst_vampire_coast	Nieznajomy Przeciw Chaosowi	false
missions_localised_title_idrinth_unlock_wh_main_brt_bretonnia	Nieznajomy Przeciw Chaosowi	false
missions_localised_title_idrinth_unlock_wh3_main_cth_cathay	Nieznajomy Przeciw Chaosowi	false
missions_localised_description_idrinth_unlock_wh2_main_def_dark_elves	Krążą szepty, że możesz przyciągnąć uwagę potężnej pomocy, jeśli będziesz walczyć z siłami chaosu. Podobno nieznajomy jest gotów walczyć u twojego boku, jeśli udowodnisz swoją gotowość do walki i krwawienia...	false
missions_localised_description_idrinth_unlock_mixer_nag_nagash	Krążą szepty, że możesz przyciągnąć uwagę potężnej pomocy, jeśli będziesz walczyć z siłami chaosu. Podobno nieznajomy jest gotów walczyć u twojego boku, jeśli udowodnisz swoją gotowość do walki i krwawienia...	false
missions_localised_description_idrinth_unlock_wh2_dlc11_cst_vampire_coast	Krążą szepty, że możesz przyciągnąć uwagę potężnej pomocy, jeśli będziesz walczyć z siłami chaosu. Podobno nieznajomy jest gotów walczyć u twojego boku, jeśli udowodnisz swoją gotowość do walki i krwawienia...	false
missions_localised_description_idrinth_unlock_wh_main_brt_bretonnia	Krążą szepty, że możesz przyciągnąć uwagę potężnej pomocy, jeśli będziesz walczyć z siłami chaosu. Podobno nieznajomy jest gotów walczyć u twojego boku, jeśli udowodnisz swoją gotowość do walki i krwawienia...	false
missions_localised_description_idrinth_unlock_wh3_main_cth_cathay	Krążą szepty, że możesz przyciągnąć uwagę potężnej pomocy, jeśli będziesz walczyć z siłami chaosu. Podobno nieznajomy jest gotów walczyć u twojego boku, jeśli udowodnisz swoją gotowość do walki i krwawienia...	false
missions_localised_mission_completed_text_idrinth_unlock_wh2_main_def_dark_elves	Nieznajomy odsuwa swój kaptur, odsłaniając niewątpliwie Asurowe rysy - jednak jego oczy nie mają ich typowej pogardy. Kuzynie - mówi, słowo to nie niesie ani kpiny, ani ciepła. Nie obchodzą mnie starożytne urazy. Chaos pożera Druchii i Asur jednakowo, i nauczyłem się, że przetrwanie wymaga... elastyczności. Bezradosny uśmiech przemyka przez jego bezbarwne wargi. Rozumiesz pragmatyzm lepiej niż większość. Czy wykorzystamy to?	false
missions_localised_mission_completed_text_idrinth_unlock_mixer_nag_nagash	Kaptur nieznajomego opada, odsłaniając elficką twarz nietknięta przez czas. Wiem, komu służysz - mówi sucho, spotykając wzrok nieumarłych bez wahania. I wiem, czym jestem. Nie musimy udawać inaczej. Poprawia wielki miecz na plecach ze znajomą łatwością. Wrogowie Nagasha są sługami Chaosu. Na razie to zbieżność celów wystarcza. Jego bezbarwne wargi wykrzywiają się w coś przypominającego mroczną rozrywkę. Wielki Nekromanta zbiera wszystko z czasem. Po prostu wybieram warunki.	false
missions_localised_mission_completed_text_idrinth_unlock_wh2_dlc11_cst_vampire_coast	Nieznajomy zrzuca swój poplamiony solą płaszcz, odsłaniając elfickie rysy i starożytną zbroję pod spodem. Pływałem po ciemniejszych morzach niż te - zauważa, patrząc na chwiejącą się załogę bez obrzydzenia. Krew to krew, czy pobrana na lądzie, czy wodzie. Wyjmuje swój sakiewkę z zapłatą, ważąc ją z namysłem. Polujesz, najeżdżasz, przetrwasz. Szanuję to. Świadomy uśmiech przemyka przez jego bladą twarz. I podejrzewam, że twoi kapitanowie rozumieją - nieśmiertelność zmienia czyjeś perspektywy na... wszystko.	false
missions_localised_mission_completed_text_idrinth_unlock_wh_main_brt_bretonnia	Nieznajomy zdejmuje swój podróżny płaszcz z wprawną gracją, odsłaniając elficką zbroję pod spodem. Służyłem wcześniej u boku rycerzy - mówi, pochylając głowę z dworską precyzją. Honor i obowiązek przekraczają granice rasy. Twoja Dama chroni te ziemie, a ja chciałbym je widzieć bronione przed ciemnością, która wszystko pochłania. Jego blade rysy pozostają spokojne, chociaż jego bezbarwne wargi nie zdradzają ciepła. Ruszmy przeciwko naszemu wspólnemu wrogowi.	false
missions_localised_mission_completed_text_idrinth_unlock_wh3_main_cth_cathay	Odziana w szaty postać kłania się z nieoczekiwaną formalnością, następnie prostuje się, odsłaniając elfickie rysy pod swoimi podróżnymi szatami. Chodziłem po waszych ziemiach wcześniej, w minionych epokach - stwierdza, jego głos jest wyważony i spokojny. Wielki Bastion powstrzymuje okropności, które znam aż za dobrze. Równowaga musi być utrzymana przeciwko Zgubnym Mocom. Jego bezczasowe oczy studiują urzędników Cathay z naukowym zainteresowaniem. Oferuję wiedzę obejmującą tysiąclecia. Może możemy się od siebie nauczyć.	false
names_name_99990999999990	Idrinth	false
names_name_99990999999991	Thalui	false
names_name_99990999999992	Knight-Scholar	false
names_name_91003842572	Eva	false
names_name_91005248167	Plyitus	false
names_name_91012272878	Hagrene	false
names_name_91023980541	Altharloss	false
names_name_91043335079	Millen	false
names_name_91044214998	Sheeld	false
names_name_91044995477	Venola	false
names_name_91058692048	Myleere	false
names_name_91061636038	Kavinna	false
names_name_91063475665	Fonahir	false
names_name_91066656255	Waerna	false
names_name_91073720026	Hulaylian	false
names_name_91087181860	Felicion	false
names_name_91091045834	Deloria	false
names_name_910929957	Rinda	false
names_name_91096917599	Alarion	false
names_name_91119925593	Nasheer	false
names_name_9112654795	Boudicca	false
names_name_91126797147	Nightshade	false
names_name_91126820639	Caladrielle	false
names_name_91130865469	Sandrina	false
names_name_91143850849	Enna	false
names_name_91145397024	Koval	false
names_name_91147373454	Eldarion	false
names_name_91149635680	Zubaran	false
names_name_91163945081	Lorishion	false
names_name_9117103054	Vayeana	false
names_name_9119315689	Anarsis	false
names_name_91194134712	Fernhavest	false
names_name_91197705717	Saji	false
names_name_91202032358	Avelorrisas	false
names_name_91205288363	Kerthinia	false
names_name_91207993051	Hulaylian	false
names_name_912159699	Mantressa	false
names_name_91218801584	Damien	false
names_name_9122344455	Myriel	false
names_name_91225535785	Ramon	false
names_name_91226152662	Grimziyal	false
names_name_9122686813	Qintarra	false
names_name_91243883571	Rethia	false
names_name_91247905949	Jildou	false
names_name_91250574602	Bequish	false
names_name_91254391153	Alondrin	false
names_name_91261742987	Busscrone	false
names_name_91268007810	Circya	false
names_name_9128185431	Ruybiniss	false
names_name_91286859150	Ylrishen	false
names_name_91303889577	Morgan	false
names_name_91312613255	Orilon	false
names_name_91324369708	Maewhyn	false
names_name_91327343523	Jayadress	false
names_name_91327358560	Azirek	false
names_name_91327508456	Caladrielle	false
names_name_91329067400	Avelorrisas	false
names_name_9133018942	Arwenil	false
names_name_91348736263	Kelici	false
names_name_91354862277	Elysion	false
names_name_91355325317	Caydrille	false
names_name_91359526841	Aeden	false
names_name_91373918736	Bel-Nenya	false
names_name_91373928438	Ilona	false
names_name_91384300280	Elektra	false
names_name_9139274725	Klendrach	false
names_name_91396496474	Yr-Kithar	false
names_name_91397432329	Maudthekan	false
names_name_91404349694	Elise	false
names_name_91404830742	Elladan	false
names_name_91405360902	Hellespher	false
names_name_91411233647	Fhiron	false
names_name_91413240279	Relinda	false
names_name_91416443905	Lorna	false
names_name_91417301359	Lorelai	false
names_name_91421390481	Illiarch	false
names_name_91435311282	Zoltar	false
names_name_91437586017	Elladan	false
names_name_91442008725	R'Mal	false
names_name_91444170034	Lothiul	false
names_name_91449688241	Gynnash	false
names_name_91453701877	Velal	false
names_name_91462914341	Waerna	false
names_name_91469875558	Azalgorm	false
names_name_9147059091	Jayadress	false
names_name_91477685742	Laya-Quinn	false
names_name_91480988115	Tharket	false
names_name_9149095704	Ravena	false
names_name_91500935551	Kilana	false
names_name_91509126983	Senga	false
names_name_91517726071	Alizeabeth	false
names_name_91518758666	Ophillien	false
names_name_91525341994	Fandhir	false
names_name_91533578663	Bochra	false
names_name_91539784441	Omarin	false
names_name_91544419579	Jornadar	false
names_name_91548347790	Hextarian	false
names_name_91549964633	Baine	false
names_name_91553668240	Velitroth	false
names_name_91568387873	Felindre	false
names_name_91574055340	Darfayan	false
names_name_9157557480	Caydrille	false
names_name_91580975470	Lothiul	false
names_name_91596458280	Trillian	false
names_name_91599624757	Nadraxes	false
names_name_91613104460	Krogh	false
names_name_91617840855	Liandra	false
names_name_91619003680	Parthok	false
names_name_91626239518	Fortiunis	false
names_name_91631911126	Lucius	false
names_name_9163738469	Nathalia	false
names_name_91647432603	Scorpia	false
names_name_91650679308	Sabetha	false
names_name_91651253203	Velicion	false
names_name_91662293824	Feretulios	false
names_name_91662609258	Movar	false
names_name_91663124370	Lolillian	false
names_name_91674463770	Sheelda	false
names_name_91676255817	Larian	false
names_name_91676702302	Pokol-Daka	false
names_name_91678434015	Laya-Quinn	false
names_name_91685153999	Jeshia	false
names_name_91690881127	Jadus	false
names_name_91692450837	Bel-Harathoi	false
names_name_9169306801	Velissan	false
names_name_91693201541	Elliranion	false
names_name_91696520004	Noegh	false
names_name_91714437588	Koren-Bahnir	false
names_name_91723163773	Myrielh	false
names_name_91723951491	Bel-Sarathai	false
names_name_91747768786	Kerthinia	false
names_name_91749635114	Astralla	false
names_name_91759888452	Menlui-Akar	false
names_name_91767592018	Argyle	false
names_name_91772325140	Rautha	false
names_name_91778859011	Mara	false
names_name_91779790006	Vanquissh	false
names_name_9178011990	Cython-Yrel	false
names_name_91781194350	Hyther	false
names_name_91782569233	Espellba	false
names_name_91793838679	Astikar	false
names_name_91805305451	Driellen	false
names_name_91805956898	Larian	false
names_name_91818418423	Prenticly	false
names_name_9181892619	Westara	false
names_name_91819815097	Artheus	false
names_name_91822131918	Rethia	false
names_name_9182386008	Elreth	false
names_name_91824172218	Obarmon	false
names_name_91832942633	Mlendei	false
names_name_91839202249	Lolillian	false
names_name_91839293256	Kjeldilon	false
names_name_91850383583	Rhodar	false
names_name_91854561361	Sammith	false
names_name_91865779139	Chechemon	false
names_name_91870285600	Veraunn	false
names_name_91870317021	Kerestra	false
names_name_91874746780	Feniaor	false
names_name_91876393694	Najjirah	false
names_name_91878262360	Solkar	false
names_name_91878347147	Marinh	false
names_name_91879902399	Aurelius	false
names_name_91880052996	Wonellinrei	false
names_name_91884036913	Exarian	false
names_name_91900416210	Bel-Amy	false
names_name_91915072686	Fayza	false
names_name_91920209172	Trillian	false
names_name_91931576863	Rhama	false
names_name_91933701425	Omnombah	false
names_name_91935289251	Murella	false
names_name_91944479300	Lorishion	false
names_name_91946949066	Yorian	false
names_name_91948029117	Lorienne	false
names_name_91948853670	Zilnilon	false
names_name_91956855324	Gwendolyn	false
names_name_91959415982	Bel-Lecai	false
names_name_91984883343	Fydhion	false
names_name_91993506009	Elliranion	false
names_name_91997936833	Prenticly	false
names_name_92001547846	Tamarith	false
names_name_92007007269	Eville-Lyn	false
names_name_92007662807	Sethera	false
names_name_92010781226	Byre'chull	false
names_name_9201148896	Selveth	false
names_name_9201846194	Exarian	false
names_name_92019146272	Zoram	false
names_name_92028322876	Yastra	false
names_name_92044527313	Feniaor	false
names_name_92056726109	Teneska	false
names_name_92069123878	Rakal	false
names_name_92073522645	Polkesha	false
names_name_92077129249	Teneska	false
names_name_92098503774	Moransti	false
names_name_92098530624	Hellinor	false
names_name_92104549974	Mordis	false
names_name_92108748670	Yasmijn	false
names_name_92112899441	Gendalfa	false
names_name_92118818206	Sakonna	false
names_name_92121529518	Arden	false
names_name_92125052025	Ditharastara	false
names_name_92126878368	Ellendeling	false
names_name_92147352837	Morlanna	false
names_name_92147352877	Tevaril	false
names_name_92147352885	Delynna	false
names_name_92147352887	Evelyne	false
names_name_92147358991	Yavandir	false
names_name_92147358997	Thalos	false
names_name_92147359004	Arduval	false
names_name_92147359014	Amendil	false
names_name_92147359017	Ingmir	false
names_name_92147359021	Torendil	false
names_name_92147359025	Yssellal	false
names_name_92147359027	Tralan	false
names_name_92147359030	Aesrit	false
names_name_92147359031	Urdithane	false
names_name_92147359036	Strathot	false
names_name_92147359038	Dolwen	false
names_name_92147359043	Elror	false
names_name_92147359044	Dodan	false
names_name_92147359047	Dhulas	false
names_name_92147359053	Acca	false
names_name_92147359054	Dottaen	false
names_name_92147359060	Toltirin	false
names_name_92147359061	Tala	false
names_name_92147359062	Agnor	false
names_name_92147359067	Rana	false
names_name_92147359068	Vilgin	false
names_name_92147359071	Gilgalion	false
names_name_92147359076	Luren	false
names_name_92147359080	Dalos	false
names_name_92147359081	Harrond	false
names_name_92147359082	Tuduthus	false
names_name_92147359091	Circo	false
names_name_92147359093	Camring	false
names_name_92147359095	Kholis	false
names_name_92147359097	Duluric	false
names_name_92147359100	Amhas	false
names_name_92147359102	Alu	false
names_name_92147359108	Silontol	false
names_name_92147359110	Isrostot	false
names_name_92147359111	Narien	false
names_name_92147359114	Olanis	false
names_name_92147359115	Ingmir	false
names_name_92147359116	Singal	false
names_name_92147359118	Orliaruth	false
names_name_92147359121	Dhanas	false
names_name_92147359124	Valahuir	false
names_name_92147359125	Mylnel	false
names_name_92147359132	Dhehen	false
names_name_92147359134	Urdithane	false
names_name_92147359135	Foros	false
names_name_92147359139	Felnylsal	false
names_name_92147359140	Attodaeth	false
names_name_92147359143	Belaeg	false
names_name_92147359149	Ara	false
names_name_92147359158	Othiodi	false
names_name_92147359161	Catra	false
names_name_92147359169	Zaltothios	false
names_name_92147359174	Ikirin	false
names_name_92147359179	Varcio	false
names_name_92147359189	Straslaeth	false
names_name_92147359197	Iscuraa	false
names_name_92147359206	Thilvokkas	false
names_name_92147359209	Daertoc	false
names_name_92147359214	Otrolio	false
names_name_92147359220	Iarac	false
names_name_92147359222	Dhada	false
names_name_92147359231	Dhalsyth	false
names_name_92147359233	Sesteshal	false
names_name_92147359348	Selafyn	false
names_name_92147359351	Finreir	false
names_name_92147359355	Anaryll	false
names_name_92147359361	Eldril	false
names_name_92147359365	Aethis	false
names_name_92147359373	Harathrel	false
names_name_92147359376	Arandir	false
names_name_92147359377	Argalen	false
names_name_92147359387	Moranion	false
names_name_92147359388	Ferghal	false
names_name_92147359397	Antheus	false
names_name_92147359403	Inrion	false
names_name_92147359410	Hallar	false
names_name_92147359420	Cireon	false
names_name_92147359423	Erethond	false
names_name_92147359428	Eldarain	false
names_name_92147359429	Aethenor	false
names_name_92147359432	Aramir	false
names_name_92147359438	Cerion	false
names_name_92147359440	Melanar	false
names_name_92147359445	Anurell	false
names_name_92147359448	Thaindor	false
names_name_92147359449	Illidial	false
names_name_92147359455	Elon	false
names_name_92147359457	Sulphunet	false
names_name_92147359467	Kurl	false
names_name_92147359470	Vraneth	false
names_name_92147359478	Galroth	false
names_name_92147359486	Asperon	false
names_name_92147359493	Tuern	false
names_name_92147359501	Corvass	false
names_name_92147359511	Ruerl	false
names_name_92147359518	Hargan	false
names_name_92147359523	Aillion	false
names_name_92147359524	Gandrell	false
names_name_92147359527	Urian	false
names_name_92147359529	Maglan	false
names_name_92147359538	Dranack	false
names_name_92147359539	Delekth	false
names_name_92147359540	Yeurl	false
names_name_92147359548	Kaleth	false
names_name_92147359554	Khalek	false
names_name_92147359568	Girathon	false
names_name_92147359575	Girathon	false
names_name_92147359576	Furion	false
names_name_92147359586	Korhedron	false
names_name_92147359595	Khalin	false
names_name_92147359605	Ribath	false
names_name_92147359610	Sihori	false
names_name_92147359620	Sareth	false
names_name_92147359621	Vashas	false
names_name_92147359623	Lorsitel	false
names_name_92147359626	Locehon	false
names_name_92147359636	Arathar	false
names_name_92147359643	Akhaunet	false
names_name_92147359652	Velavith	false
names_name_92147359655	Sabichal	false
names_name_92147359664	Cagherosh	false
names_name_92147359673	Mittarah	false
names_name_92147359681	Virlorel	false
names_name_92147359691	Tarrerrosh	false
names_name_92147359698	Thoshelre	false
names_name_92147359706	Cirsis	false
names_name_92147359712	Cerirreh	false
names_name_92147359713	Sokhos	false
names_name_92147359720	Maveh	false
names_name_92147359721	Feisha	false
names_name_92147359724	Fecha	false
names_name_92147359729	Lecelne	false
names_name_92147359734	Hohha	false
names_name_92147359737	Cesirnoh	false
names_name_92147359741	Corvishish	false
names_name_92147359749	Massighah	false
names_name_92147359753	Merosha	false
names_name_92147359759	Hacaggil	false
names_name_92147359767	Resara	false
names_name_92147359770	Neheth	false
names_name_92147359773	Ravares	false
names_name_92147359780	Volilosh	false
names_name_92147359788	Zeloran	false
names_name_92147359792	Shakkara	false
names_name_92147359797	Shakkara	false
names_name_92147359799	Nelosi	false
names_name_92147359806	Tholre'kai	false
names_name_92147359811	Rervetoh	false
names_name_92147359818	Kakaukin	false
names_name_92147359827	Sothartah	false
names_name_92147359833	Tothauthrak	false
names_name_92147359836	Cekhullil	false
names_name_92147359840	Danoth	false
names_name_92147359843	Nocrusith	false
names_name_92147359846	Vukathan	false
names_name_92147359849	Vegmorlus	false
names_name_92147359855	Wirtha	false
names_name_92147359859	Veri'kath	false
names_name_92147359864	Khalgughun	false
names_name_92147359867	Decun'kar	false
names_name_92147359868	Tallirmoth	false
names_name_92147359877	Tehechish	false
names_name_92147359887	Werrora	false
names_name_92147359894	Calnatoth	false
names_name_92147359903	Bel-Edhanel	false
names_name_92147359910	Enthaal	false
names_name_92147359912	Zaathos	false
names_name_92147359917	Thanlutlin	false
names_name_92147359924	Deralac	false
names_name_92147359926	Dydrarus	false
names_name_92147359930	Bel-Harthur	false
names_name_92147359934	Gondil	false
names_name_92147359937	Tharhindrel	false
names_name_92147359956	Halithyar	false
names_name_92147359965	Bel-Aethlec	false
names_name_92147359969	Feyadyin	false
names_name_92147359973	Miradrin	false
names_name_92147359978	Assagiere	false
names_name_92147359986	Illenyadara	false
names_name_92147359987	Einnilize	false
names_name_92147359994	Haerrieth	false
names_name_92147359998	Licumoitta	false
names_name_92147360007	Agiella	false
names_name_92147360012	Sophiridrin	false
names_name_92147360015	Adagia	false
names_name_92147360018	Itilnae	false
names_name_92147360025	Hemmara	false
names_name_92147360031	Haennirmara	false
names_name_92147360040	Nashanra	false
names_name_92147360046	Litania	false
names_name_92147360050	Vanya	false
names_name_92147360065	Alyssa	false
names_name_92147360075	Nonens	false
names_name_92147360083	Nonus	false
names_name_92147360092	Moksha	false
names_name_92147360102	Maledicta	false
names_name_92147360109	Tilly	false
names_name_92147360118	Taira	false
names_name_92147360123	Armandis	false
names_name_92147360125	Azuma	false
names_name_92147360132	Bael'Sammon	false
names_name_92147360156	Galag	false
names_name_92147360163	Weylyn	false
names_name_92147360164	Melwin	false
names_name_92147360181	Vera	false
names_name_92147360185	Amon	false
names_name_92147360188	Sabioth	false
names_name_92147360191	Rowan	false
names_name_92147360198	Gaion	false
names_name_92147360199	Maktig	false
names_name_92147360201	Noriv	false
names_name_92147360210	Mehri	false
names_name_92147360216	Eydis	false
names_name_92147360224	Cylas	false
names_name_92147360232	Gwyndion	false
names_name_92147360242	Rodir	false
names_name_92147360248	Kychte	false
names_name_92147360256	Mychaela	false
names_name_92147360259	Azriel	false
names_name_92147360298	Maeron	false
names_name_92147360299	Shanahan	false
names_name_92147360301	Thovar	false
names_name_92147360302	Serra	false
names_name_92147360305	Leander	false
names_name_92147360312	Taodin	false
names_name_92147360316	Aphazel	false
names_name_92147360320	Aesllanan	false
names_name_92147360324	Iolair	false
names_name_92147360332	Tallanquine	false
names_name_92147360339	Aratt	false
names_name_92147360344	Arathalle	false
names_name_92147360353	Arathion	false
names_name_92147360370	Arhalien	false
names_name_92147360378	Astra	false
names_name_92147360386	Anwesu	false
names_name_92147360388	Banadl	false
names_name_92147360389	Eliandr	false
names_name_92147360397	Cuolsh	false
names_name_92147360398	Bel-Eshain	false
names_name_92147360399	Darsis	false
names_name_92147360401	Cynaeaf	false
names_name_92147360409	Delzus	false
names_name_92147360412	Tarnig	false
names_name_92147360418	Fiarel	false
names_name_92147360422	Fildrigar	false
names_name_92147360431	Gemariel	false
names_name_92147360439	Herisan	false
names_name_92147360449	Eponandilas	false
names_name_92147360452	Korhian	false
names_name_92147360456	Loth	false
names_name_92147360466	Sullandiel	false
names_name_92147360473	Siaisullainn	false
names_name_92147360483	Larithiriel	false
names_name_92147360488	Sikariel	false
names_name_92147360496	Yrtle	false
names_name_92147360497	Malmir	false
names_name_92147360505	Yavathol	false
names_name_92147360861	Valnal	false
names_name_92147360865	Valahuir	false
names_name_92147360866	Valin	false
names_name_92147360872	Halin	false
names_name_92147360880	Curufor	false
names_name_92147360887	Valanduil	false
names_name_92147360895	Gloringwe	false
names_name_92147360898	Balthinal	false
names_name_9215489877	Murdredesa	false
names_name_9221419176	Ghyrohus	false
names_name_9229702971	Orinon	false
names_name_9240319108	Morgula	false
names_name_9251206543	Merel	false
names_name_9254105579	Olana	false
names_name_9260349986	Hultressa	false
names_name_927712983	Ceyl-Thakeya	false
names_name_928191196	Yullin-Wen	false
names_name_9288906143	Tressa	false
names_name_9297603475	Kiriela	false
names_name_9299240783	Kyriela	false
names_name_9303214758	Saam	false
names_name_9307882877	Sharkia	false
names_name_9321922030	Wendrina	false
names_name_9330937663	Yenlui-Enyur	false
names_name_9337880775	Hordahn	false
names_name_9342870749	Mellindirei	false
names_name_9347628724	Rovaran	false
names_name_9350709652	Velissan	false
names_name_9355424219	Elemire	false
names_name_9363168612	Ophillien	false
names_name_9372059833	Yornh	false
names_name_9374343023	Syd	false
names_name_9375052472	Laurum	false
names_name_9391961608	Olfren	false
names_name_939359749	Sadrina	false
names_name_9396435961	Gerzhin	false
names_name_940592359	Ichinya	false
names_name_9408331728	Thina	false
names_name_9409792556	Yelgren	false
names_name_9422011688	Segales	false
names_name_9423002791	Tomalak	false
names_name_9451739357	Lautaro	false
names_name_9462808050	Tefari	false
names_name_9468983423	Bel-Eiline	false
names_name_9469563707	Yandis	false
names_name_9470237979	Yorian	false
names_name_9480060307	Ruybiniss	false
names_name_9484120234	Molgo	false
names_name_9494061521	Galdorian	false
names_name_9496860590	Hydrans	false
names_name_9506407445	Feretulios	false
names_name_9516740147	Arwenil	false
names_name_95264397	Dorian	false
names_name_9534479850	Osydin	false
names_name_9534996114	Kyrian	false
names_name_9556088774	Jolandya	false
names_name_9569655551	Leech	false
names_name_9581191811	Rinmaud	false
names_name_958209983	Fernhavest	false
names_name_9587744652	Alarion	false
names_name_9597082929	Couladin	false
names_name_9609178536	Aloisa	false
names_name_9609415243	Daeves	false
names_name_9637606852	Scarissa	false
names_name_9657027400	Edelia	false
names_name_9667799830	Izual	false
names_name_9671922100	Driellen	false
names_name_9683956364	Lovok	false
names_name_9686261355	Arspeth	false
names_name_9688987316	Deshenshar	false
names_name_9697188827	Danar	false
names_name_9709930337	Zenoria	false
names_name_9719260432	Jinquella	false
names_name_9724873043	Ilnyshon	false
names_name_9727328651	Theron	false
names_name_9741491310	Borath	false
names_name_9749892976	Ghyrohus	false
names_name_9750221586	Keevan	false
names_name_9757978914	Zamdilla	false
names_name_9762917372	Killian	false
names_name_9769215322	Barsathar	false
names_name_9778743758	Vespa	false
names_name_9794649491	Kuzu	false
names_name_9802181658	Jayden	false
names_name_9808487450	Karorn	false
names_name_9829924005	Mantressa	false
names_name_9832962557	Khalin	false
names_name_9833034999	Siamak	false
names_name_9847757873	Malarnur	false
names_name_9851662598	Cyruss	false
names_name_9859676261	Deloria	false
names_name_9868178937	Tifeon	false
names_name_9868179889	Amrifor	false
names_name_9870085407	Altharloss	false
names_name_9906324863	Luaran	false
names_name_9916939383	Scitilla	false
names_name_9924291862	Yurichmur	false
names_name_9933037566	Galathon	false
names_name_9933807514	Pardek	false
names_name_9940016733	Seraph	false
names_name_9944360972	Uriel	false
names_name_9960124450	Elena	false
names_name_9978479741	Vigilo	false
names_name_99990999999993	Idrinth	false
names_name_99990999999994	Thalui	false
names_name_99990999999995	Knight-Scholar	false
names_name_99990999999996	Idrinth	false
names_name_99990999999997	Thalui	false
names_name_99990999999998	Knight-Scholar	false
names_name_99990999999999	Idrinth	false
names_name_99991000000000	Thalui	false
names_name_99991000000001	Knight-Scholar	false
names_name_99991000000002	Idrinth	false
names_name_99991000000003	Thalui	false
names_name_99991000000004	Knight-Scholar	false
names_name_99991000000005	Idrinth	false
names_name_99991000000006	Thalui	false
names_name_99991000000007	Knight-Scholar	false
names_name_99991000000008	Idrinth	false
names_name_99991000000009	Thalui	false
names_name_99991000000010	Knight-Scholar	false
names_name_99991000000011	Idrinth	false
names_name_99991000000012	Thalui	false
names_name_99991000000013	Knight-Scholar	false
names_name_99991000000014	Idrinth	false
names_name_99991000000015	Thalui	false
names_name_99991000000016	Knight-Scholar	false
names_name_99991000000017	Idrinth	false
names_name_99991000000018	Thalui	false
names_name_99991000000019	Knight-Scholar	false
pooled_resources_description_idrinth_khaine	Pozycja wobec Khaine'a	false
pooled_resources_display_name_idrinth_khaine	Łaska Khaine'a	false
pooled_resources_negative_factors_display_name_idrinth_khaine	Utracono	false
pooled_resources_positive_factors_display_name_idrinth_khaine	Zdobyto	false
pooled_resources_description_idrinth_kurnous	Pozycja wobec Kurnous'a	false
pooled_resources_display_name_idrinth_kurnous	Łaska Kurnous'a	false
pooled_resources_negative_factors_display_name_idrinth_kurnous	Utracono	false
pooled_resources_positive_factors_display_name_idrinth_kurnous	Zdobyto	false
pooled_resources_description_idrinth_asuryan	Pozycja wobec Asuryan'a	false
pooled_resources_display_name_idrinth_asuryan	Łaska Asuryan'a	false
pooled_resources_negative_factors_display_name_idrinth_asuryan	Utracono	false
pooled_resources_positive_factors_display_name_idrinth_asuryan	Zdobyto	false
special_ability_groups_name_idrinth_lore_thalui	Wiedza Thalui	false
special_ability_groups_name_idrinth_lore_thalui_upgraded	Wiedza Thalui	false
special_ability_phases_onscreen_name_idrinth_hev_high_elf_vampires_anti_chaos	Wróg Niszczycielskich Mocy	false
ui_text_replacements_localised_text_idrinth_chapel_settlement_panel_tooltip	Kaplica Thaluii	false
ui_text_replacements_localised_text_idrinth_chapel_button_tooltip	Pokaż lokalną kaplicę thaluiańską	false
ui_unit_groupings_onscreen_idrinth_hev_high_elf_vampires_idrinth	Wampir Wysoki Elf	false
ui_unit_groupings_onscreen_idrinth_hev_high_elf_vampires_chapel_shrine	Sanktuarium	false
ui_unit_groupings_onscreen_idrinth_hev_high_elf_vampires_chapel_guard	Straż Kaplicy	false
ui_unit_groupings_onscreen_idrinth_hev_high_elf_vampires_chapel_priest	Kapłan Kaplicy	false
uied_component_texts_localised_string_Idrinth_StateText_fc1bd77b	Obecnie Aktywne	false
uied_component_texts_localised_string_Idrinth_StateText_5e2400a	Wyłącz powiadomienia Ścieżek Idrintha dla tej postaci	false
uied_component_texts_localised_string_Idrinth_StateText_5fa40ba9	Oddanie Idrintha	false
uied_component_texts_localised_string_Idrinth_StateText_6926231c	Modlitwy Idrintha	false
uied_component_texts_localised_string_Idrinth_StateText_54a33572	PLACEHOLDER 1	false
uied_component_texts_localised_string_Idrinth_StateText_520024dc	PLACEHOLDER 4	false
uied_component_texts_localised_string_Idrinth_StateText_7df03839	PLACEHOLDER 6	false
uied_component_texts_localised_string_Idrinth_StateText_2ed10066	PLACEHOLDER 7	false
uied_component_texts_localised_string_Idrinth_StateText_ad00607	PLACEHOLDER 8	false
uied_component_texts_localised_string_Idrinth_StateText_56956138	PLACEHOLDER 9	false
uied_component_texts_localised_string_Idrinth_StateText_2d1802d	PLACEHOLDER 10	false
uied_component_texts_localised_string_Idrinth_StateText_97e54363	PLACEHOLDER 11	false
uied_component_texts_localised_string_Idrinth_StateText_2d67f411	PLACEHOLDER 12	false
uied_component_texts_localised_string_Idrinth_StateText_d12dea81	PLACEHOLDER 16	false
uied_component_texts_localised_string_Idrinth_StateText_24667457	PLACEHOLDER 17	false
uied_component_texts_localised_string_Idrinth_StateText_7a688d04	PLACEHOLDER 18	false
uied_component_texts_localised_string_Idrinth_StateText_3a099911	PLACEHOLDER 19	false
uied_component_texts_localised_string_Idrinth_StateText_3710e3f2	PLACEHOLDER 20	false
uied_component_texts_localised_string_Idrinth_StateText_49a7b394	PLACEHOLDER 21	false
uied_component_texts_localised_string_Idrinth_StateText_39b3dcfe	PLACEHOLDER 22	false
uied_component_texts_localised_string_Idrinth_StateText_b7030818	PLACEHOLDER 23	false
uied_component_texts_localised_string_Idrinth_StateText_b68b4233	PLACEHOLDER 24	false
uied_component_texts_localised_string_Idrinth_StateText_b3139611	PLACEHOLDER 25	false
unit_abilities_onscreen_name_idrinth_lore_thalui_oath_of_withstanding	Przysięga Wytrwania	false
unit_abilities_tooltip_text_idrinth_lore_thalui_oath_of_withstanding		false
unit_abilities_onscreen_name_idrinth_lore_thalui_oath_of_withstanding_upgraded	Większa Przysięga Wytrwania	false
unit_abilities_tooltip_text_idrinth_lore_thalui_oath_of_withstanding_upgraded		false
unit_abilities_onscreen_name_idrinth_lore_thalui_shadow_finger	Cienisty Palec	false
unit_abilities_tooltip_text_idrinth_lore_thalui_shadow_finger		false
unit_abilities_onscreen_name_idrinth_lore_thalui_shadow_finger_upgraded	Większy Cienisty Palec	false
unit_abilities_tooltip_text_idrinth_lore_thalui_shadow_finger_upgraded		false
unit_abilities_onscreen_name_idrinth_lore_thalui_shadow_dance	Taniec Cienia	false
unit_abilities_tooltip_text_idrinth_lore_thalui_shadow_dance		false
unit_abilities_onscreen_name_idrinth_lore_thalui_shadow_dance_upgraded	Większy Taniec Cienia	false
unit_abilities_tooltip_text_idrinth_lore_thalui_shadow_dance_upgraded		false
unit_abilities_onscreen_name_idrinth_lore_thalui_eternal_servitude	Wieczna Służba	false
unit_abilities_tooltip_text_idrinth_lore_thalui_eternal_servitude		false
unit_abilities_onscreen_name_idrinth_lore_thalui_eternal_servitude_upgraded	Większa Wieczna Służba	false
unit_abilities_tooltip_text_idrinth_lore_thalui_eternal_servitude_upgraded		false
unit_abilities_onscreen_name_idrinth_lore_thalui_deadly_intend	Śmiertelny Zamiar	false
unit_abilities_tooltip_text_idrinth_lore_thalui_deadly_intend		false
unit_abilities_onscreen_name_idrinth_lore_thalui_deadly_intend_upgraded	Większy Śmiertelny Zamiar	false
unit_abilities_tooltip_text_idrinth_lore_thalui_deadly_intend_upgraded		false
unit_abilities_onscreen_name_idrinth_lore_thalui_oath_of_vengeance	Przysięga Zemsty	false
unit_abilities_tooltip_text_idrinth_lore_thalui_oath_of_vengeance		false
unit_abilities_onscreen_name_idrinth_lore_thalui_oath_of_vengeance_upgraded	Większa Przysięga Zemsty	false
unit_abilities_tooltip_text_idrinth_lore_thalui_oath_of_vengeance_upgraded		false
unit_abilities_onscreen_name_idrinth_hev_high_elf_vampires_anti_chaos	Wróg Niszczycielskich Mocy	false
unit_abilities_tooltip_text_idrinth_hev_high_elf_vampires_anti_chaos	Szkoleni specjalnie przeciwko niezliczonym wrogom niszczycielskich mocy, ci wojownicy są wyjątkowo skuteczni w walce z nimi.	false
unit_description_historical_texts_text_idrinth_hev_high_elf_vampires_idrinth	Ostrza wymachiwane z elficką elegancją i wampiryczną mocą, łuki strzelające z elficką precyzją i wampiryczną siłą. Te stworzenia budzą strach w większości serc.	false
unit_description_historical_texts_text_idrinth_hev_high_elf_vampires_chapel_asuryan	Ci zdesperowani wygnańcy, poszukiwacze przygód i najemnicy chronią sanktuarium Asuryana.	false
unit_description_historical_texts_text_idrinth_hev_high_elf_vampires_chapel_kurnous	Ci zdesperowani wygnańcy, poszukiwacze przygód i najemnicy chronią sanktuarium Kurnous.	false
unit_description_historical_texts_text_idrinth_hev_high_elf_vampires_chapel_khaine	Ci zdesperowani wygnańcy, poszukiwacze przygód i najemnicy chronią sanktuarium Khaine'a.	false
unit_description_historical_texts_text_idrinth_hev_high_elf_vampires_chapel_mixed	Ci zdesperowani wygnańcy, poszukiwacze przygód i najemnicy chronią kaplicę swoich bogów.	false
unit_description_historical_texts_text_idrinth_hev_high_elf_vampires_chapel_asuryan_leader	Ci dawni wygnańcy, poszukiwacze przygód i najemnicy chronią sanktuarium Asuryana.	false
unit_description_historical_texts_text_idrinth_hev_high_elf_vampires_chapel_kurnous_leader	Ci dawni wygnańcy, poszukiwacze przygód i najemnicy chronią sanktuarium Kurnous.	false
unit_description_historical_texts_text_idrinth_hev_high_elf_vampires_chapel_khaine_leader	Ci dawni wygnańcy, poszukiwacze przygód i najemnicy chronią sanktuarium Khaine'a.	false
unit_description_historical_texts_text_idrinth_hev_high_elf_vampires_chapel_shrine	To prowizoryczne, ożywione sanktuarium Asuryana, Kurnous i Khaine'a chroni i pomaga obrońcom stać mocno.	false
unit_description_historical_texts_text_idrinth_hev_high_elf_vampires_chapel_stone_wolves	Te kamienne bestie łączą elficką artystyczność z niszczycielskimi zaklęciami, czyniąc je jednymi z najlepszych wojsk szturmowych dostępnych dla Thaluiańskich Kaplic.	false
unit_description_historical_texts_text_idrinth_hev_high_elf_vampires_chapel_outriders	Ci dumni mężczyźni i kobiety wyruszają na koniach, by zabezpieczyć drogi i flanki, używając mikstur do zwiększenia swojej przeżywalności i szans.	false
unit_description_historical_texts_text_idrinth_hev_high_elf_vampires_chapel_asuryan_leader_vampire	Ci dawni wygnańcy, poszukiwacze przygód i najemnicy chronią sanktuarium Asuryana pomimo swojego wampiryzmu.	false
unit_description_historical_texts_text_idrinth_hev_high_elf_vampires_chapel_kurnous_leader_vampire	Ci dawni wygnańcy, poszukiwacze przygód i najemnicy chronią sanktuarium Kurnous pomimo swojego wampiryzmu.	false
unit_description_historical_texts_text_idrinth_hev_high_elf_vampires_chapel_khaine_leader_vampire	Ci dawni wygnańcy, poszukiwacze przygód i najemnicy chronią sanktuarium Khaine'a pomimo swojego wampiryzmu.	false
unit_description_historical_texts_text_idrinth_hev_high_elf_vampires_chapel_khaine_varghulf	Ci nieudani wampiry byli niegdyś kapłanami Khaine'a.	false
unit_description_historical_texts_text_idrinth_hev_high_elf_vampires_chapel_kurnous_varghulf	Ci nieudani wampiry byli niegdyś kapłanami Kurnous.	false
unit_description_historical_texts_text_idrinth_hev_high_elf_vampires_chapel_asuryan_varghulf	Ci nieudani wampiry byli niegdyś kapłanami Asuryana.	false
unit_description_short_texts_text_idrinth_hev_high_elf_vampires_idrinth	Ostrza wymachiwane z elficką elegancją i wampiryczną mocą, łuki strzelające z elficką precyzją i wampiryczną siłą. Te stworzenia budzą strach w większości serc.	false
unit_description_short_texts_text_idrinth_hev_high_elf_vampires_chapel_asuryan	Ci zdesperowani wygnańcy, poszukiwacze przygód i najemnicy chronią sanktuarium Asuryana.	false
unit_description_short_texts_text_idrinth_hev_high_elf_vampires_chapel_kurnous	Ci zdesperowani wygnańcy, poszukiwacze przygód i najemnicy chronią sanktuarium Kurnous.	false
unit_description_short_texts_text_idrinth_hev_high_elf_vampires_chapel_khaine	Ci zdesperowani wygnańcy, poszukiwacze przygód i najemnicy chronią sanktuarium Khaine'a.	false
unit_description_short_texts_text_idrinth_hev_high_elf_vampires_chapel_mixed	Ci zdesperowani wygnańcy, poszukiwacze przygód i najemnicy chronią kaplicę swoich bogów.	false
unit_description_short_texts_text_idrinth_hev_high_elf_vampires_chapel_asuryan_leader	Ci dawni wygnańcy, poszukiwacze przygód i najemnicy chronią sanktuarium Asuryana.	false
unit_description_short_texts_text_idrinth_hev_high_elf_vampires_chapel_kurnous_leader	Ci dawni wygnańcy, poszukiwacze przygód i najemnicy chronią sanktuarium Kurnous.	false
unit_description_short_texts_text_idrinth_hev_high_elf_vampires_chapel_khaine_leader	Ci dawni wygnańcy, poszukiwacze przygód i najemnicy chronią sanktuarium Khaine'a.	false
unit_description_short_texts_text_idrinth_hev_high_elf_vampires_chapel_shrine	To prowizoryczne, ożywione sanktuarium Asuryana, Kurnous i Khaine'a chroni i pomaga obrońcom stać mocno.	false
unit_description_short_texts_text_idrinth_hev_high_elf_vampires_chapel_stone_wolves	Te kamienne bestie łączą elficką artystyczność z niszczycielskimi zaklęciami, czyniąc je jednymi z najlepszych wojsk szturmowych dostępnych dla Thaluiańskich Kaplic.	false
unit_description_short_texts_text_idrinth_hev_high_elf_vampires_chapel_outriders	Ci dumni mężczyźni i kobiety wyruszają na koniach, by zabezpieczyć drogi i flanki, używając mikstur do zwiększenia swojej przeżywalności i szans.	false
unit_description_short_texts_text_idrinth_hev_high_elf_vampires_chapel_asuryan_leader_vampire	Ci dawni wygnańcy, poszukiwacze przygód i najemnicy chronią sanktuarium Asuryana pomimo swojego wampiryzmu.	false
unit_description_short_texts_text_idrinth_hev_high_elf_vampires_chapel_kurnous_leader_vampire	Ci dawni wygnańcy, poszukiwacze przygód i najemnicy chronią sanktuarium Kurnous pomimo swojego wampiryzmu.	false
unit_description_short_texts_text_idrinth_hev_high_elf_vampires_chapel_khaine_leader_vampire	Ci dawni wygnańcy, poszukiwacze przygód i najemnicy chronią sanktuarium Khaine'a pomimo swojego wampiryzmu.	false
unit_description_short_texts_text_idrinth_hev_high_elf_vampires_chapel_khaine_varghulf	Ci nieudani wampiry byli niegdyś kapłanami Khaine'a.	false
unit_description_short_texts_text_idrinth_hev_high_elf_vampires_chapel_kurnous_varghulf	Ci nieudani wampiry byli niegdyś kapłanami Kurnous.	false
unit_description_short_texts_text_idrinth_hev_high_elf_vampires_chapel_asuryan_varghulf	Ci nieudani wampiry byli niegdyś kapłanami Asuryana.	false
upgrade_tooltips_idrinth_unit_asuryan	Ulepsz Mieszaną Straż Elficką do Straży Asuryana za 300 + 50 * Ranga Złota i zyskaj Ranga² Łaski	false
upgrade_tooltips_idrinth_priest_asuryan	Spróbuj zamienić tego kapłana w wampira za 1000 Złota i 250 Łaski. To może się nie udać, a w najgorszym przypadku po prostu ich zabić.	false
upgrade_tooltips_idrinth_unit_khaine	Ulepsz Mieszaną Straż Elficką do Straży Khaine'a za 300 + 50 * Ranga Złota i zyskaj Ranga² Łaski.	false
upgrade_tooltips_idrinth_priest_khaine	Spróbuj zamienić tego kapłana w wampira za 1000 Złota i 250 Łaski. To może się nie udać, a w najgorszym przypadku po prostu ich zabić.	false
upgrade_tooltips_idrinth_unit_kurnous	Ulepsz Mieszaną Straż Elficką do Straży Kurnous za 300 + 50 * Ranga Złota i zyskaj Ranga² Łaski	false
upgrade_tooltips_idrinth_priest_kurnous	Spróbuj zamienić tego kapłana w wampira za 1000 Złota i 250 Łaski. To może się nie udać, a w najgorszym przypadku po prostu ich zabić.	false
upgrade_tooltips_idrinth_animal_kurnous_eagle	Pobłogosław wielkiego orła w imieniu Kurnous za 125 złota i 70 łaski.	false
upgrade_tooltips_idrinth_animal_khaine_eagle	Pobłogosław wielkiego orła w imieniu Khaine'a za 125 złota i 70 łaski.	false
upgrade_tooltips_idrinth_animal_asuryan_eagle	Pobłogosław wielkiego orła w imieniu Asuryana za 125 złota i 70 łaski.	false
upgrade_tooltips_idrinth_animal_kurnous_hawks	Pobłogosław jastrzębie w imieniu Kurnous za 100 złota i 40 łaski.	false
upgrade_tooltips_idrinth_animal_khaine_hawks	Pobłogosław jastrzębie w imieniu Khaine'a za 100 złota i 40 łaski.	false
upgrade_tooltips_idrinth_animal_asuryan_hawks	Pobłogosław jastrzębie w imieniu Asuryana za 100 złota i 40 łaski.	false
upgrade_tooltips_idrinth_animal_kurnous_bats	Pobłogosław nietoperze w imieniu Kurnous za 50 złota i 20 łaski.	false
upgrade_tooltips_idrinth_animal_khaine_bats	Pobłogosław nietoperze w imieniu Khaine'a za 50 złota i 20 łaski.	false
upgrade_tooltips_idrinth_animal_asuryan_bats	Pobłogosław nietoperze w imieniu Asuryana za 50 złota i 20 łaski.	false
upgrade_tooltips_idrinth_animal_kurnous_wolves	Pobłogosław wilki w imieniu Kurnous za 75 złota i 30 łaski.	false
upgrade_tooltips_idrinth_animal_khaine_wolves	Pobłogosław wilki w imieniu Khaine'a za 75 złota i 30 łaski.	false
upgrade_tooltips_idrinth_animal_asuryan_wolves	Pobłogosław wilki w imieniu Asuryana za 75 złota i 30 łaski.	false
upgrade_tooltips_idrinth_size_outriders	Zwiększ liczbę Zwiadowców Kaplicy o 5 za 250 złota. Rangi są zachowane.	false
upgrade_tooltips_idrinth_size_kurnous	Zwiększ liczbę Straży Kurnous o 15 za 300 złota. Rangi i status weterana są zachowane.	false
upgrade_tooltips_idrinth_size_khaine	Zwiększ liczbę Straży Khaine'a o 15 za 300 złota. Rangi i status weterana są zachowane.	false
upgrade_tooltips_idrinth_size_asuryan	Zwiększ liczbę Straży Asuryana o 15 za 300 złota. Rangi i status weterana są zachowane.	false
mct_patch_notes_idrinth_129_notes	- poprawka kosztow skarbca dla ulepszen, ktore dawaly pieniadze zamiast je kosztowac	false
mct_patch_notes_idrinth_129_version	v1.6.4	false
mct_patch_notes_idrinth_128_notes	- przepisany kod dla lepszej stabilnosci\\n- wiecej opcji w narzedziu konfiguracji moda\\n- wiele drobnych poprawek	false
mct_patch_notes_idrinth_128_version	v1.6.3	false
mct_patch_notes_idrinth_127_notes	- usprawnienia wydajnosci dla opoznionego wywolywania funkcji	false
mct_patch_notes_idrinth_127_version	v1.6.2	false
mct_patch_notes_idrinth_126_notes	- poprawka nowAndThen uruchamiajacego sie zbyt czesto powodujac awarie	false
mct_patch_notes_idrinth_126_version	v1.6.1	false
mct_patch_notes_idrinth_125_notes	- ulepszenia rozmiaru jednostek\\n- przebudowa ulepszen bestii	false
mct_patch_notes_idrinth_125_version	v1.6.0	false
mct_patch_notes_idrinth_124_notes	- zapobieganie spamowi zdarzen usuwania cech	false
mct_patch_notes_idrinth_124_version	v1.5.2	false
mct_patch_notes_idrinth_123_notes	- poprawka anty-blyskawicznego ataku	false
mct_patch_notes_idrinth_123_version	v1.5.1	false
mct_patch_notes_idrinth_122_notes	- ulepszenia jednostek dla jednostek elfickich sa dostepne	false
mct_patch_notes_idrinth_122_version	v1.5.0	false
mct_patch_notes_idrinth_121_notes	- porzadki w kodzie	false
mct_patch_notes_idrinth_121_version	v1.4.6	false
mct_patch_notes_idrinth_120_notes	- poprawka utraty nazwy przy przydzielaniu "stanowiska rzadowego" wybrzeza piratow	false
mct_patch_notes_idrinth_120_version	v1.4.5	false
mct_patch_notes_idrinth_119_notes	- poprawki zasobow bitewnych\\n- optymalizacje kodu	false
mct_patch_notes_idrinth_119_version	v1.4.4	false
mct_patch_notes_idrinth_118_notes	- poprawka przypadku gdy panel ulepszen jednostki nie wyswietlal sie po kliknieciu przycisku	false
mct_patch_notes_idrinth_118_version	v1.4.3	false
mct_patch_notes_idrinth_117_notes	- poprawka przypadku gdy panel ulepszen jednostki nie wyswietlal sie po kliknieciu przycisku	false
mct_patch_notes_idrinth_117_version	v1.4.2	false
mct_patch_notes_idrinth_116_notes	- dodano wskazowki dotyczace uzycia jednostek	false
mct_patch_notes_idrinth_116_version	v1.4.1	false
mct_patch_notes_idrinth_115_notes	- blogoslawienstwa jednostek dla zwierzat waaagh teraz dzialaja\\n- przywrocenie rownowagi budynkom hordy	false
mct_patch_notes_idrinth_115_version	v1.4.0	false
mct_patch_notes_idrinth_114_notes	- poprawki dla zestawu jednostek nie obejmujacego wszystkiego co wymagane	false
mct_patch_notes_idrinth_114_version	v1.3.5	false
mct_patch_notes_idrinth_113_notes	- poprawki dla zestawu jednostek nie obejmujacego wszystkiego co wymagane	false
mct_patch_notes_idrinth_113_version	v1.3.4	false
mct_patch_notes_idrinth_112_notes	- poprawki dla zestawu jednostek nie obejmujacego wszystkiego co wymagane	false
mct_patch_notes_idrinth_112_version	v1.3.3	false
mct_patch_notes_idrinth_111_notes	- poprawka wykrywania inicjatyw postaci	false
mct_patch_notes_idrinth_111_version	v1.3.2	false
mct_patch_notes_idrinth_110_notes	- poprawka przyczyny awarii	false
mct_patch_notes_idrinth_110_version	v1.3.1	false
mct_patch_notes_idrinth_109_notes	- duza przebudowa dla wydajnosci	false
mct_patch_notes_idrinth_109_version	v1.3.0	false
mct_patch_notes_idrinth_108_notes	- poprawka numeru wersji	false
mct_patch_notes_idrinth_108_version	v1.2.2	false
mct_patch_notes_idrinth_107_notes	- poprawka obslugi anty-cech	false
mct_patch_notes_idrinth_107_version	v1.2.1	false
mct_patch_notes_idrinth_106_notes	- ikona na osadzie gdy kaplice sa dostepne\\n- duzo porzadkow w kodzie\\n- ulepszenia systemu oddania z zazdroscia boska	false
mct_patch_notes_idrinth_106_version	v1.2.0	false
mct_patch_notes_idrinth_105_notes	- poprawki zasobow zle umieszczonych w interfejsie	false
mct_patch_notes_idrinth_105_version	v1.1.18	false
mct_patch_notes_idrinth_104_notes	- kolejna poprawka interfejsu osady	false
mct_patch_notes_idrinth_104_version	v1.1.17	false
mct_patch_notes_idrinth_103_notes	- poprawka obslugi przyciskow w widoku osady	false
mct_patch_notes_idrinth_103_version	v1.1.16	false
mct_patch_notes_idrinth_102_notes	- poprawka przechowywania/pobierania statusu przedmiotow aby zapobiec uzyskaniu wielu zestawow	false
mct_patch_notes_idrinth_102_version	v1.1.15	false
mct_patch_notes_idrinth_101_notes	- poprawka automatycznego wyposazania unikalnych przedmiotow	false
mct_patch_notes_idrinth_101_version	v1.1.14	false
mct_patch_notes_idrinth_100_notes	- prawidlowe wyswietlanie tytulow lorda i urzedu podczas rekrutacji\\n- zapobieganie podwojnemu pojawianiu sie (miejmy nadzieje)	false
mct_patch_notes_idrinth_100_version	v1.1.13	false
mct_patch_notes_idrinth_99_notes	- poprawka dwoch przypadkow dylematow uruchamiajacych sie dla zlej frakcji	false
mct_patch_notes_idrinth_99_version	v1.1.12	false
mct_patch_notes_idrinth_98_notes	- poprawka jeszcze jednej rzeczy w dawaniu przedmiotow	false
mct_patch_notes_idrinth_98_version	v1.1.11	false
mct_patch_notes_idrinth_97_notes	- poprawki skryptu rekrutacji\\n- poprawki interfejsu\\n- poprawki skryptu przedmiotow	false
mct_patch_notes_idrinth_97_version	v1.1.10	false
mct_patch_notes_idrinth_96_notes	- poprawka kodu dawania przedmiotow	false
mct_patch_notes_idrinth_96_version	v1.1.9	false
mct_patch_notes_idrinth_95_notes	- kilka zadan porzadkowych	false
mct_patch_notes_idrinth_95_version	v1.1.8	false
mct_patch_notes_idrinth_94_notes	- poprawka ustawien w trybie wieloosobowym pojawiajacych sie dla zlego gracza	false
mct_patch_notes_idrinth_94_version	v1.1.7	false
mct_patch_notes_idrinth_93_notes	- poprawka numeru wersji	false
mct_patch_notes_idrinth_93_version	v1.1.6	false
mct_patch_notes_idrinth_92_notes	- zapobieganie otrzymywaniu przez frakcje NPC zdarzen lokalizacji i fabuły	false
mct_patch_notes_idrinth_92_version	v1.1.5	false
mct_patch_notes_idrinth_91_notes	- poprawki uzyskiwania przedmiotow	false
mct_patch_notes_idrinth_91_version	v1.1.4	false
mct_patch_notes_idrinth_90_notes	- poprawki interfejsu	false
mct_patch_notes_idrinth_90_version	v1.1.3	false
mct_patch_notes_idrinth_89_notes	- inkrementacja numeru wersji	false
mct_patch_notes_idrinth_89_version	v1.1.2	false
mct_patch_notes_idrinth_88_notes	- drobne poprawki skryptow	false
mct_patch_notes_idrinth_88_version	v1.1.1	false
mct_patch_notes_idrinth_87_notes	- refaktoryzacja\\n- oddanie odblokowane\\n- duze ulepszenia generala\\n- dodanie mechaniki waaagh zwierzat do generala	false
mct_patch_notes_idrinth_87_version	v1.1.0	false
mct_patch_notes_idrinth_86_notes	- spam misji odblokowan prawdopodobnie naprawiony\\n- koniec z dziwnymi zwierzetami do jazdy dla zwiadowcow\\n- drobne poprawki jasnosci tekstu	false
mct_patch_notes_idrinth_86_version	v1.0.15	false
mct_patch_notes_idrinth_85_notes	- poprawka brakujacych immunitetow na atrycje dla wersji lorda	false
mct_patch_notes_idrinth_85_version	v1.0.14	false
mct_patch_notes_idrinth_84_notes	- poprawka zasobow laski nie aktualizujacych sie w interfejsie podczas tury	false
mct_patch_notes_idrinth_84_version	v1.0.13	false
mct_patch_notes_idrinth_83_notes	- obozowanie nie kosztuje juz ruchu	false
mct_patch_notes_idrinth_83_version	v1.0.12	false
mct_patch_notes_idrinth_82_notes	- poprawka przelacznika zdarzenia fabuly uruchamiajacego sie wielokrotnie	false
mct_patch_notes_idrinth_82_version	v1.0.11	false
mct_patch_notes_idrinth_81_notes	- dodano brakujace klasyfikacje typow jednostek	false
mct_patch_notes_idrinth_81_version	v1.0.10	false
mct_patch_notes_idrinth_80_notes	- dodano zapomniane pozytywne efekty do cech zabojcy elfow\\n- upewnienie sie ze modele uzywaja maksymalnie 5 wariantow na plik	false
mct_patch_notes_idrinth_80_version	v1.0.9	false
mct_patch_notes_idrinth_79_notes	- poprawka sledzenia bitew\\n- poprawka obrazen broni dystansowej kaplanow i Idrintha	false
mct_patch_notes_idrinth_79_version	v1.0.8	false
mct_patch_notes_idrinth_78_notes	- poprawka bledu generowania zasobow\\n- dodano zapomniana umiejetnosc do linii umiejetnosci generala	false
mct_patch_notes_idrinth_78_version	v1.0.7	false
mct_patch_notes_idrinth_77_notes	- poprawka lokalizacji dla cech zabojcy elfow	false
mct_patch_notes_idrinth_77_version	v1.0.6	false
mct_patch_notes_idrinth_76_notes	- poprawki lancucha budynkow kaplicy-tawerny	false
mct_patch_notes_idrinth_76_version	v1.0.5	false
mct_patch_notes_idrinth_75_notes	- poprawka rekrutacji jednostek dla Imrika, Morathi, Sartosy	false
mct_patch_notes_idrinth_75_version	v1.0.4	false
mct_patch_notes_idrinth_74_notes	- poprawka rekrutacji dla Drychy	false
mct_patch_notes_idrinth_74_version	v1.0.3	false
mct_patch_notes_idrinth_73_notes	- poprawka zakresu wzrostu hordy	false
mct_patch_notes_idrinth_73_version	v1.0.2	false
mct_patch_notes_idrinth_72_notes	- poprawka limitu rekrutacji na 0 przez zly zakres	false
mct_patch_notes_idrinth_72_version	v1.0.1	false
mct_patch_notes_idrinth_71_notes	- opcja lorda w trybie hordy\\n- trzy dodatkowe budynki obcych slotow\\n- duze przywracanie rownowagi\\n- nowa jednostka (zwiadowcy)\\n- poprawki bledow zakresow umiejetnosci	false
mct_patch_notes_idrinth_71_version	v1.0.0	false
mct_patch_notes_idrinth_70_notes	- poprawka brakujacych tytulow i opisow misji dla rozszerzonych kultur	false
mct_patch_notes_idrinth_70_version	v0.19.3	false
mct_patch_notes_idrinth_69_notes	- zapobieganie spamowi przyznawania przedmiotow	false
mct_patch_notes_idrinth_69_version	v0.19.2	false
mct_patch_notes_idrinth_68_notes	- poprawka porownywania poziomow dla sprawdzen przedmiotow	false
mct_patch_notes_idrinth_68_version	v0.19.1	false
mct_patch_notes_idrinth_67_notes	- wsparcie dla narzedzia konfiguracji moda\\n- nowe zdarzenia oparte na miejscach\\n- lekkie przywracanie rownowagi\\n- lepsza implementacja rekrutacji przez rekrutacje rozszerzonej kultury	false
mct_patch_notes_idrinth_67_version	v0.19.0	false
mct_patch_notes_idrinth_66_notes	- zapobieganie uruchamianiu sie zdarzen gdy Idrinth jest ranny	false
mct_patch_notes_idrinth_66_version	v0.18.3	false
mct_patch_notes_idrinth_65_notes	- duzo porzadkow	false
mct_patch_notes_idrinth_65_version	v0.18.2	false
mct_patch_notes_idrinth_64_notes	- redukcja utraty wigoru teraz redukuje zamiast zwieksza\\n- typ Idrintha nie jest juz rekrutowalny (nawet jesli jego kategoria nigdy nie byla odblokowana)	false
mct_patch_notes_idrinth_64_version	v0.18.1	false
mct_patch_notes_idrinth_63_notes	- rozszerzanie osad kaplic\\n- rozszerzanie składu frakcji	false
mct_patch_notes_idrinth_63_version	v0.18.0	false
mct_patch_notes_idrinth_62_notes	- poprawka brakujacej obrony przed duzymi na strazy\\n- lekkie zwiekszenie wagi jednostek	false
mct_patch_notes_idrinth_62_version	v0.17.1	false
mct_patch_notes_idrinth_61_notes	- dodano umiejetnosci dystansowe i frakcja bitwy niestandardowej bardziej wyraźna	false
mct_patch_notes_idrinth_61_version	v0.17.0	false
mct_patch_notes_idrinth_60_notes	- dodano sztandar i ikone dla Kaplicy Thaluianskiej dla bitew niestandardowych	false
mct_patch_notes_idrinth_60_version	v0.16.0	false
mct_patch_notes_idrinth_59_notes	- nowy poziom swiatyni (obroncy bohaterowie-kaplani)\\n- opcja skalowania poziomu dla odblokowan (poz 5, poz 6, poz 8, poz 11)\\n- kilka poprawek swiatyn\\n- poprawki literowek dla dylematow\\n- oddzielna frakcja do potyczek	false
mct_patch_notes_idrinth_59_version	v0.15.0	false
mct_patch_notes_idrinth_58_notes	- obnizenie kosztu bazowego z 550 do 400	false
mct_patch_notes_idrinth_58_version	v0.14.4	false
mct_patch_notes_idrinth_57_notes	- poprawka kosztow zasobow laski nie naliczajacych sie prawidlowo	false
mct_patch_notes_idrinth_57_version	v0.14.3	false
mct_patch_notes_idrinth_56_notes	- poprawka przeoczonych modyfikatorow dyplomacji dla kaplic elfickich	false
mct_patch_notes_idrinth_56_version	v0.14.2	false
mct_patch_notes_idrinth_55_notes	- literowki i poprawki dla lancucha kaplic elfickich	false
mct_patch_notes_idrinth_55_version	v0.14.1	false
mct_patch_notes_idrinth_54_notes	- dodano kaplice elfickie zalozone przez Idrintha, wersja podstawowa, wiecej nadchodzi.	false
mct_patch_notes_idrinth_54_version	v0.14.0	false
mct_patch_notes_idrinth_53_notes	- miejmy nadzieje zapobiezenie podwojnemu uruchamianiu misji dla wolniejszych graczy.	false
mct_patch_notes_idrinth_53_version	v0.13.4	false
mct_patch_notes_idrinth_52_notes	- dostosowano wartosci automatycznego rozstrzygniecia.	false
mct_patch_notes_idrinth_52_version	v0.13.3	false
mct_patch_notes_idrinth_51_notes	- poprawki zyskow zasobow oraz losowych blogoslawienstwa boskich.	false
mct_patch_notes_idrinth_51_version	v0.13.2	false
mct_patch_notes_idrinth_50_notes	- kilka literowek poprawionych, glownie wielkosc liter.	false
mct_patch_notes_idrinth_50_version	v0.13.1	false
mct_patch_notes_idrinth_49_notes	- dodano teksty dylematow odblokowania specyficzne dla kultury dla wszystkich glownych kultur.	false
mct_patch_notes_idrinth_49_version	v0.13.0	false
mct_patch_notes_idrinth_48_notes	- poprawka pytania o tryb pojawiajacego sie wielokrotnie z powodu przeladowania.	false
mct_patch_notes_idrinth_48_version	v0.12.2	false
mct_patch_notes_idrinth_47_notes	- poprawka przypadkow pojawiania sie obrazow zastepczych.	false
mct_patch_notes_idrinth_47_version	v0.12.1	false
mct_patch_notes_idrinth_46_notes	- przywrocono logike dla modlitw i oddania.	false
mct_patch_notes_idrinth_46_version	v0.12.0	false
mct_patch_notes_idrinth_45_notes	- lekkie porzadki	false
mct_patch_notes_idrinth_45_version	v0.11.2	false
mct_patch_notes_idrinth_44_notes	- usunieto na razie konfliktujacy plik twui.	false
mct_patch_notes_idrinth_44_version	v0.11.1	false
mct_patch_notes_idrinth_43_notes	- usunieto zaleznosc od nadpisywania paska zasobow dla laski boskiej.\\n- teoretyczne wsparcie dla frakcji Nagash	false
mct_patch_notes_idrinth_43_version	v0.11.0	false
mct_patch_notes_idrinth_42_notes	- poprawka tekstur siatki aby byly bardziej wampiryczne i nie pokazywaly ladnej rozowej skory.	false
mct_patch_notes_idrinth_42_version	v0.10.6	false
mct_patch_notes_idrinth_41_notes	- dostosowano obraz karty jednostki	false
mct_patch_notes_idrinth_41_version	v0.10.5	false
mct_patch_notes_idrinth_40_notes	- zapobiezenie ponownemu uruchamianiu misji rekrutacji po zaladowaniu.	false
mct_patch_notes_idrinth_40_version	v0.10.4	false
mct_patch_notes_idrinth_39_notes	- usunieto zaleznosc od nadpisywania glownych skryptow.	false
mct_patch_notes_idrinth_39_version	v0.10.3	false
mct_patch_notes_idrinth_38_notes	- poprawka bonusow zestawu Khaine'a przyczepionego do zlych rzeczy.	false
mct_patch_notes_idrinth_38_version	v0.10.2	false
mct_patch_notes_idrinth_37_notes	- poprawka literowki w nazwach jednostek.	false
mct_patch_notes_idrinth_37_version	v0.10.1	false
mct_patch_notes_idrinth_36_notes	- dodano nagrody dylematow dla wysokich elfow i hrabiow wampirow.	false
mct_patch_notes_idrinth_36_version	v0.10.0	false
mct_patch_notes_idrinth_35_notes	- dodano nagrody dylematow dla elfow lesnych.	false
mct_patch_notes_idrinth_35_version	v0.9.0	false
mct_patch_notes_idrinth_34_notes	- dodano nagrody dylematow dla krasnoludow.	false
mct_patch_notes_idrinth_34_version	v0.8.0	false
mct_patch_notes_idrinth_33_notes	- dodano nagrody dylematow dla Kisleva.	false
mct_patch_notes_idrinth_33_version	v0.7.0	false
mct_patch_notes_idrinth_32_notes	- zmniejszenie wzrostu laski boskiej na wyzszych poziomach.	false
mct_patch_notes_idrinth_32_version	v0.6.5	false
mct_patch_notes_idrinth_31_notes	- poprawka awarii przy przydzielaniu akcesorium na poczatku tury.	false
mct_patch_notes_idrinth_31_version	v0.6.4	false
mct_patch_notes_idrinth_30_notes	- zmniejszenie redukcji korupcji z dylematu.	false
mct_patch_notes_idrinth_30_version	v0.6.3	false
mct_patch_notes_idrinth_29_notes	- dodano dalsze efekty dla dylematu Imperium	false
mct_patch_notes_idrinth_29_version	v0.6.2	false
mct_patch_notes_idrinth_28_notes	- poprawka przydzielan laski boskiej dla dylematow.	false
mct_patch_notes_idrinth_28_version	v0.6.1	false
mct_patch_notes_idrinth_27_notes	- dodano teksty efektow do opcji dylematow\\n- zmniejszono generowanie laski z 5 do 1.	false
mct_patch_notes_idrinth_27_version	v0.6.0	false
mct_patch_notes_idrinth_26_notes	- poprawka kilku problemow skryptowych zwiazanych z ladowaniem wartosci i wyposazaniem akcesoriow.	false
mct_patch_notes_idrinth_26_version	v0.5.6	false
mct_patch_notes_idrinth_25_notes	- zaktualizowano bonus do szarzy dla szturmu zeby mial efekt.	false
mct_patch_notes_idrinth_25_version	v0.5.5	false
mct_patch_notes_idrinth_24_notes	- poprawiono wiele UUID w plikach twui	false
mct_patch_notes_idrinth_24_version	v0.5.4	false
mct_patch_notes_idrinth_23_notes	- poprawiono zduplikowane nagrody Khaine'a dla dylematow. Nagrody moga ulec zmianie.	false
mct_patch_notes_idrinth_23_version	v0.5.3	false
mct_patch_notes_idrinth_22_notes	- kolejna seria poprawek zwiazanych z interfejsem	false
mct_patch_notes_idrinth_22_version	v0.5.2	false
mct_patch_notes_idrinth_21_notes	- poprawki wyswietlania zasobow	false
mct_patch_notes_idrinth_21_version	v0.5.1	false
mct_patch_notes_idrinth_20_notes	- dodano zasoby do gornego paska wh3	false
mct_patch_notes_idrinth_20_version	v0.5.0	false
mct_patch_notes_idrinth_19_notes	- poprawka efektow z dylematow nie wyswietlajacych sie. Efekty moga ulec zmianie.	false
mct_patch_notes_idrinth_19_version	v0.4.8	false
mct_patch_notes_idrinth_18_notes	- poprawka awarii po zaladowaniu spowodowanej blednie zapisanymi danymi.	false
mct_patch_notes_idrinth_18_version	v0.4.7	false
mct_patch_notes_idrinth_17_notes	- reaktywacja ponownego wlaczania zdarzen aby zmniejszyc awarie.	false
mct_patch_notes_idrinth_17_version	v0.4.6	false
mct_patch_notes_idrinth_16_notes	- usuniecie kodu debugowania (log skryptu)	false
mct_patch_notes_idrinth_16_version	v0.4.5	false
mct_patch_notes_idrinth_15_notes	- usuniecie automatycznego pojawiania sie ze skryptu, bylo przeznaczone tylko do testow.	false
mct_patch_notes_idrinth_15_version	v0.4.4	false
mct_patch_notes_idrinth_14_notes	- umiejetnosci agentow sa nieco bardziej uzyteczne.	false
mct_patch_notes_idrinth_14_version	v0.4.3	false
mct_patch_notes_idrinth_13_notes	- poprawiono kolejny przypadek awarii.	false
mct_patch_notes_idrinth_13_version	v0.4.2	false
mct_patch_notes_idrinth_12_notes	- redukcja awarii przez skuteczniejsze tlumienie zdarzen.	false
mct_patch_notes_idrinth_12_version	v0.4.1	false
mct_patch_notes_idrinth_11_notes	- wprowadzenie cech zabojcy elfow do obslugi masowej rzezi elfow.	false
mct_patch_notes_idrinth_11_version	v0.4.0	false
mct_patch_notes_idrinth_10_notes	- poprawki skryptu i bazy danych, aby niestandardowe przedmioty byly prawidlowo wyposazane gdy dostepne.	false
mct_patch_notes_idrinth_10_version	v0.3.4	false
mct_patch_notes_idrinth_9_notes	- poprawki skryptu dla uruchamiania dylematow.	false
mct_patch_notes_idrinth_9_version	v0.3.3	false
mct_patch_notes_idrinth_8_notes	- poprawka niektorych awarii zwiazanych ze zbyt poznym tlumienia zdarzen.	false
mct_patch_notes_idrinth_8_version	v0.3.2	false
mct_patch_notes_idrinth_7_notes	- ulepszone teksty lore.	false
mct_patch_notes_idrinth_7_version	v0.3.1	false
mct_patch_notes_idrinth_6_notes	- dodano teksty lore i wyjasnien do wszystkich nowych przedmiotow.	false
mct_patch_notes_idrinth_6_version	v0.3.0	false
mct_patch_notes_idrinth_5_notes	- dostosowanie luku strzalu, zeby mogl naprawde prowadzic potyczki	false
mct_patch_notes_idrinth_5_version	v0.2.3	false
mct_patch_notes_idrinth_4_notes	- prawidlowo umieszczone ikony laski boskiej	false
mct_patch_notes_idrinth_4_version	v0.2.2	false
mct_patch_notes_idrinth_3_notes	- poprawka awarii przy uzyskiwaniu akcesorium	false
mct_patch_notes_idrinth_3_version	v0.2.1	false
mct_patch_notes_idrinth_2_notes	- wyswietlanie laski boskiej teraz.	false
mct_patch_notes_idrinth_2_version	v0.2.0	false
mct_patch_notes_idrinth_1_notes	- wersja poczatkowa	false
mct_patch_notes_idrinth_1_version	v0.1.0	false
mct_patch_notes_idrinth_130_notes	- ulepszenia MCT, w tym noty z aktualizacji	false
mct_patch_notes_idrinth_130_version	v1.6.5	false
mct_patch_notes_idrinth_131_notes	- add missing winds of magic to Idrinth's horde	false
mct_patch_notes_idrinth_131_version	v1.6.6	false
mct_patch_notes_idrinth_132_notes	- add better icons for veteran ranks	false
mct_patch_notes_idrinth_132_version	v1.7.0	false
