key	text	tooltip
#Loc;1;text/db/idrinth__.loc		
agent_culture_details_description_text_99999990	Altos Elfos que foram transformados em vampiros.	false
agent_culture_details_onscreen_name_99999990	Idrinth Thalui	false
agent_culture_details_description_text_99999991	Altos Elfos que foram transformados em vampiros.	false
agent_culture_details_onscreen_name_99999991	Idrinth Thalui	false
agent_subtypes_description_text_override_idrinth_hev_high_elf_vampires_idrinthchampion	Idrinth Thalui foi transformado contra sua vontade e usa seus novos poderes para caçar os servos do caos.	false
agent_subtypes_description_text_override_idrinth_hev_high_elf_vampires_idrinthgeneral	Idrinth Thalui foi transformado contra sua vontade e usa seus novos poderes para caçar os servos do caos.	false
ancillaries_colour_text_idrinth_anc_talisman_stone_of_dried_blood	Um talismã abençoado por Khaine, o Deus de Mãos Sangrentas. Poucos ganharam favor suficiente para empunhar uma ferramenta como esta em seu nome. O sangue seco pulsa com poder ancestral, sussurrando promessas de violência ao seu portador.	false
ancillaries_explanation_text_idrinth_anc_talisman_stone_of_dried_blood	Experiência de combate comprovada.	false
ancillaries_onscreen_name_idrinth_anc_talisman_stone_of_dried_blood	Talismã de Sangue Seco	false
ancillaries_colour_text_idrinth_anc_talisman_talisman_of_souls	Um talismã abençoado por Asuryan para manter vivo o conhecimento das gerações anteriores. Quando silencioso, você pode ouvir os sussurros de antigos sábios élficos oferecendo sabedoria de além do véu.	false
ancillaries_explanation_text_idrinth_anc_talisman_talisman_of_souls	Experiência de combate comprovada.	false
ancillaries_onscreen_name_idrinth_anc_talisman_talisman_of_souls	Talismã das Almas	false
ancillaries_colour_text_idrinth_anc_talisman_forest_berry_wine	Uma espécie de talismã abençoado por Kurnous, dando ao proprietário um dos melhores vinhos de frutas silvestres do mundo inteiro. Um gole conecta o bebedor à natureza selvagem, aguçando os sentidos e acelerando os reflexos como se a própria floresta guiasse cada movimento.	false
ancillaries_explanation_text_idrinth_anc_talisman_forest_berry_wine	Experiência de combate comprovada.	false
ancillaries_onscreen_name_idrinth_anc_talisman_forest_berry_wine	Vinho de Frutas da Floresta	false
ancillaries_colour_text_idrinth_anc_weapon_kurnous_blessed_hunting_bow	Uma arma abençoada por Kurnous para transformar seu portador em um dos maiores caçadores que o mundo conhece. Aqueles marcados por suas flechas sentem um medo primitivo, como se fossem caçados pela própria natureza e não apenas por um arqueiro.	false
ancillaries_explanation_text_idrinth_anc_weapon_kurnous_blessed_hunting_bow	Experiência de combate comprovada.	false
ancillaries_onscreen_name_idrinth_anc_weapon_kurnous_blessed_hunting_bow	Arco de Caça Abençoado	false
ancillaries_colour_text_idrinth_anc_armour_khaines_visage	Este elmo revela uma máscara facial que é uma mistura de terror, sede de sangue e puro desejo de violência. O semblante transforma seu usuário, despertando uma fúria primitiva que os inimigos podem sentir de longe.	false
ancillaries_explanation_text_idrinth_anc_armour_khaines_visage	Experiência de combate comprovada.	false
ancillaries_onscreen_name_idrinth_anc_armour_khaines_visage	Semblante de Khaine	false
ancillaries_colour_text_idrinth_anc_weapon_khaines_thirsting_sword	Uma espada sedenta de sangue tanto quanto seu mestre. A cada golpe, ela anseia por mais, ficando mais forte com cada vida que ceifa. O fio da lâmina nunca embota quando molhado com sangue fresco.	false
ancillaries_explanation_text_idrinth_anc_weapon_khaines_thirsting_sword	Experiência de combate comprovada.	false
ancillaries_onscreen_name_idrinth_anc_weapon_khaines_thirsting_sword	Espada Sedenta de Khaine	false
ancillaries_colour_text_idrinth_anc_weapon_asuryans_perfection_sword	Uma espada tão perfeita quanto seu portador aspira ser. Forjada na chama eterna do próprio Asuryan, esta espada de estilo alto élfico traz harmonia ao combate, permitindo que seu mestre lute com precisão e resistência incomparáveis.	false
ancillaries_explanation_text_idrinth_anc_weapon_asuryans_perfection_sword	Experiência de combate comprovada.	false
ancillaries_onscreen_name_idrinth_anc_weapon_asuryans_perfection_sword	Espada da Perfeição de Asuryan	false
ancillaries_colour_text_idrinth_anc_armour_kurnous_forest_cloak	Uma armadura criada por Kurnous, leve e quase imperceptível. Este manto verde escuro carrega a essência da floresta profunda, ocultando seu usuário dos olhos inimigos enquanto aguça a consciência do ambiente ao redor.	false
ancillaries_explanation_text_idrinth_anc_armour_kurnous_forest_cloak	Experiência de combate comprovada.	false
ancillaries_onscreen_name_idrinth_anc_armour_kurnous_forest_cloak	Manto Florestal de Kurnous	false
ancillaries_colour_text_idrinth_anc_armour_asuryans_destiny	Esta armadura protege seu usuário enquanto ele serve a raça élfica, prolongando sua vida a níveis além de qualquer expectativa. Os encantamentos tecidos em cada placa rejeitam a corrupção da não-morte, permitindo que o usuário caminhe entre ambos os mundos.	false
ancillaries_explanation_text_idrinth_anc_armour_asuryans_destiny	Experiência de combate comprovada.	false
ancillaries_onscreen_name_idrinth_anc_armour_asuryans_destiny	Armadura do Destino de Asuryan	false
ancillary_sets_name_anc_set_exclusive_idrinth_khaine	Bênção de Khaine	false
ancillary_sets_name_anc_set_exclusive_idrinth_kurnous	Bênção de Kurnous	false
ancillary_sets_name_anc_set_exclusive_idrinth_asuryan	Bênção de Asuryan	false
ancillary_sets_description_anc_set_exclusive_idrinth_khaine	Os itens abençoados de Khaine forjam você em uma fonte de morte e destruição.	false
ancillary_sets_description_anc_set_exclusive_idrinth_kurnous	Os itens abençoados de Kurnous transformam você em um dos caçadores mais perigosos vivos.	false
ancillary_sets_description_anc_set_exclusive_idrinth_asuryan	Os itens abençoados de Asuryan definem o defensor dos indefesos.	false
building_chains_chain_tooltip_idrinth_hev_high_elf_vampires_chapel	Capela da Comunidade Élfica	false
building_chains_encyclopedia_description_idrinth_hev_high_elf_vampires_chapel	Uma capela para uma pequena comunidade de exilados élficos, aventureiros e vagabundos.	false
building_chains_encyclopedia_name_idrinth_hev_high_elf_vampires_chapel	Capela da Comunidade Élfica	false
building_chains_encyclopedia_name_idrinth_hev_high_elf_vampires_beasts	Veterinária Élfica	false
building_chains_encyclopedia_name_idrinth_hev_high_elf_vampires_diplomacy	Alcance Élfico	false
building_chains_encyclopedia_name_idrinth_hev_high_elf_vampires_altar	Artesãos Élficos	false
building_chains_encyclopedia_name_idrinth_hev_high_elf_vampires_horde	Acampamento Élfico	false
building_chains_encyclopedia_name_idrinth_hev_high_elf_vampires_horde_healer_wagon	Curandeiros Élficos	false
building_chains_encyclopedia_name_idrinth_hev_high_elf_vampires_horde_quartermaster	Intendente Élfico	false
building_chains_encyclopedia_name_idrinth_hev_high_elf_vampires_horde_trader	Comerciante Élfico	false
building_culture_variants_name_idrinth_hev_high_elf_vampires_artisan_quarters	Bairro dos Artesãos	false
building_culture_variants_name_idrinth_hev_high_elf_vampires_tavern	Taverna Élfica	false
building_culture_variants_name_idrinth_hev_high_elf_vampires_library	Biblioteca Élfica	false
building_culture_variants_name_idrinth_hev_high_elf_vampires_chapel_0	Capela Thaluiana	false
building_culture_variants_name_idrinth_hev_high_elf_vampires_chapel_1_asuryan	Capela Thaluiana de Asuryan	false
building_culture_variants_name_idrinth_hev_high_elf_vampires_chapel_1_kurnous	Capela Thaluiana de Kurnous	false
building_culture_variants_name_idrinth_hev_high_elf_vampires_chapel_1_khaine	Capela Thaluiana de Khaine	false
building_culture_variants_name_idrinth_hev_high_elf_vampires_chapel_2_asuryan	Grande Capela Thaluiana de Asuryan	false
building_culture_variants_name_idrinth_hev_high_elf_vampires_chapel_2_kurnous	Grande Capela Thaluiana de Kurnous	false
building_culture_variants_name_idrinth_hev_high_elf_vampires_chapel_2_khaine	Grande Capela Thaluiana de Khaine	false
building_culture_variants_name_idrinth_hev_high_elf_vampires_chapel_0_beasts	Cabana Veterinária	false
building_culture_variants_name_idrinth_hev_high_elf_vampires_chapel_1_beasts	Casa Veterinária	false
building_culture_variants_name_idrinth_hev_high_elf_vampires_chapel_2_beasts	Mansão Veterinária	false
building_culture_variants_name_idrinth_hev_high_elf_vampires_chapel_1_diplomacy	Pequeno Alcance	false
building_culture_variants_name_idrinth_hev_high_elf_vampires_chapel_2_diplomacy	Alcance	false
building_culture_variants_name_idrinth_hev_high_elf_vampires_chapel_2_altar	Artesãos de Altar	false
building_culture_variants_name_idrinth_hev_high_elf_vampires_horde_0	Pequeno Acampamento Thaluiano	false
building_culture_variants_name_idrinth_hev_high_elf_vampires_horde_healer_wagon_0	Carroça de Curandeiro	false
building_culture_variants_name_idrinth_hev_high_elf_vampires_horde_quartermaster_0	Intendente	false
building_culture_variants_name_idrinth_hev_high_elf_vampires_horde_trader_0	Comerciante	false
building_culture_variants_name_idrinth_hev_high_elf_vampires_horde_1	Acampamento Thaluiano	false
building_culture_variants_name_idrinth_hev_high_elf_vampires_horde_healer_wagon_1	Carroça do Mestre Curandeiro	false
building_culture_variants_name_idrinth_hev_high_elf_vampires_horde_quartermaster_1	Conselho do Acampamento	false
building_culture_variants_name_idrinth_hev_high_elf_vampires_horde_trader_1	Mercador	false
building_culture_variants_name_idrinth_hev_high_elf_vampires_horde_2	Grande Acampamento Thaluiano	false
building_culture_variants_name_idrinth_hev_high_elf_vampires_horde_healer_wagon_2	Carroça Escola de Curandeiros	false
building_culture_variants_name_idrinth_hev_high_elf_vampires_horde_quartermaster_2	Alto Conselho	false
building_culture_variants_name_idrinth_hev_high_elf_vampires_horde_trader_2	Assembleia de Mercadores	false
building_culture_variants_name_idrinth_hev_high_elf_vampires_artisan_quarters_1	Pequeno Bairro dos Artesãos	false
building_culture_variants_name_idrinth_hev_high_elf_vampires_artisan_quarters_2	Bairro dos Artesãos	false
building_culture_variants_name_idrinth_hev_high_elf_vampires_tavern_0	Pequena Taverna Élfica	false
building_culture_variants_name_idrinth_hev_high_elf_vampires_tavern_1	Taverna Élfica	false
building_culture_variants_name_idrinth_hev_high_elf_vampires_tavern_2	Grande Taverna Élfica	false
building_culture_variants_name_idrinth_hev_high_elf_vampires_library_2	Biblioteca Élfica	false
building_culture_variants_name_idrinth_hev_high_elf_vampires_horde_4	Vila Móvel Thaluiana	false
building_culture_variants_name_idrinth_hev_high_elf_vampires_horde_healer_wagon_4	Carroças da Academia de Curandeiros	false
building_culture_variants_name_idrinth_hev_high_elf_vampires_horde_quartermaster_4	Governo da Vila	false
building_culture_variants_name_idrinth_hev_high_elf_vampires_horde_trader_4	Guilda de Mercadores	false
building_sets_onscreen_description_idrinth_hev_high_elf_vampires_chapel	Uma reunião de malfeitores, exilados e aventureiros da raça élfica reunidos ao redor de uma capela para suas divindades.	false
building_sets_onscreen_name_idrinth_hev_high_elf_vampires_chapel	Capela da Comunidade Élfica	false
building_sets_onscreen_name_idrinth_hev_high_elf_vampires_chapel_beast	Veterinária Élfica	false
building_sets_onscreen_name_idrinth_hev_high_elf_vampires_chapel_diplomacy	Alcance Élfico	false
building_sets_onscreen_name_idrinth_hev_high_elf_vampires_chapel_altar	Artesãos Élficos	false
building_sets_onscreen_description_idrinth_hev_high_elf_vampires_chapel_beast	Veterinária Élfica	false
building_sets_onscreen_description_idrinth_hev_high_elf_vampires_chapel_diplomacy	Alcance Élfico	false
building_sets_onscreen_description_idrinth_hev_high_elf_vampires_chapel_altar	Artesãos Élficos	false
building_sets_onscreen_description_idrinth_hev_high_elf_vampires_horde	Acampamento Élfico	false
building_sets_onscreen_description_idrinth_hev_high_elf_vampires_horde_healer_wagon	Curandeiros Élficos	false
building_sets_onscreen_description_idrinth_hev_high_elf_vampires_horde_quartermaster	Intendente Élfico	false
building_sets_onscreen_description_idrinth_hev_high_elf_vampires_horde_trader	Comerciante Élfico	false
building_sets_onscreen_name_idrinth_hev_high_elf_vampires_horde	Acampamento Élfico	false
building_sets_onscreen_name_idrinth_hev_high_elf_vampires_horde_healer_wagon	Curandeiros Élficos	false
building_sets_onscreen_name_idrinth_hev_high_elf_vampires_horde_quartermaster	Intendente Élfico	false
building_sets_onscreen_name_idrinth_hev_high_elf_vampires_horde_trader	Comerciante Élfico	false
building_sets_onscreen_name_idrinth_hev_high_elf_vampires_artisan_quarters	Bairro dos Artesãos Élficos	false
building_sets_onscreen_name_idrinth_hev_high_elf_vampires_tavern	Taverna Élfica	false
building_sets_onscreen_name_idrinth_hev_high_elf_vampires_library	Biblioteca Élfica	false
building_sets_onscreen_description_idrinth_hev_high_elf_vampires_artisan_quarters	Bairro dos Artesãos Élficos	false
building_sets_onscreen_description_idrinth_hev_high_elf_vampires_tavern	Taverna Élfica	false
building_sets_onscreen_description_idrinth_hev_high_elf_vampires_library	Biblioteca Élfica	false
building_short_description_texts_short_description_idrinth_hev_high_elf_vampires_chapel_0	Uma capela para uma comunidade de malfeitores, exilados e aventureiros da raça élfica. Estes elfos seguem os passos de Idrinth como exemplo de como viver suas vidas.	false
building_short_description_texts_short_description_idrinth_hev_high_elf_vampires_chapel_1_asuryan	Uma capela para uma comunidade de malfeitores, exilados e aventureiros da raça élfica. Estes elfos seguem os passos de Idrinth como exemplo de como viver suas vidas em nome de Asuryan.	false
building_short_description_texts_short_description_idrinth_hev_high_elf_vampires_chapel_1_kurnous	Uma capela para uma comunidade de malfeitores, exilados e aventureiros da raça élfica. Estes elfos seguem os passos de Idrinth como exemplo de como viver suas vidas em nome de Kurnous.	false
building_short_description_texts_short_description_idrinth_hev_high_elf_vampires_chapel_1_khaine	Uma capela para uma comunidade de malfeitores, exilados e aventureiros da raça élfica. Estes elfos seguem os passos de Idrinth como exemplo de como viver suas vidas em nome de Khaine.	false
building_short_description_texts_short_description_idrinth_hev_high_elf_vampires_chapel_2_asuryan	Uma grande capela para uma comunidade de malfeitores, exilados e aventureiros da raça élfica. Estes elfos seguem os passos de Idrinth como exemplo de como viver suas vidas em nome de Asuryan.	false
building_short_description_texts_short_description_idrinth_hev_high_elf_vampires_chapel_2_kurnous	Uma grande capela para uma comunidade de malfeitores, exilados e aventureiros da raça élfica. Estes elfos seguem os passos de Idrinth como exemplo de como viver suas vidas em nome de Kurnous.	false
building_short_description_texts_short_description_idrinth_hev_high_elf_vampires_chapel_2_khaine	Uma grande capela para uma comunidade de malfeitores, exilados e aventureiros da raça élfica. Estes elfos seguem os passos de Idrinth como exemplo de como viver suas vidas em nome de Khaine.	false
building_short_description_texts_short_description_idrinth_hev_high_elf_vampires_chapel_0_beasts	Uma pequena cabana de veterinários ajudando animais tanto de vizinhos humanos quanto da natureza selvagem.	false
building_short_description_texts_short_description_idrinth_hev_high_elf_vampires_chapel_1_beasts	Uma casa de veterinários ajudando animais tanto de vizinhos humanos quanto da natureza selvagem.	false
building_short_description_texts_short_description_idrinth_hev_high_elf_vampires_chapel_2_beasts	Um grande complexo de veterinários ajudando animais tanto de vizinhos humanos quanto da natureza selvagem.	false
building_short_description_texts_short_description_idrinth_hev_high_elf_vampires_chapel_1_diplomacy	Um pequeno alcance élfico, permitindo comunicação mais direta com todos os reinos élficos.	false
building_short_description_texts_short_description_idrinth_hev_high_elf_vampires_chapel_2_diplomacy	Um alcance élfico, permitindo comunicação mais direta com todos os reinos élficos.	false
building_short_description_texts_short_description_idrinth_hev_high_elf_vampires_chapel_2_altar	Um edifício que fabrica tanto altares normais quanto altares de guerra para as capelas.	false
building_short_description_texts_short_description_idrinth_hev_high_elf_vampires_horde_0	Um pequeno acampamento das forças da Capela Thaluiana e seus aliados, mantido unido pela própria presença de Idrinth.	false
building_short_description_texts_short_description_idrinth_hev_high_elf_vampires_horde_healer_wagon_0	Uma única carroça habitada por um curandeiro treinado que pode ajudar com doenças básicas.	false
building_short_description_texts_short_description_idrinth_hev_high_elf_vampires_horde_quartermaster_0	Um intendente organizando a aquisição de armas e armaduras, bem como o pagamento de salários.	false
building_short_description_texts_short_description_idrinth_hev_high_elf_vampires_horde_trader_0	Uma única carroça de um comerciante de bens comuns, que vê benefícios em seguir um exército.	false
building_short_description_texts_short_description_idrinth_hev_high_elf_vampires_horde_1	Um acampamento das forças da Capela Thaluiana e seus aliados, mantido unido pelo ódio ao caos e pela própria presença de Idrinth.	false
building_short_description_texts_short_description_idrinth_hev_high_elf_vampires_horde_healer_wagon_1	Um grupo de carroças de um mestre curandeiro e seus aprendizes, capaz de lidar com a maioria das doenças.	false
building_short_description_texts_short_description_idrinth_hev_high_elf_vampires_horde_quartermaster_1	Um pequeno conselho de funcionários do acampamento ajudando a organizar o acampamento tanto em assuntos civis quanto militares.	false
building_short_description_texts_short_description_idrinth_hev_high_elf_vampires_horde_trader_1	Múltiplas carroças de mercadores, que ajudam a financiar o exército e também obtêm um bom lucro para si mesmos.	false
building_short_description_texts_short_description_idrinth_hev_high_elf_vampires_horde_2	Um grande acampamento das forças da Capela Thaluiana e seus aliados, mantido unido pelo ódio ao caos, oportunismo e pela própria presença de Idrinth.	false
building_short_description_texts_short_description_idrinth_hev_high_elf_vampires_horde_healer_wagon_2	Um grupo de carroças contendo múltiplos mestres curandeiros que treinam estudantes juntos e curam os necessitados.	false
building_short_description_texts_short_description_idrinth_hev_high_elf_vampires_horde_quartermaster_2	Um conselho de funcionários do acampamento liderado por Idrinth que governa o acampamento através de oficiais e julgamentos.	false
building_short_description_texts_short_description_idrinth_hev_high_elf_vampires_horde_trader_2	Uma guilda organizada de mercadores, que usam o acampamento como sua base, levando produtos élficos a uma grande variedade de pessoas e se beneficiando financeiramente.	false
building_short_description_texts_short_description_idrinth_hev_high_elf_vampires_artisan_quarters_1	Uma pequena oficina produzindo artesanato élfico, permitindo que a capela gere comércio e renda.	false
building_short_description_texts_short_description_idrinth_hev_high_elf_vampires_artisan_quarters_2	Uma grande oficina produzindo artesanato élfico e itens mágicos, permitindo que a capela gere comércio e renda.	false
building_short_description_texts_short_description_idrinth_hev_high_elf_vampires_tavern_0	Uma pequena taverna que permite que tanto as forças da capela quanto aliados descansem de longos dias.	false
building_short_description_texts_short_description_idrinth_hev_high_elf_vampires_tavern_1	Uma taverna que permite que tanto as forças da capela quanto aliados descansem de longos dias.	false
building_short_description_texts_short_description_idrinth_hev_high_elf_vampires_tavern_2	Uma grande taverna que permite que tanto as forças da capela quanto aliados descansem de longos dias.	false
building_short_description_texts_short_description_idrinth_hev_high_elf_vampires_library_2	Uma biblioteca coletando conhecimento élfico e pesquisando mais.	false
campaign_localised_strings_string_idrinth_godly_blessings_explanation	Escolha a qual deus dedicar Idrinth, para ganhar sua atenção.	false
campaign_localised_strings_string_idrinth_godly_favour_explanation	Ore aos deuses para obter bênçãos para seus aliados.	false
campaign_payload_ui_details_description_dummy_spawn_idrinth_thalui	Recrutar o estranho.	false
cdir_events_dilemma_choice_details_localised_choice_label_idrinth_unlock_choiceFIRST	Aceitar ajuda. (Herói)	false
cdir_events_dilemma_choice_details_localised_choice_label_idrinth_unlock_choiceTHIRD	Aceitar ajuda. (General)	false
cdir_events_dilemma_choice_details_localised_choice_label_idrinth_unlock_choiceSECOND	Expulsar o estranho.	false
cdir_events_dilemma_choice_details_localised_choice_label_idrinth_dilemma_high_elvesFIRST	Expulsar o mensageiro	false
cdir_events_dilemma_choice_details_localised_choice_label_idrinth_dilemma_wood_elvesFIRST	Forçar o encontro	false
cdir_events_dilemma_choice_details_localised_choice_label_idrinth_dilemma_kislevFIRST	Entregar a Idrinth	false
cdir_events_dilemma_choice_details_localised_choice_label_idrinth_dilemma_empireFIRST	Deixá-la e Idrinth discutirem guerras passadas	false
cdir_events_dilemma_choice_details_localised_choice_label_idrinth_dilemma_vampire_countsFIRST	Acusá-lo de matar o servo	false
cdir_events_dilemma_choice_details_localised_choice_label_idrinth_dilemma_high_elvesSECOND	Confrontar Idrinth	false
cdir_events_dilemma_choice_details_localised_choice_label_idrinth_dilemma_wood_elvesSECOND	Esconder Idrinth até a patrulheira desaparecer	false
cdir_events_dilemma_choice_details_localised_choice_label_idrinth_dilemma_kislevSECOND	Executá-lo	false
cdir_events_dilemma_choice_details_localised_choice_label_idrinth_dilemma_empireSECOND	Deixá-la e Idrinth discutirem magia	false
cdir_events_dilemma_choice_details_localised_choice_label_idrinth_dilemma_vampire_countsSECOND	Perguntar sobre o pergaminho	false
cdir_events_dilemma_choice_details_localised_choice_label_idrinth_dilemma_high_elvesTHIRD	Fazê-los se encontrar	false
cdir_events_dilemma_choice_details_localised_choice_label_idrinth_dilemma_wood_elvesTHIRD	Confrontar Idrinth	false
cdir_events_dilemma_choice_details_localised_choice_label_idrinth_dilemma_kislevTHIRD	Deixá-lo se juntar a você	false
cdir_events_dilemma_choice_details_localised_choice_label_idrinth_dilemma_empireTHIRD	Perguntar a ela sobre Idrinth	false
cdir_events_dilemma_choice_details_localised_choice_label_idrinth_dilemma_vampire_countsTHIRD	Caçar o assassino em outro lugar	false
cdir_events_dilemma_choice_details_localised_choice_label_idrinth_dilemma_dwarvesFIRST	Abordar os anões para perguntar mais sobre aquele elfo	false
cdir_events_dilemma_choice_details_localised_choice_label_idrinth_dilemma_dwarvesSECOND	Abordar Idrinth sobre as guerras vampíricas	false
cdir_events_dilemma_choice_details_localised_choice_label_idrinth_dilemma_dwarvesTHIRD	Apresentar Idrinth aos anões	false
cdir_events_dilemma_choice_details_localised_choice_label_idrinth_dilemma_weaponFIRST	Asuryan.	false
cdir_events_dilemma_choice_details_localised_choice_label_idrinth_dilemma_weaponSECOND	Kurnous.	false
cdir_events_dilemma_choice_details_localised_choice_label_idrinth_dilemma_weaponTHIRD	Khaine.	false
cdir_events_dilemma_choice_details_localised_choice_label_idrinth_dilemma_armourFIRST	Asuryan.	false
cdir_events_dilemma_choice_details_localised_choice_label_idrinth_dilemma_armourSECOND	Kurnous.	false
cdir_events_dilemma_choice_details_localised_choice_label_idrinth_dilemma_armourTHIRD	Khaine.	false
cdir_events_dilemma_choice_details_localised_choice_label_idrinth_dilemma_talismanFIRST	Asuryan.	false
cdir_events_dilemma_choice_details_localised_choice_label_idrinth_dilemma_talismanSECOND	Kurnous.	false
cdir_events_dilemma_choice_details_localised_choice_label_idrinth_dilemma_talismanTHIRD	Khaine.	false
cdir_events_dilemma_choice_details_localised_choice_label_idrinth_mode_choiceFIRST	Fidelidade ao Lore Mais Restrita.	false
cdir_events_dilemma_choice_details_localised_choice_label_idrinth_mode_choiceSECOND	Fidelidade ao Lore Menos Restrita.	false
cdir_events_dilemma_choice_details_localised_choice_label_idrinth_dilemma_unlock_high_elvesFIRST	Que Asuryan tenha misericórdia de nós.	false
cdir_events_dilemma_choice_details_localised_choice_label_idrinth_dilemma_unlock_wood_elvesFIRST	Que Kurnous tenha misericórdia de nós.	false
cdir_events_dilemma_choice_details_localised_choice_label_idrinth_dilemma_unlock_kislevFIRST	Que Ursun nos perdoe.	false
cdir_events_dilemma_choice_details_localised_choice_label_idrinth_dilemma_unlock_empireFIRST	Que Sigmar nos perdoe.	false
cdir_events_dilemma_choice_details_localised_choice_label_idrinth_dilemma_unlock_vampire_countsFIRST	Certo.	false
cdir_events_dilemma_choice_details_localised_choice_label_idrinth_levelMinimum_choiceFIRST	Início do Jogo	false
cdir_events_dilemma_choice_details_localised_choice_label_idrinth_levelMinimum_choiceSECOND	Final do Início do Jogo.	false
cdir_events_dilemma_choice_details_localised_choice_label_idrinth_levelMinimum_choiceTHIRD	Início do Meio do Jogo	false
cdir_events_dilemma_choice_details_localised_choice_label_idrinth_levelMinimum_choiceFOURTH	Meio do Jogo	false
cdir_events_dilemma_choice_details_localised_choice_label_idrinth_chapels_choiceFIRST	Sim, Capelas.	false
cdir_events_dilemma_choice_details_localised_choice_label_idrinth_chapels_choiceSECOND	Não, apenas Herói.	false
cdir_events_dilemma_choice_details_localised_choice_label_idrinth_story_dilemma_drakenhofFIRST	Bom saber.	false
cdir_events_dilemma_choice_details_localised_choice_label_idrinth_story_dilemma_temple_of_khaineFIRST	Bom saber.	false
cdir_events_dilemma_choice_details_localised_choice_label_idrinth_story_dilemma_shrine_of_khaineFIRST	Bom saber.	false
cdir_events_dilemma_choice_details_localised_choice_label_idrinth_story_dilemma_temple_of_asuryanFIRST	Bom saber.	false
cdir_events_dilemma_choice_details_localised_choice_label_idrinth_story_dilemma_temple_of_kurnousFIRST	Bom saber.	false
cdir_events_dilemma_choice_details_localised_choice_label_idrinth_story_dilemma_shrine_of_loecFIRST	Bom saber.	false
cdir_events_dilemma_choice_details_localised_choice_label_idrinth_story_dilemma_hel_fennFIRST	Bom saber.	false
cdir_events_dilemma_choice_details_localised_choice_label_idrinth_story_dilemma_black_pyramidFIRST	Bom saber.	false
cdir_events_dilemma_choice_details_localised_choice_label_idrinth_story_dilemma_vauls_anvil_ulthuanFIRST	Bom saber.	false
cdir_events_dilemma_choice_details_localised_choice_label_idrinth_story_dilemma_vauls_anvil_naggarothFIRST	Bom saber.	false
cdir_events_dilemma_choice_details_localised_choice_label_idrinth_story_dilemma_vauls_anvil_lorenFIRST	Bom saber.	false
cdir_events_dilemma_choice_details_localised_choice_label_idrinth_story_dilemma_tower_of_hoethFIRST	Bom saber.	false
cdir_events_dilemma_choice_details_localised_choice_label_idrinth_story_dilemma_blood_keepFIRST	Bom saber.	false
cdir_events_dilemma_choice_details_localised_choice_label_idrinth_story_dilemma_oak_of_agesFIRST	Bom saber.	false
cdir_events_dilemma_choice_details_localised_choice_label_idrinth_story_dilemma_the_galleons_graveyardFIRST	Bom saber.	false
cdir_events_dilemma_choice_details_localised_choice_label_idrinth_story_dilemma_sartosaFIRST	Bom saber.	false
cdir_events_dilemma_choice_details_localised_choice_label_idrinth_story_dilemma_lahmiaFIRST	Bom saber.	false
cdir_events_dilemma_choice_details_localised_choice_label_idrinth_story_dilemma_ghrondFIRST	Bom saber.	false
cdir_events_dilemma_choice_details_localised_choice_label_idrinth_story_choiceFIRST	Sim, Eventos de História.	false
cdir_events_dilemma_choice_details_localised_choice_label_idrinth_story_choiceSECOND	Não, apenas Herói.	false
cdir_events_dilemma_choice_details_localised_choice_label_idrinth_dilemma_unlock_dark_elvesFIRST	Que Khaine tenha misericórdia de nós.	false
cdir_events_dilemma_choice_details_localised_choice_label_idrinth_dilemma_unlock_nagashFIRST	Que a criança perdida sirva bem.	false
cdir_events_dilemma_choice_details_localised_choice_label_idrinth_dilemma_unlock_cathayFIRST	Que ele mantenha o equilíbrio.	false
cdir_events_dilemma_choice_details_localised_choice_label_idrinth_dilemma_unlock_bretonniaFIRST	Que a Dama nos perdoe.	false
cdir_events_dilemma_choice_details_localised_choice_label_idrinth_dilemma_unlock_vampire_coastFIRST	Que haja pilhagem.	false
character_skills_localised_name_idrinth_wh2_main_skill_all_hero_assist_army_training	Treinamento do Exército	false
character_skills_localised_name_idrinth_wh2_main_skill_all_hero_hinder_agent_assassinate	Assassinar	false
character_skills_localised_name_idrinth_wh2_main_skill_all_hero_hinder_army_assault_units	Assaltar Unidades	false
character_skills_localised_name_idrinth_wh2_main_skill_all_hero_reduce_action_cost	Especialista	false
character_skills_localised_name_idrinth_wh2_main_skill_hef_combat_valour_of_ages	Valor das Eras	false
character_skills_localised_name_idrinth_wh2_main_skill_hef_generic_speed_of_asuryan	Velocidade de Asuryan	false
character_skills_localised_name_idrinth_wh2_main_skill_hef_generic_warding_of_hoeth	Proteção de Hoeth	false
character_skills_localised_name_idrinth_wh2_main_skill_hef_generic_warding_of_loec	Proteção de Loec	false
character_skills_localised_name_idrinth_wh3_dlc24_skill_all_all_self_colossal_strike	Golpe Colossal	false
character_skills_localised_name_idrinth_wh_main_skill_all_all_self_blade_master	Mestre da Lâmina	false
character_skills_localised_name_idrinth_wh_main_skill_all_all_self_hard_to_hit	Difícil de Acertar	false
character_skills_localised_name_idrinth_wh_main_skill_all_dignitary_self_conviction	Convicção	false
character_skills_localised_name_idrinth_wh_main_skill_all_dignitary_self_fervour	Fervor	false
character_skills_localised_name_idrinth_wh_main_skill_all_dignitary_self_inviolable_2	Inviolável	false
character_skills_localised_name_idrinth_wh_main_skill_all_dignitary_self_tenacity_2	Tenacidade	false
character_skills_localised_name_idrinth_wh_main_skill_all_magic_all_06_evasion	Evasão	false
character_skills_localised_name_idrinth_wh_main_skill_all_magic_all_07_earthing	Aterramento	false
character_skills_localised_name_idrinth_wh_main_skill_all_magic_all_08_power_drain	Dreno de Poder	false
character_skills_localised_name_idrinth_wh_main_skill_all_magic_all_11_arcane_conduit	Condutor Arcano	false
character_skills_localised_name_idrinth_wh_main_skill_vmp_dignitary_self_immortal_will	Vontade Imortal	false
character_skills_localised_name_idrinth_wh_main_skill_vmp_magic_vampires_01_invocation_of_nehek	Invocação de Nehek	false
character_skills_localised_name_idrinth_wh_main_skill_vmp_magic_vampires_02_vanhels_danse_macabre	Dança Macabra de Vanhel	false
character_skills_localised_name_idrinth_wh_main_skill_vmp_magic_vampires_04_gaze_of_nagash	Olhar de Nagash	false
character_skills_localised_name_idrinth_wh_main_skill_vmp_magic_vampires_09_curse_of_years	Maldição dos Anos	false
character_skills_localised_name_idrinth_wh_main_skill_vmp_magic_vampires_10_wind_of_death	Vento da Morte	false
character_skills_localised_description_idrinth_wh2_main_skill_all_hero_assist_army_training		false
character_skills_localised_description_idrinth_wh2_main_skill_all_hero_hinder_agent_assassinate		false
character_skills_localised_description_idrinth_wh2_main_skill_all_hero_hinder_army_assault_units		false
character_skills_localised_description_idrinth_wh2_main_skill_all_hero_reduce_action_cost		false
character_skills_localised_description_idrinth_wh2_main_skill_hef_combat_valour_of_ages		false
character_skills_localised_description_idrinth_wh2_main_skill_hef_generic_speed_of_asuryan		false
character_skills_localised_description_idrinth_wh2_main_skill_hef_generic_warding_of_hoeth		false
character_skills_localised_description_idrinth_wh2_main_skill_hef_generic_warding_of_loec		false
character_skills_localised_description_idrinth_wh3_dlc24_skill_all_all_self_colossal_strike		false
character_skills_localised_description_idrinth_wh_main_skill_all_all_self_blade_master		false
character_skills_localised_description_idrinth_wh_main_skill_all_all_self_hard_to_hit		false
character_skills_localised_description_idrinth_wh_main_skill_all_dignitary_self_conviction		false
character_skills_localised_description_idrinth_wh_main_skill_all_dignitary_self_fervour		false
character_skills_localised_description_idrinth_wh_main_skill_all_dignitary_self_inviolable_2		false
character_skills_localised_description_idrinth_wh_main_skill_all_dignitary_self_tenacity_2		false
character_skills_localised_description_idrinth_wh_main_skill_all_magic_all_06_evasion		false
character_skills_localised_description_idrinth_wh_main_skill_all_magic_all_07_earthing		false
character_skills_localised_description_idrinth_wh_main_skill_all_magic_all_08_power_drain		false
character_skills_localised_description_idrinth_wh_main_skill_all_magic_all_11_arcane_conduit		false
character_skills_localised_description_idrinth_wh_main_skill_vmp_dignitary_self_immortal_will		false
character_skills_localised_description_idrinth_wh_main_skill_vmp_magic_vampires_01_invocation_of_nehek		false
character_skills_localised_description_idrinth_wh_main_skill_vmp_magic_vampires_02_vanhels_danse_macabre		false
character_skills_localised_description_idrinth_wh_main_skill_vmp_magic_vampires_04_gaze_of_nagash		false
character_skills_localised_description_idrinth_wh_main_skill_vmp_magic_vampires_09_curse_of_years		false
character_skills_localised_description_idrinth_wh_main_skill_vmp_magic_vampires_10_wind_of_death		false
character_skills_localised_description_idrinth_wh_dlc05_skill_magic_shadow_enfeebling_foe	Quando lançado, este feitiço enfraquece as mentes inimigas; eles sentem o peso esmagador da realidade pressionando-os.	false
character_skills_localised_description_idrinth_wh_dlc05_skill_magic_shadow_mystifying_miasma	O conjurador tece uma névoa confusa que entorpece e ilude os inimigos, fazendo-os tropeçar e cambalear.	false
character_skills_localised_description_idrinth_wh_dlc05_skill_magic_shadow_pit_of_shades	O conjurador abre um vórtice que leva ao Abismo. Qualquer coisa presa dentro dele será perdida para sempre.	false
character_skills_localised_description_idrinth_wh_dlc05_skill_magic_shadow_the_withering	O Mago destrói seus inimigos por dentro, corroendo as mentes dos inimigos com dúvida e crise.	false
character_skills_localised_description_idrinth_wh_main_skill_all_magic_death_01_spirit_leech		false
character_skills_localised_description_idrinth_wh_main_skill_all_magic_death_04_soulblight		false
character_skills_localised_description_idrinth_wh_main_skill_all_magic_death_05_doom_and_darkness		false
character_skills_localised_description_idrinth_wh_main_skill_all_magic_death_09_the_fate_of_bjuna		false
character_skills_localised_name_idrinth_wh_dlc05_skill_magic_shadow_enfeebling_foe	O Inimigo Enfraquecido	false
character_skills_localised_name_idrinth_wh_dlc05_skill_magic_shadow_mystifying_miasma	Miasma Mistificador de Melkoth	false
character_skills_localised_name_idrinth_wh_dlc05_skill_magic_shadow_pit_of_shades	Abismo das Sombras	false
character_skills_localised_name_idrinth_wh_dlc05_skill_magic_shadow_the_withering	A Murcha	false
character_skills_localised_name_idrinth_wh_main_skill_all_magic_death_01_spirit_leech	Sanguessuga Espiritual	false
character_skills_localised_name_idrinth_wh_main_skill_all_magic_death_04_soulblight	Praga da Alma	false
character_skills_localised_name_idrinth_wh_main_skill_all_magic_death_05_doom_and_darkness	Perdição e Trevas	false
character_skills_localised_name_idrinth_wh_main_skill_all_magic_death_09_the_fate_of_bjuna	O Destino de Bjuna	false
character_skills_localised_name_idrinth_skill_magic_weapon_master	Mestre da Lâmina, Arco e Magia	false
character_skills_localised_description_idrinth_skill_magic_weapon_master	Se pode ser conjurado, disparado ou cortado, este dominou tudo o que decidiu aprender.	false
character_skills_localised_description_idrinth_wh_dlc05_skill_wef_army_buff_ranged_ammunition	O que é um patrulheiro sem uma flecha? Quem pode ser o melhor sem dezenas?	false
character_skills_localised_description_idrinth_wh_dlc05_skill_wef_army_buff_ranged_extra_reload	Um patrulheiro não deve dar trégua ao inimigo. As flechas devem cair como um dilúvio, tão mortais quanto relâmpagos.	false
character_skills_localised_description_idrinth_wh_dlc05_skill_wef_army_buff_ranged_missile_damage	Que cada projétil seja imbuído com a força de Kurnous, e traga morte a todos os seus inimigos.	false
character_skills_localised_description_idrinth_wh_dlc05_skill_wef_general_personal_buff_ranged_ability_high_tier_killer_1	Quando a flecha voa mais longe, pode matar mais cedo, o que é vital na Caça.	false
character_skills_localised_name_idrinth_wh_dlc05_skill_wef_army_buff_ranged_ammunition	Nature's Quiver	false
character_skills_localised_name_idrinth_wh_dlc05_skill_wef_army_buff_ranged_extra_reload	Chuva de Espinhos	false
character_skills_localised_name_idrinth_wh_dlc05_skill_wef_army_buff_ranged_missile_damage	Flechas da Floresta	false
character_skills_localised_name_idrinth_wh_dlc05_skill_wef_general_personal_buff_ranged_ability_high_tier_killer_1	Flecha de Kurnous	false
character_skills_localised_description_idrinth_loremaster_lore_of_death	Este mago testemunhou e causou a morte tantas vezes que está ligado ao vento dela.	false
character_skills_localised_name_idrinth_loremaster_lore_of_death	Mestre do Saber: Morte	false
character_skills_localised_description_idrinth_loremaster_lore_of_shadows	Este mago é mestre no jogo de sombras.	false
character_skills_localised_name_idrinth_loremaster_lore_of_shadows	Mestre do Saber: Sombras	false
character_skills_localised_description_idrinth_loremaster_lore_of_vampires	Este mago dominou completamente a necromancia.	false
character_skills_localised_name_idrinth_loremaster_lore_of_vampires	Mestre do Saber: Vampiros	false
character_skills_localised_name_idrinth_diplomat_high_elves	Parentesco Através das Eras	false
character_skills_localised_name_idrinth_diplomat_wood_elves	Hunting Kin	false
character_skills_localised_name_idrinth_diplomat_dark_elves	Parentes Amaldiçoados	false
character_skills_localised_name_idrinth_diplomat_vampire_coast	Parentes de Sangue e Sal	false
character_skills_localised_name_idrinth_diplomat_vampire_counts	Parentes de Sangue	false
character_skills_localised_name_idrinth_diplomat_bretonnia	Honra e Votos	false
character_skills_localised_name_idrinth_diplomat_norsca	A Força Faz o Direito	false
character_skills_localised_name_idrinth_diplomat_kislev	Frio Amargo	false
character_skills_localised_name_idrinth_diplomat_cathay	Planos de Equilíbrio	false
character_skills_localised_name_idrinth_diplomat_empire	Pelo Futuro da Humanidade	false
character_skills_localised_name_idrinth_diplomat_lizardmen	Planos Escamosos	false
character_skills_localised_name_idrinth_diplomat_dwarves	Antigos Juramentos	false
character_skills_localised_name_idrinth_ranger_knowledge	Conhecimento dos Patrulheiros	false
character_skills_localised_name_idrinth_blade_dancing	Dança das Lâminas	false
character_skills_localised_name_idrinth_unusual_training	Treinamento Incomum	false
character_skills_localised_name_idrinth_running_wild	Correndo Selvagem	false
character_skills_localised_name_idrinth_veterans	Veteranos Élficos	false
character_skills_localised_name_idrinth_strong_as_stone	Forte como Pedra	false
character_skills_localised_name_idrinth_beasts_of_nature	Bestas da Natureza	false
character_skills_localised_description_idrinth_ranger_knowledge		false
character_skills_localised_description_idrinth_blade_dancing		false
character_skills_localised_description_idrinth_unusual_training		false
character_skills_localised_description_idrinth_running_wild		false
character_skills_localised_description_idrinth_veterans		false
character_skills_localised_description_idrinth_strong_as_stone		false
character_skills_localised_description_idrinth_beasts_of_nature		false
character_skills_localised_name_idrinth_lord_of_free_blades	Senhor das Lâminas Livres	false
character_skills_localised_description_idrinth_lord_of_free_blades		false
character_skills_localised_name_idrinth_hidden_paths	Caminhos Ocultos	false
character_skills_localised_description_idrinth_hidden_paths		false
character_skills_localised_name_idrinth_elven_healing	Cura Élfica	false
character_skills_localised_description_idrinth_elven_healing		false
character_skills_localised_name_idrinth_knowledge_sharing	Compartilhamento de Conhecimento	false
character_skills_localised_description_idrinth_knowledge_sharing		false
character_trait_levels_colour_text_idrinth_elf_slayer_khaine_known	Você é um conhecido assassino de elfos para Khaine e outros elfos.	false
character_trait_levels_explanation_text_idrinth_elf_slayer_khaine_known	Você lutou contra muitos exércitos de elfos.	false
character_trait_levels_onscreen_name_idrinth_elf_slayer_khaine_known	Assassino de Elfos Amaldiçoado por Khaine	false
character_trait_levels_removal_text_idrinth_elf_slayer_khaine_known		false
character_trait_levels_colour_text_idrinth_elf_slayer_khaine_despised	Você é um conhecido assassino de elfos para Khaine e outros elfos.	false
character_trait_levels_explanation_text_idrinth_elf_slayer_khaine_despised	Você lutou contra muitos exércitos de elfos.	false
character_trait_levels_onscreen_name_idrinth_elf_slayer_khaine_despised	Desprezado Assassino de Elfos Amaldiçoado por Khaine	false
character_trait_levels_removal_text_idrinth_elf_slayer_khaine_despised		false
character_trait_levels_colour_text_idrinth_elf_slayer_khaine_hated	Você é um conhecido assassino de elfos para Khaine e outros elfos.	false
character_trait_levels_explanation_text_idrinth_elf_slayer_khaine_hated	Você lutou contra muitos exércitos de elfos.	false
character_trait_levels_onscreen_name_idrinth_elf_slayer_khaine_hated	Odiado Assassino de Elfos Amaldiçoado por Khaine	false
character_trait_levels_removal_text_idrinth_elf_slayer_khaine_hated		false
character_trait_levels_colour_text_idrinth_elf_slayer_kurnous_known	Você é um conhecido assassino de elfos para Kurnous e outros elfos.	false
character_trait_levels_explanation_text_idrinth_elf_slayer_kurnous_known	Você lutou contra muitos exércitos de elfos.	false
character_trait_levels_onscreen_name_idrinth_elf_slayer_kurnous_known	Assassino de Elfos Amaldiçoado por Kurnous	false
character_trait_levels_removal_text_idrinth_elf_slayer_kurnous_known		false
character_trait_levels_colour_text_idrinth_elf_slayer_kurnous_despised	Você é um conhecido assassino de elfos para Kurnous e outros elfos.	false
character_trait_levels_explanation_text_idrinth_elf_slayer_kurnous_despised	Você lutou contra muitos exércitos de elfos.	false
character_trait_levels_onscreen_name_idrinth_elf_slayer_kurnous_despised	Desprezado Assassino de Elfos Amaldiçoado por Kurnous	false
character_trait_levels_removal_text_idrinth_elf_slayer_kurnous_despised		false
character_trait_levels_colour_text_idrinth_elf_slayer_kurnous_hated	Você é um conhecido assassino de elfos para Kurnous e outros elfos.	false
character_trait_levels_explanation_text_idrinth_elf_slayer_kurnous_hated	Você lutou contra muitos exércitos de elfos.	false
character_trait_levels_onscreen_name_idrinth_elf_slayer_kurnous_hated	Odiado Assassino de Elfos Amaldiçoado por Kurnous	false
character_trait_levels_removal_text_idrinth_elf_slayer_kurnous_hated		false
character_trait_levels_colour_text_idrinth_elf_slayer_asuryan_known	Você é um conhecido assassino de elfos para Asuryan e outros elfos.	false
character_trait_levels_explanation_text_idrinth_elf_slayer_asuryan_known	Você lutou contra muitos exércitos de elfos.	false
character_trait_levels_onscreen_name_idrinth_elf_slayer_asuryan_known	Assassino de Elfos Amaldiçoado por Asuryan	false
character_trait_levels_removal_text_idrinth_elf_slayer_asuryan_known		false
character_trait_levels_colour_text_idrinth_elf_slayer_asuryan_despised	Você é um conhecido assassino de elfos para Asuryan e outros elfos.	false
character_trait_levels_explanation_text_idrinth_elf_slayer_asuryan_despised	Você lutou contra muitos exércitos de elfos.	false
character_trait_levels_onscreen_name_idrinth_elf_slayer_asuryan_despised	Desprezado Assassino de Elfos Amaldiçoado por Asuryan	false
character_trait_levels_removal_text_idrinth_elf_slayer_asuryan_despised		false
character_trait_levels_colour_text_idrinth_elf_slayer_asuryan_hated	Você é um conhecido assassino de elfos para Asuryan e outros elfos.	false
character_trait_levels_explanation_text_idrinth_elf_slayer_asuryan_hated	Você lutou contra muitos exércitos de elfos.	false
character_trait_levels_onscreen_name_idrinth_elf_slayer_asuryan_hated	Odiado Assassino de Elfos Amaldiçoado por Asuryan	false
character_trait_levels_removal_text_idrinth_elf_slayer_asuryan_hated		false
character_trait_levels_onscreen_name_idrinth_killer	A Vingança é Minha	false
character_trait_levels_removal_text_idrinth_killer		false
character_trait_levels_explanation_text_idrinth_killer	Você derrotou Idrinth Thalui.	false
character_trait_levels_colour_text_idrinth_killer	Derrotar este senhor lendário concedeu a você compreensão adicional de combate.	false
character_trait_levels_onscreen_name_idrinth_devotion_asuryan_positive_1	Devoto de Asuryan	false
character_trait_levels_onscreen_name_idrinth_devotion_asuryan_positive_2	Sacerdote de Asuryan	false
character_trait_levels_onscreen_name_idrinth_devotion_asuryan_positive_3	Fanático de Asuryan	false
character_trait_levels_onscreen_name_idrinth_devotion_asuryan_negative_1	Duvidoso de Asuryan	false
character_trait_levels_onscreen_name_idrinth_devotion_asuryan_negative_2	Renegado de Asuryan	false
character_trait_levels_onscreen_name_idrinth_devotion_khaine_positive_1	Devoto de Khaine	false
character_trait_levels_onscreen_name_idrinth_devotion_khaine_positive_2	Sacerdote de Khaine	false
character_trait_levels_onscreen_name_idrinth_devotion_khaine_positive_3	Fanático de Khaine	false
character_trait_levels_onscreen_name_idrinth_devotion_khaine_negative_1	Duvidoso de Khaine	false
character_trait_levels_onscreen_name_idrinth_devotion_khaine_negative_2	Renegado de Khaine	false
character_trait_levels_onscreen_name_idrinth_devotion_kurnous_positive_1	Devoto de Kurnous	false
character_trait_levels_onscreen_name_idrinth_devotion_kurnous_positive_2	Sacerdote de Kurnous	false
character_trait_levels_onscreen_name_idrinth_devotion_kurnous_positive_3	Fanático de Kurnous	false
character_trait_levels_onscreen_name_idrinth_devotion_kurnous_negative_1	Duvidoso de Kurnous	false
character_trait_levels_onscreen_name_idrinth_devotion_kurnous_negative_2	Renegado de Kurnous	false
character_trait_levels_onscreen_name_idrinth_thalui_name_active	Thalui	false
cultures_frontend_description_idrinth_hev_high_elf_vampires	A rede de Capelas Thaluianas abrange países com edifícios de capelas raros mas poderosos defendendo assentamentos críticos e detendo as forças do caos antes que representem uma ameaça maior.	false
cultures_name_idrinth_hev_high_elf_vampires	Capela Thaluiana	false
cultures_subcultures_battle_playstyle_description_idrinth_hev_high_elf_vampires	The Thaluian Chapels are a mixed elven group of mercenaries, adventurers and exiles. The Thaluian Chapel network spans countries with rare but powerful chapel buildings defending critical settlements and stopping chaos forces before they pose a greater threat.	false
cultures_subcultures_confederation_screen_name_idrinth_hev_high_elf_vampires		false
cultures_subcultures_confederation_summary_name_idrinth_hev_high_elf_vampires		false
cultures_subcultures_name_idrinth_hev_high_elf_vampires	As Capelas Thaluianas	false
dilemmas_localised_description_idrinth_unlock_choice	Um estranho encapuzado aparece uma noite, oferecendo sua ajuda por uma pequena taxa. Você aceita a ajuda?	false
dilemmas_localised_title_idrinth_unlock_choice	O Estranho	false
dilemmas_localised_description_idrinth_dilemma_high_elves	Um mensageiro élfico chega, procurando por um Idrinth. O Idrinth que você conhece o evitou até agora, talvez você possa ajudar?	false
dilemmas_localised_description_idrinth_dilemma_wood_elves	Uma patrulheira elfa da floresta chega ao seu acampamento. Afirmando que precisa de seu primo ensanguentado. Enquanto Idrinth rapidamente confirma que era ele o procurado, ele se recusa a encontrá-la.	false
dilemmas_localised_description_idrinth_dilemma_empire	Uma velha estudiosa se aproxima do seu acampamento. Carregando livros do passado, ela afirma ter encontrado conhecimento valioso para você.	false
dilemmas_localised_description_idrinth_dilemma_kislev	À noite, enquanto um vento gelado tortura seus guardas, eles capturam um kislevita tentando entrar furtivamente no acampamento. Ele é jovem e aparentemente inofensivo, mas o que você faz com ele?	false
dilemmas_localised_description_idrinth_dilemma_vampire_counts	Uma noite você encontra um de seus servos drenado de sangue bem do lado de fora da tenda de Idrinth. Entrando apressadamente, você o encontra lendo um pergaminho antigo sentado à sua mesa.	false
dilemmas_localised_title_idrinth_dilemma_high_elves	O Mensageiro	false
dilemmas_localised_title_idrinth_dilemma_wood_elves	Primos de Sangue	false
dilemmas_localised_title_idrinth_dilemma_kislev	Intruso!	false
dilemmas_localised_title_idrinth_dilemma_empire	A Estudiosa	false
dilemmas_localised_title_idrinth_dilemma_vampire_counts	O Fim do Servo	false
dilemmas_localised_description_idrinth_dilemma_dwarves	Um grupo de anões foi avistado nas proximidades. Seus batedores ouviram suas histórias sobre as guerras vampíricas. Um elfo mencionado parece suspeitosamente com Idrinth.	false
dilemmas_localised_title_idrinth_dilemma_dwarves	Uma Antiga Rixa	false
dilemmas_localised_description_idrinth_dilemma_weapon	Após a última caçada, Idrinth se aproxima de você com o que parece ser uma antiga arma élfica. Ele pede seu conselho sobre a quem dedicá-la.	false
dilemmas_localised_title_idrinth_dilemma_weapon	Uma Arma Abençoada	false
dilemmas_localised_description_idrinth_dilemma_armour	Após a última batalha, Idrinth se aproxima de você com o que parece ser uma antiga armadura élfica. Ele pede seu conselho sobre a quem dedicá-la.	false
dilemmas_localised_title_idrinth_dilemma_armour	Uma Armadura Abençoada	false
dilemmas_localised_description_idrinth_dilemma_talisman	Após terminar a viagem do dia, Idrinth se aproxima de você com o que parece ser um antigo talismã élfico. Ele pede seu conselho sobre a quem dedicá-lo.	false
dilemmas_localised_title_idrinth_dilemma_talisman	Um Talismã Abençoado	false
dilemmas_localised_description_idrinth_mode_choice	Ative a fidelidade ao lore mais restrita para limitar as culturas recrutadoras para o Cavaleiro-Erudito Idrinth Thalui a Altos Elfos, Elfos da Floresta, Kislev, O Império e Condes Vampiros. Escolha o modo menos restrito para ter Costa Vampírica, Legiões de Nagash, Elfos Negros, Cathay e Bretônia na lista também.	false
dilemmas_localised_title_idrinth_mode_choice	Modo: Fidelidade ao Lore Mais ou Menos Restrita	false
dilemmas_localised_description_idrinth_dilemma_unlock_high_elves	Após aceitar sua moeda, o estranho se apresenta como um companheiro Asur chamado Idrinth. Tirando seus mantos de viagem, você vê a armadura de combate de um mestre do saber, uma espada larga combinando e um arco de metal perto de olhos estoicos que sugerem brutalidades ainda por cometer.	false
dilemmas_localised_title_idrinth_dilemma_unlock_high_elves	Idrinth Thalui	false
dilemmas_localised_description_idrinth_dilemma_unlock_wood_elves	Espero lutar ao lado dos caçadores das florestas, primo, declara o asur em tom amigável enquanto guarda seu pagamento e manto de viagem. Posso não ser tão bom atirador quanto vocês, mas não vou atrasá-los. Um sorriso levemente divertido brinca em seus lábios sem sangue antes de desaparecer. Vamos ter uma caçada que será contada por séculos!	false
dilemmas_localised_title_idrinth_dilemma_unlock_wood_elves	Idrinth Thalui	false
dilemmas_localised_description_idrinth_dilemma_unlock_kislev	O estranho se despe após receber o pagamento e revela um rosto élfico e armamento élfico sob seus mantos de viagem. Meu nome é Idrinth, tenho lutado contra nossos inimigos por mais tempo do que a maioria de vocês viveu. Eu gostaria de praticar com a força e ensiná-los. Um leve sorriso brinca em seus lábios sem sangue antes de desaparecer em um rosto sem idade.	false
dilemmas_localised_title_idrinth_dilemma_unlock_kislev	Idrinth Thalui	false
dilemmas_localised_description_idrinth_dilemma_unlock_empire	Eu lutei e sangrei com guerreiros que acreditam em Ulric ou Sigmar. Temos os mesmos inimigos, ele declara enquanto remove seus mantos de viagem, e espero expulsá-los junto com vocês. Compartilhando meu conhecimento para o bem do mundo. Seus olhos olham friamente para humanos orando antes de retornar sua atenção ao general e sua guarda.	false
dilemmas_localised_title_idrinth_dilemma_unlock_empire	Idrinth Thalui	false
dilemmas_localised_description_idrinth_dilemma_unlock_vampire_counts	O estranho abaixa seu capuz, revelando feições élficas. Não sou amigo da destruição, mas nossos inimigos forçaram minha mão. Guardando suas moedas, ele declara: Retornar à família após muitos anos quando estão em perigo é certo, não importa quem seja essa família. Você não concorda?	false
dilemmas_localised_title_idrinth_dilemma_unlock_vampire_counts	Idrinth Thalui	false
dilemmas_localised_description_idrinth_chapels_choice	Você quer habilitar as Capelas Thaluianas para sua campanha? Elas oferecem mais defesas e opções comparadas a ter apenas o herói.	false
dilemmas_localised_description_idrinth_levelMinimum_choice	Para recrutar Idrinth Thalui, o Cavaleiro-Erudito, você precisará ter um general com um nível mínimo. Quão cedo você quer poder recrutá-lo?	false
dilemmas_localised_title_idrinth_story_choice	Eventos de História	false
dilemmas_localised_description_idrinth_story_choice	Você quer habilitar eventos de história quando Idrinth alcançar lugares específicos e importantes?	false
dilemmas_localised_title_idrinth_chapels_choice	As Capelas Thaluianas	false
dilemmas_localised_title_idrinth_levelMinimum_choice	Patente de Renome	false
dilemmas_localised_title_idrinth_story_dilemma_drakenhof	Drakenhof	false
dilemmas_localised_title_idrinth_story_dilemma_temple_of_khaine	Templo de Khaine	false
dilemmas_localised_title_idrinth_story_dilemma_shrine_of_khaine	Santuário de Khaine	false
dilemmas_localised_title_idrinth_story_dilemma_temple_of_asuryan	Templo de Asuryan	false
dilemmas_localised_title_idrinth_story_dilemma_temple_of_kurnous	Templo de Kurnous	false
dilemmas_localised_title_idrinth_story_dilemma_shrine_of_loec	Santuário de Loec	false
dilemmas_localised_title_idrinth_story_dilemma_hel_fenn	Hel Fenn	false
dilemmas_localised_title_idrinth_story_dilemma_black_pyramid	Pirâmide Negra de Nagash	false
dilemmas_localised_title_idrinth_story_dilemma_vauls_anvil_ulthuan	Bigorna de Vaul em Ulthuan	false
dilemmas_localised_title_idrinth_story_dilemma_vauls_anvil_naggaroth	Bigorna de Vaul em Naggaroth	false
dilemmas_localised_title_idrinth_story_dilemma_vauls_anvil_loren	Bigorna de Vaul em Athel Loren	false
dilemmas_localised_title_idrinth_story_dilemma_tower_of_hoeth	Torre de Hoeth	false
dilemmas_localised_title_idrinth_story_dilemma_blood_keep	Fortaleza do Sangue	false
dilemmas_localised_title_idrinth_story_dilemma_oak_of_ages	Carvalho das Eras	false
dilemmas_localised_title_idrinth_story_dilemma_the_galleons_graveyard	Cemitério dos Galeões	false
dilemmas_localised_title_idrinth_story_dilemma_sartosa	Sartosa	false
dilemmas_localised_title_idrinth_story_dilemma_lahmia	Lahmia	false
dilemmas_localised_title_idrinth_story_dilemma_ghrond	Ghrond	false
dilemmas_localised_description_idrinth_story_dilemma_drakenhof	As torres negras do castelo Drakenhof perfuram a escuridão perpétua da Sylvânia. Idrinth permanece imóvel diante de seus portões, memórias das Guerras Vampíricas inundando-o involuntariamente. Eu sangrei aqui, ele sussurra, e renasci. Os Von Carstein me ensinaram o que eu havia me tornado—quisesse eu aprender ou não. Sua mão repousa no cabo da espada. Ele entra como parente de sangue, ou como um lembrete do que sua ambição custou ao mundo?	false
dilemmas_localised_description_idrinth_story_dilemma_temple_of_khaine	O Templo de Khaine ergue-se dos desertos de Naggaroth, seus altares escorregando com oferendas frescas. Idrinth sente o olhar do Deus do Assassinato sobre ele—não com ódio, mas com reconhecimento faminto. Você conhece a conta da minha lâmina, ele murmura para a escuridão sangrenta. Cada servo do caos que eliminei, cada demônio que bani. Isso te agrada, Mão Sangrenta? Ou você apenas aguarda o dia em que eu a volte contra os inocentes?	false
dilemmas_localised_description_idrinth_story_dilemma_shrine_of_khaine	A Espada de Khaine pulsa com promessa malévola, seus sussurros cortando até mesmo a quietude morta-viva de Idrinth. Por um longo momento, ele simplesmente olha para a Fazedora de Viúvas. Aenarion a empunhou para salvar nosso povo e condenou sua linhagem para sempre, ele diz baixinho. Eu já estava condenado quando fiz meu juramento de vingança. Você me tornaria pior, ou simplesmente... mais eficiente? Seus dedos tremem, mas não alcançam.	false
dilemmas_localised_description_idrinth_story_dilemma_temple_of_asuryan	As chamas sagradas do templo de Asuryan queimam eternamente, e Idrinth não se aproxima mais do que o pátio externo. Eu caminhei por esses corredores como um elfo vivo, ele diz, sua voz oca. Eu orei aqui antes de marchar para a guerra contra os mortos-vivos. Agora eu sou o que combati. Ele observa as chamas dançarem. Você ainda me ouve, Senhor da Fênix? Ou minha maldição transforma minhas orações em zombaria?	false
dilemmas_localised_description_idrinth_story_dilemma_temple_of_kurnous	Árvores antigas emolduram o santuário de caça, e o cheiro de lugares selvagens preenche o ar. Idrinth respira fundo—um velho hábito de quando respirar significava vida. Eu ainda caço, Senhor do Selvagem, ele se dirige às pedras com chifres. Embora eu não faça mais parte do ciclo da natureza. Não pego presas para sustento do corpo, apenas para vingança do espírito. A caça eterna tem espaço para alguém como eu?	false
dilemmas_localised_description_idrinth_story_dilemma_shrine_of_loec	O Santuário de Loec muda no canto da visão, nunca exatamente onde parece estar. Idrinth se permite um raro e frio sorriso. O Deus Trapaceiro. Aprendi suas artes, de certa forma—a magia das sombras veio mais fácil para mim após a morte do que jamais veio em vida. Ele faz uma reverência zombeteira. É essa sua piada, Risonho? Que eu danço melhor agora que meus pés estão frios?	false
dilemmas_localised_description_idrinth_story_dilemma_hel_fenn	Os pântanos de Hel Fenn se estendem diante dele, e a expressão de Idrinth torna-se ilegível. Foi aqui que terminou. E começou. Sua voz não carrega emoção. Lembro-me da lama. Do sangue. Do exército de Mannfred desmoronando ao nosso redor. Lembro-me de pensar que havíamos vencido. Uma longa pausa. Não me lembro de morrer. Apenas de acordar, três noites depois, faminto por algo que não conseguia nomear.	false
dilemmas_localised_description_idrinth_story_dilemma_black_pyramid	O monumento de Nagash ergue-se contra o céu do deserto, irradiando poder que faz a maldição de Idrinth contorcer-se dentro dele. O pai de toda nossa condenação, ele diz, nem reverente nem desdenhoso—apenas declarando fatos. Todo vampiro existe porque você alcançou longe demais, Grande Necromante. Minha maldição flui de sua ambição. Ele estuda as pedras antigas. Pergunto-me—você aprova como uso seu presente? Voltando a morte contra o próprio Caos?	false
dilemmas_localised_description_idrinth_story_dilemma_vauls_anvil_ulthuan	O santuário-forja de Vaul irradia poder ancestral, e as armas encantadas de Idrinth parecem zumbir em resposta. Eu carreguei armas abençoadas em forjas menores para as Guerras Vampíricas, ele relembra. Elas se quebraram contra os mortos-vivos. Agora eu sou morto-vivo, e carrego armas que teriam matado o que me tornei. Seus dedos traçam o fio de sua lâmina. Há poesia nisso, do tipo que só o Fazedor apreciaria.	false
dilemmas_localised_description_idrinth_story_dilemma_vauls_anvil_naggaroth	Os Elfos Negros reivindicam sua própria conexão com o Deus Ferreiro, suas forjas queimando com indústria amarga. Idrinth observa sem se aproximar. Primos, ele reflete. Eles caíram em uma escuridão, eu em outra. Contudo, eles escolheram seu caminho. Pergunto-me às vezes se isso os torna mais honestos do que eu—eles abraçaram o que se tornaram, enquanto eu ainda finjo ser o que era.	false
dilemmas_localised_description_idrinth_story_dilemma_vauls_anvil_loren	Os Elfos da Floresta mantêm os ensinamentos de Vaul à sua própria maneira, moldando madeira viva junto com metal morto. Idrinth observa o artesanato com interesse acadêmico. Vida e morte casadas em uma única arma, ele observa. Os Asrai entendem algo que as outras linhagens não entendem—que a fronteira é mais... permeável do que gostamos de acreditar. Um fantasma de sua antiga fascinação acadêmica emerge. Devo estudar suas técnicas.	false
dilemmas_localised_description_idrinth_story_dilemma_tower_of_hoeth	A Torre Branca ergue-se impossivelmente alta, repositório de todo conhecimento dos Altos Elfos. Idrinth para na base, incapaz—ou relutante—de entrar. Eu fui um Mestre do Saber, ele diz, voz quebrando com luto ancestral. Estudei dentro daqueles corredores. Conhecia os caminhos secretos, as bibliotecas escondidas, as seções proibidas. Seus olhos não piscam. Eles ainda falam meu nome? Ou o riscaram dos registros, fingindo que nunca existi?	false
dilemmas_localised_description_idrinth_story_dilemma_blood_keep	A fortaleza dos Dragões de Sangue ergue-se orgulhosa em sua montanha, um monumento à honra marcial entre os condenados. Idrinth a observa com algo próximo a respeito. O legado de Abhorash. Vampiros que buscam superar sua maldição através da perfeição das armas. Ele toca sua própria lâmina. Entendo o impulso. Ser algo mais do que um monstro, mesmo quando o monstro é o que você é.	false
dilemmas_localised_description_idrinth_story_dilemma_oak_of_ages	A presença da Árvore do Mundo é avassaladora, e Idrinth se aproxima lentamente, como alguém se aproximaria de um deus julgador. O coração de todas as florestas. A raiz do mundo. Ele fala mal acima de um sussurro. Eu cacei em sua sombra uma vez, em meus dias vivos. Os elfos da floresta toleravam minha presença como parente. Ele olha para suas mãos pálidas. As árvores se lembram de mim? Elas recuam do que agora caminha entre suas raízes?	false
dilemmas_localised_description_idrinth_story_dilemma_the_galleons_graveyard	Navios apodrecem eternamente no Cemitério dos Galeões, suas tripulações mortas-vivas mantendo uma paródia de tradição marítima. Idrinth examina os destroços com desgosto. Noctilus e sua laia. Vampiros que abandonaram toda pretensão de suas vidas anteriores para se tornarem algo... menor. Ele balança a cabeça. Entendo a tentação. Quando você pode viver para sempre, por que não se tornar um rei pirata? Mas eles esqueceram o que deveríamos estar combatendo.	false
dilemmas_localised_description_idrinth_story_dilemma_sartosa	O refúgio pirata se estende diante dele, sem lei e perigoso—mas quase refrescantemente honesto sobre isso. Uma cidade onde mortos e vivos comerciam lado a lado, unidos pela ganância, Idrinth observa. Acho-me estranhamente confortável aqui. Ninguém finge que não sou o que sou. Ninguém exige que eu represente uma humanidade que não possuo mais. Ele pausa. Talvez seja por isso que devo partir rapidamente.	false
dilemmas_localised_description_idrinth_story_dilemma_lahmia	As ruínas de Lahmia sussurram sobre glória antiga e os primeiros vampiros. Idrinth caminha pelas ruas vazias com algo próximo a reverência. Onde tudo começou. Neferata e sua corte, os primeiros a beber do cálice envenenado de Nagash. Ele se ajoelha ao lado de uma estátua tombada. Estudei as histórias. Os primeiros vampiros eram estudiosos, rainhas, guerreiros de grande refinamento. Veja o que seu legado se tornou. Veja o que eu me tornei.	false
dilemmas_localised_description_idrinth_story_dilemma_ghrond	A Torre Norte das Feiticeiras ergue-se sombria contra o céu do norte, o poder de Morathi palpável mesmo à distância. O maxilar de Idrinth se contrai. A mãe do Rei Bruxo. Aquela que trouxe a adoração ao Caos para a raça élfica. Sua voz carrega ódio frio. Matei muitos servos dos Poderes Sombrios. Mas esta... esta valeria qualquer custo. Ele não se aproxima. Ainda não. Paciência. A vingança é eterna. Tenho tempo.	false
dilemmas_localised_description_idrinth_dilemma_unlock_bretonnia	O estranho remove seu manto de viagem com graça praticada, revelando armadura élfica por baixo. Servi ao lado de cavaleiros antes, ele diz, inclinando a cabeça com precisão cortês. Honra e dever transcendem as fronteiras de raça. Sua Dama protege estas terras, e eu as veria defendidas da escuridão que consome tudo. Suas feições pálidas permanecem compostas, embora seus lábios sem sangue não revelem calor. Cavalgemos contra nosso inimigo comum.	false
dilemmas_localised_title_idrinth_dilemma_unlock_bretonnia	Idrinth Thalui	false
dilemmas_localised_description_idrinth_dilemma_unlock_dark_elves	O estranho puxa seu capuz para trás, revelando feições inconfundivelmente Asur—contudo seus olhos não carregam o desdém típico. Primo, ele diz, a palavra não carregando nem zombaria nem calor. Não me importo com rancores antigos. O Caos devora Druchii e Asur igualmente, e aprendi que a sobrevivência exige... flexibilidade. Um sorriso sem alegria cruza seus lábios sem sangue. Você entende pragmatismo melhor do que a maioria. Devemos colocá-lo em uso?	false
dilemmas_localised_title_idrinth_dilemma_unlock_dark_elves	Idrinth Thalui	false
dilemmas_localised_description_idrinth_dilemma_unlock_cathay	A figura encapuzada se curva com formalidade inesperada, então se endireita para revelar feições élficas sob suas vestimentas de viagem. Caminhei por suas terras antes, em eras passadas, ele declara, sua voz medida e calma. A Grande Muralha detém horrores que conheço muito bem. O equilíbrio deve ser mantido contra os Poderes Ruinosos. Seus olhos sem idade estudam os oficiais de Cathay com interesse acadêmico. Ofereço conhecimento abrangendo milênios. Talvez possamos aprender um com o outro.	false
dilemmas_localised_title_idrinth_dilemma_unlock_cathay	Idrinth Thalui	false
dilemmas_localised_description_idrinth_dilemma_unlock_nagash	O capuz do estranho cai, revelando um rosto élfico intocado pelo tempo. Sei a quem você serve, ele diz friamente, encontrando o olhar dos mortos-vivos sem pestanejar. E sei o que sou. Não precisamos fingir o contrário. Ele ajusta a espada larga em suas costas com facilidade familiar. Os inimigos de Nagash são servos do Caos. Por ora, esse alinhamento de propósito é suficiente. Seus lábios sem sangue se torcem em algo parecido com diversão sombria. O Grande Necromante coleta todas as coisas eventualmente. Eu simplesmente escolho os termos.	false
dilemmas_localised_title_idrinth_dilemma_unlock_nagash	Idrinth Thalui	false
dilemmas_localised_description_idrinth_dilemma_unlock_vampire_coast	O estranho se desfaz de seu manto manchado de sal, revelando feições élficas e armadura antiga por baixo. Naveguei mares mais escuros do que estes, ele comenta, observando a tripulação cambaleante sem nojo. Sangue é sangue, seja tomado em terra ou água. Ele produz sua bolsa de pagamento, pesando-a pensativamente. Vocês caçam, saqueiam, sobrevivem. Respeito isso. Um sorriso conhecedor cruza seu rosto pálido. E suspeito que seus capitães entendam—a imortalidade muda a perspectiva de alguém sobre... tudo.	false
dilemmas_localised_title_idrinth_dilemma_unlock_vampire_coast	Idrinth Thalui	false
effect_bundles_localised_description_idrinth_dilemma_empire_FIRST	A estudiosa estava muito interessada em guerras antigas. A discussão com Idrinth a guiou a descobrir táticas que também são úteis agora.	false
effect_bundles_localised_description_idrinth_dilemma_empire_SECOND	A estudiosa e Idrinth discutiram magia, encontrando algumas pequenas melhorias para seus magos implementarem.	false
effect_bundles_localised_description_idrinth_dilemma_empire_THIRD	Você perguntou à estudiosa sobre Idrinth, aprendendo sobre sua longa guerra contra o caos.	false
effect_bundles_localised_description_idrinth_dilemma_high_elves_FIRST	Você expulsou o mensageiro, facilitando a vida de Idrinth.	false
effect_bundles_localised_description_idrinth_dilemma_high_elves_SECOND	Você confrontou Idrinth sobre seu passado, deixando-o em um humor mais sombrio.	false
effect_bundles_localised_description_idrinth_dilemma_high_elves_THIRD	Idrinth encontrou o mensageiro de seu antigo povo, aprendendo sobre os objetivos atuais de sua família. Ele parece de humor mais leve agora.	false
effect_bundles_localised_description_idrinth_dilemma_kislev_FIRST	Você entregou o intruso a Idrinth para interrogatório.	false
effect_bundles_localised_description_idrinth_dilemma_kislev_SECOND	Você matou o intruso, irritando a pátria mãe, mas evitando algo pior.	false
effect_bundles_localised_description_idrinth_dilemma_kislev_THIRD	O intruso se juntou a você, deixando Idrinth profundamente desconfortável.	false
effect_bundles_localised_description_idrinth_dilemma_vampire_counts_FIRST	Você acusou Idrinth de assassinar e drenar o servo. Ele está tentando provar sua inocência.	false
effect_bundles_localised_description_idrinth_dilemma_vampire_counts_SECOND	Você perguntou a Idrinth sobre o pergaminho, aprendendo sobre algumas teorias mágicas antigas.	false
effect_bundles_localised_description_idrinth_dilemma_vampire_counts_THIRD	Você decidiu caçar o assassino em outro lugar e suas tropas agora estão em alerta maior.	false
effect_bundles_localised_description_idrinth_dilemma_wood_elves_FIRST	Idrinth e a patrulheira se encontraram e entraram em conflito sobre o que ele fez à aldeia dela.	false
effect_bundles_localised_description_idrinth_dilemma_wood_elves_SECOND	Você escondeu Idrinth da patrulheira até ela partir. Embora ele esteja grato, isso escureceu seu humor.	false
effect_bundles_localised_description_idrinth_dilemma_wood_elves_THIRD	Você confrontou Idrinth sobre a patrulheira, fazendo-o pensar sobre seu passado e presente.	false
effect_bundles_localised_description_idrinth_dilemma_dwarves_FIRST	Você perguntou aos anões sobre o elfo, levando-o a suspeitar mais de Idrinth. Ele por sua vez está menos confortável perto de você, que tentou investigar seu passado.	false
effect_bundles_localised_description_idrinth_dilemma_dwarves_SECOND	Você trocou informações sobre as Guerras Vampíricas, tendo informações de primeira mão compartilhadas com você.	false
effect_bundles_localised_description_idrinth_dilemma_dwarves_THIRD	Você apresentou Idrinth aos anões. Não foi bem como você pretendia, com eles tentando atacar o monstro em que ele se tornou.	false
effect_bundles_localised_title_idrinth_dilemma_empire_FIRST	Discutiu guerras passadas	false
effect_bundles_localised_title_idrinth_dilemma_empire_SECOND	Discutiu Magia	false
effect_bundles_localised_title_idrinth_dilemma_empire_THIRD	Perguntou a ela sobre Idrinth	false
effect_bundles_localised_title_idrinth_dilemma_high_elves_FIRST	Mensageiro expulso	false
effect_bundles_localised_title_idrinth_dilemma_high_elves_SECOND	Idrinth confrontado	false
effect_bundles_localised_title_idrinth_dilemma_high_elves_THIRD	Mensageiro encontrado	false
effect_bundles_localised_title_idrinth_dilemma_kislev_FIRST	Entregou o Intruso a Idrinth	false
effect_bundles_localised_title_idrinth_dilemma_kislev_SECOND	Matou o Intruso	false
effect_bundles_localised_title_idrinth_dilemma_kislev_THIRD	Deixou o Intruso se juntar	false
effect_bundles_localised_title_idrinth_dilemma_vampire_counts_FIRST	Acusou Idrinth	false
effect_bundles_localised_title_idrinth_dilemma_vampire_counts_SECOND	Perguntou sobre o pergaminho	false
effect_bundles_localised_title_idrinth_dilemma_vampire_counts_THIRD	Caçou assassino em outro lugar	false
effect_bundles_localised_title_idrinth_dilemma_wood_elves_FIRST	Patrulheira encontrada	false
effect_bundles_localised_title_idrinth_dilemma_wood_elves_SECOND	Idrinth escondido	false
effect_bundles_localised_title_idrinth_dilemma_wood_elves_THIRD	Idrinth confrontado	false
effect_bundles_localised_title_idrinth_dilemma_dwarves_FIRST	Perguntou aos anões sobre o elfo	false
effect_bundles_localised_title_idrinth_dilemma_dwarves_SECOND	Abordou Idrinth sobre as Guerras Vampíricas	false
effect_bundles_localised_title_idrinth_dilemma_dwarves_THIRD	Apresentou Idrinth aos Anões	false
effect_bundles_localised_title_idrinth_dilemma_god_favour_asuryan_large	Grande Proteção de Asuryan	false
effect_bundles_localised_title_idrinth_dilemma_god_favour_kurnous_large	Orientação Divina de Kurnous	false
effect_bundles_localised_title_idrinth_dilemma_god_favour_khaine_large	Maré de Sangue de Khaine	false
effect_bundles_localised_title_idrinth_dilemma_god_favour_asuryan_medium	Proteção de Asuryan	false
effect_bundles_localised_title_idrinth_dilemma_god_favour_kurnous_medium	Orientação de Kurnous	false
effect_bundles_localised_title_idrinth_dilemma_god_favour_khaine_medium	Oferenda de Sangue de Khaine	false
effect_bundles_localised_title_idrinth_dilemma_god_favour_asuryan_small	Proteção Menor de Asuryan	false
effect_bundles_localised_title_idrinth_dilemma_god_favour_kurnous_small	Orientação Sutil de Kurnous	false
effect_bundles_localised_title_idrinth_dilemma_god_favour_khaine_small	Gota de Sangue de Khaine	false
effect_bundles_localised_description_idrinth_dilemma_god_favour_asuryan_large	Seus guerreiros não só se destacam em esquivar golpes e quase não serem atingidos por ataques, suas feridas também curam significativamente mais rápido do que o normal.	false
effect_bundles_localised_description_idrinth_dilemma_god_favour_kurnous_large	Como caçadores naturais, seus guerreiros se movem rápido e despercebidos enquanto caçam comida e inimigos.	false
effect_bundles_localised_description_idrinth_dilemma_god_favour_khaine_large	Suas tropas e novos voluntários experimentam a excitação da batalha, tornando-os mais perigosos para seus inimigos.	false
effect_bundles_localised_description_idrinth_dilemma_god_favour_asuryan_medium	Seus guerreiros repentinamente se destacam em esquivar golpes e quase não serem atingidos por ataques.	false
effect_bundles_localised_description_idrinth_dilemma_god_favour_kurnous_medium	Seus guerreiros são naturalmente furtivos enquanto caçam comida e inimigos.	false
effect_bundles_localised_description_idrinth_dilemma_god_favour_khaine_medium	Seus guerreiros sentem uma fome de combate, tornando tanto veteranos quanto novos recrutas mais perigosos para seus inimigos.	false
effect_bundles_localised_description_idrinth_dilemma_god_favour_asuryan_small	Seus guerreiros experimentam alguma sorte esquivando golpes e magia, mesmo que não seja suficiente para confiar.	false
effect_bundles_localised_description_idrinth_dilemma_god_favour_kurnous_small	Uma pequena quantidade de orientação e sorte durante caçadas beneficia suas tropas.	false
effect_bundles_localised_description_idrinth_dilemma_god_favour_khaine_small	Uma gota menor de sangue do punho de Khaine leva a mais voluntários para se juntarem às suas tropas.	false
effect_bundles_localised_description_idrinth_dilemma_god_favour_asuryan_large_cost		false
effect_bundles_localised_description_idrinth_dilemma_god_favour_kurnous_large_cost		false
effect_bundles_localised_description_idrinth_dilemma_god_favour_khaine_large_cost		false
effect_bundles_localised_description_idrinth_dilemma_god_favour_asuryan_medium_cost		false
effect_bundles_localised_description_idrinth_dilemma_god_favour_kurnous_medium_cost		false
effect_bundles_localised_description_idrinth_dilemma_god_favour_khaine_medium_cost		false
effect_bundles_localised_description_idrinth_dilemma_god_favour_asuryan_small_cost		false
effect_bundles_localised_description_idrinth_dilemma_god_favour_kurnous_small_cost		false
effect_bundles_localised_description_idrinth_dilemma_god_favour_khaine_small_cost		false
effect_bundles_localised_title_idrinth_dilemma_god_favour_asuryan_large_cost	Custo: Grande Proteção de Asuryan	false
effect_bundles_localised_title_idrinth_dilemma_god_favour_kurnous_large_cost	Custo: Orientação Divina de Kurnous	false
effect_bundles_localised_title_idrinth_dilemma_god_favour_khaine_large_cost	Custo: Maré de Sangue de Khaine	false
effect_bundles_localised_title_idrinth_dilemma_god_favour_asuryan_medium_cost	Custo: Proteção de Asuryan	false
effect_bundles_localised_title_idrinth_dilemma_god_favour_kurnous_medium_cost	Custo: Orientação de Kurnous	false
effect_bundles_localised_title_idrinth_dilemma_god_favour_khaine_medium_cost	Custo: Oferenda de Sangue de Khaine	false
effect_bundles_localised_title_idrinth_dilemma_god_favour_asuryan_small_cost	Custo: Proteção Menor de Asuryan	false
effect_bundles_localised_title_idrinth_dilemma_god_favour_kurnous_small_cost	Custo: Orientação Sutil de Kurnous	false
effect_bundles_localised_title_idrinth_dilemma_god_favour_khaine_small_cost	Custo: Gota de Sangue de Khaine	false
effect_bundles_localised_description_idrinth_vampiric_priests	Idrinth transformou seus sacerdotes em vampiros. Que seu sacrifício nos salve.	false
effect_bundles_localised_title_idrinth_vampiric_priests	Sacerdotes Vampíricos	false
effect_bundles_localised_title_idrinth_successful_action_army	Agente Motivado	false
effect_bundles_localised_title_idrinth_successful_action_army_critical	Agente Motivado	false
effect_bundles_localised_title_idrinth_successful_action_character	Agente Motivado	false
effect_bundles_localised_title_idrinth_successful_action_character_critical	Agente Motivado	false
effect_bundles_localised_title_idrinth_hev_high_elf_vampires_bundle_stance_army_ambush	Postura: Emboscada Magistral	false
effect_bundles_localised_title_idrinth_hev_high_elf_vampires_bundle_stance_army_channelling	Postura: Canalização	false
effect_bundles_localised_title_idrinth_hev_vampires_bundle_stance_army_default	Postura: Nenhuma	false
effect_bundles_localised_title_idrinth_hev_high_elf_vampires_bundle_stance_army_raiding	Postura: Pilhagem	false
effect_bundles_localised_title_idrinth_hev_vampires_bundle_stance_army_forced_march	Postura: Marcha	false
effect_bundles_localised_title_idrinth_hev_high_elf_vampires_bundle_stance_army_settlement	Postura: Acampar	false
effect_bundles_localised_title_idrinth_hev_high_elf_vampires_bundle_stance_army_tunnelling	Postura: Usar Raízes do Mundo	false
effect_bundles_localised_title_idrinth_hev_high_elf_vampires_bundle_stance_navy_blockading	Postura: Saquear os Mares	false
effect_bundles_localised_title_idrinth_hev_vampires_bundle_stance_army_garrisoned	Situação: Guarnecido	false
effect_bundles_localised_title_idrinth_hev_high_elf_vampires_bundle_stance_siege	Situação: Sitiando	false
effect_bundles_localised_title_idrinth_hev_high_elf_vampires_bundle_stance_patrol	Postura: Patrulha	false
effect_bundles_localised_title_idrinth_asuryan_god_favour_cave_bats	Bênção de Asuryan	false
effect_bundles_localised_description_idrinth_asuryan_god_favour_cave_bats	Asuryan abençoa os morcegos de caverna para sobreviverem mais.	false
effect_bundles_localised_title_idrinth_kurnous_god_favour_cave_bats	Bênção de Kurnous	false
effect_bundles_localised_description_idrinth_kurnous_god_favour_cave_bats	Kurnous abençoa os morcegos de caverna para caçarem melhor.	false
effect_bundles_localised_title_idrinth_khaine_god_favour_cave_bats	Bênção de Khaine	false
effect_bundles_localised_description_idrinth_khaine_god_favour_cave_bats	Khaine abençoa os morcegos de caverna para massacrarem seus inimigos.	false
effect_bundles_localised_title_idrinth_asuryan_god_favour_wolves	Bênção de Asuryan	false
effect_bundles_localised_description_idrinth_asuryan_god_favour_wolves	Asuryan abençoa os lobos para sobreviverem mais.	false
effect_bundles_localised_title_idrinth_kurnous_god_favour_wolves	Bênção de Kurnous	false
effect_bundles_localised_description_idrinth_kurnous_god_favour_wolves	Kurnous abençoa os lobos para caçarem melhor.	false
effect_bundles_localised_title_idrinth_khaine_god_favour_wolves	Bênção de Khaine	false
effect_bundles_localised_description_idrinth_khaine_god_favour_wolves	Khaine abençoa os lobos para massacrarem seus inimigos.	false
effect_bundles_localised_title_idrinth_asuryan_god_favour_hawks	Bênção de Asuryan	false
effect_bundles_localised_description_idrinth_asuryan_god_favour_hawks	Asuryan abençoa os falcões para sobreviverem mais.	false
effect_bundles_localised_title_idrinth_kurnous_god_favour_hawks	Bênção de Kurnous	false
effect_bundles_localised_description_idrinth_kurnous_god_favour_hawks	Kurnous abençoa os falcões para caçarem melhor.	false
effect_bundles_localised_title_idrinth_khaine_god_favour_hawks	Bênção de Khaine	false
effect_bundles_localised_description_idrinth_khaine_god_favour_hawks	Khaine abençoa os falcões para massacrarem seus inimigos.	false
effect_bundles_localised_title_idrinth_asuryan_god_favour_great_eagles	Bênção de Asuryan	false
effect_bundles_localised_description_idrinth_asuryan_god_favour_great_eagles	Asuryan abençoa a grande águia para sobreviver mais.	false
effect_bundles_localised_title_idrinth_kurnous_god_favour_great_eagles	Bênção de Kurnous	false
effect_bundles_localised_description_idrinth_kurnous_god_favour_great_eagles	Kurnous abençoa a grande águia para caçar melhor.	false
effect_bundles_localised_title_idrinth_khaine_god_favour_great_eagles	Bênção de Khaine	false
effect_bundles_localised_description_idrinth_khaine_god_favour_great_eagles	Khaine abençoa a grande águia para massacrar seus inimigos.	false
effect_bundles_localised_title_idrinth_hev_high_elf_vampires_anti_chaos	Bênção Thaluiana	false
effect_bundles_localised_description_idrinth_hev_high_elf_vampires_anti_chaos	Seus deuses fortalecem as forças da Capela Thaluiana contra todos os seguidores dos poderes ruinosos.	false
effect_bundles_localised_title_idrinth_chapel_slots_present	Espaço da Capela Thaluiana	false
effect_bundles_localised_description_idrinth_chapel_slots_present	Este assentamento contém uma área que foi santificada por Asuryan, Khaine e Kurnous e poderia abrigar um Complexo de Capela Thaluiana.	false
effect_bundles_localised_title_idrinth_veteran_0	Inexperienced Recruits [[img:veteran_experience_0]]	false
effect_bundles_localised_description_idrinth_veteran_0	Inexperienced Recruits [[img:veteran_experience_0]]	false
effect_bundles_localised_title_idrinth_veteran_1	Mixed Guard Recruits [[img:veteran_experience_1]]	false
effect_bundles_localised_description_idrinth_veteran_1	Mixed Guard Recruits [[img:veteran_experience_1]]	false
effect_bundles_localised_title_idrinth_veteran_2	Mixed Guard Recruits [[img:veteran_experience_2]]	false
effect_bundles_localised_description_idrinth_veteran_2	Mixed Guard Recruits [[img:veteran_experience_2]]	false
effect_bundles_localised_title_idrinth_veteran_3	Mixed Guard Recruits [[img:veteran_experience_3]]	false
effect_bundles_localised_description_idrinth_veteran_3	Mixed Guard Recruits [[img:veteran_experience_3]]	false
effect_bundles_localised_title_idrinth_veteran_4	Mixed Guard Soldiers [[img:veteran_experience_4]]	false
effect_bundles_localised_description_idrinth_veteran_4	Mixed Guard Soldiers [[img:veteran_experience_4]]	false
effect_bundles_localised_title_idrinth_veteran_5	Mixed Guard Soldiers [[img:veteran_experience_5]]	false
effect_bundles_localised_description_idrinth_veteran_5	Mixed Guard Soldiers [[img:veteran_experience_5]]	false
effect_bundles_localised_title_idrinth_veteran_6	Mixed Guard Soldiers [[img:veteran_experience_6]]	false
effect_bundles_localised_description_idrinth_veteran_6	Mixed Guard Soldiers [[img:veteran_experience_6]]	false
effect_bundles_localised_title_idrinth_veteran_7	Mixed Guard Veteran [[img:veteran_experience_7]]	false
effect_bundles_localised_description_idrinth_veteran_7	Mixed Guard Veteran [[img:veteran_experience_7]]	false
effect_bundles_localised_title_idrinth_veteran_8	Mixed Guard Veteran [[img:veteran_experience_8]]	false
effect_bundles_localised_description_idrinth_veteran_8	Mixed Guard Veteran [[img:veteran_experience_8]]	false
effect_bundles_localised_title_idrinth_veteran_9	Mixed Guard Veteran [[img:veteran_experience_9]]	false
effect_bundles_localised_description_idrinth_veteran_9	Mixed Guard Veteran [[img:veteran_experience_9]]	false
effects_description_idrinth_effect_agent_action_assist_army_training	Ação [[col:yellow]]{{tr:agent_action_name_training}}[[/col]]: O ganho de experiência da unidade é aumentado em %+n% adicional	false
effects_description_idrinth_effect_agent_action_enable_hinder_army_assault_units	Ação [[col:yellow]]{{tr:agent_action_name_assault_units}}[[/col]]: %+n% adicional de baixas infligidas	false
effects_description_idrinth_effect_agent_action_enable_hinder_agent_assassinate	Ação [[col:yellow]]{{tr:agent_action_name_assassinate}}[[/col]]: %+n% adicional de chance de sucesso	false
effects_description_idrinth_effect_agent_action_enable_passive_spread_corruption_vmp	Ação [[col:yellow]]{{tr:agent_action_name_spread_corruption}}[[/col]]: A corrupção vampírica é aumentada em %+n adicional	false
effects_description_idrinth_pooled_resource_khaine	Gera %+n Favor de Khaine.	false
effects_description_idrinth_pooled_resource_kurnous	Gera %+n Favor de Kurnous.	false
effects_description_idrinth_pooled_resource_asuryan	Gera %+n Favor de Asuryan.	false
effects_description_idrinth_effect_upkeep_idrinth	Manutenção aumentada em %+n% para Idrinth.	false
effects_description_idrinth_initiative_khaine	Seguir o caminho de Khaine, o guerreiro, permite que você massacre seus inimigos.	false
effects_description_idrinth_initiative_kurnous	Seguir o caminho de Kurnous, o caçador, torna você um caçador melhor.	false
effects_description_idrinth_initiative_asuryan	Seguir o caminho de Asuryan, o protetor, protege você.	false
effects_description_idrinth_chapel_khaine_charge	Khaine fortalece sua determinação e torna Idrinth e as guarnições da capela %+n% tropas de choque.	false
effects_description_idrinth_chapel_kurnous_range	Kurnous fortalece seu arco e permite que Idrinth e as guarnições da capela disparem %+n% mais longe.	false
effects_description_idrinth_chapel_asuryan_ward_save	Asuryan fortalece sua mente, protegendo Idrinth e as guarnições da capela de %+n dano com uma barreira.	false
effects_description_idrinth_loremaster_lore_of_vampires	Reduz custo, recarga e chance de erro em %+n% para feitiços do saber dos vampiros.	false
effects_description_idrinth_loremaster_lore_of_vampires_2	Aumenta o alcance em %+n% para feitiços do saber dos vampiros.	false
effects_description_idrinth_loremaster_lore_of_shadows	Reduz custo, recarga e chance de erro em %+n% para feitiços do saber das sombras.	false
effects_description_idrinth_loremaster_lore_of_shadows_2	Aumenta o alcance em %+n% para feitiços do saber das sombras.	false
effects_description_idrinth_loremaster_lore_of_death	Reduz custo, recarga e chance de erro em %+n% para feitiços do saber da morte.	false
effects_description_idrinth_loremaster_lore_of_death_2	Aumenta o alcance em %+n% para feitiços do saber da morte.	false
effects_description_idrinth_priests_wh_main_effect_force_stat_weapon_strength	Força de arma %+n% para sacerdotes.	false
effects_description_idrinth_priests_wh_main_effect_force_stat_vigour_loss_reduction	Perda de vigor %+n% para sacerdotes.	false
effects_description_idrinth_priests_wh_main_effect_force_stat_speed	Velocidade %+n% para sacerdotes.	false
effects_description_idrinth_priests_wh_main_effect_force_stat_range	Alcance %+n% para sacerdotes.	false
effects_description_idrinth_priests_wh_main_effect_force_stat_melee_defence	Defesa Corpo a Corpo %+n para sacerdotes.	false
effects_description_idrinth_priests_wh_main_effect_force_stat_melee_attack_pct	Ataque Corpo a Corpo %+n para sacerdotes.	false
effects_description_idrinth_priests_wh_main_effect_force_stat_fire_resistance	Vulnerabilidade ao fogo %+n% para sacerdotes.	false
effects_description_idrinth_priests_wh_main_effect_force_stat_charge_bonus_pct	Bônus de Carga %+n% para sacerdotes.	false
effects_description_idrinth_priests_wh_main_effect_force_all_campaign_replenishment_rate	Reposição %+n% para sacerdotes.	false
effects_description_idrinth_priests_wh_main_effect_character_stat_physical_resistance	Resistência Física %+n% para sacerdotes.	false
effects_description_idrinth_priests_wh_main_effect_character_stat_missile_resistance	Resistência a Mísseis %+n% para sacerdotes.	false
effects_description_idrinth_priests_wh_main_effect_character_stat_missile_damage	Dano de Míssil %+n% para sacerdotes.	false
effects_description_idrinth_priests_wh_main_effect_attribute_enable_causes_fear	Sacerdotes causam medo.	false
effects_description_idrinth_priests_wh_main_effect_ability_enable_the_hunger	Sacerdotes têm uma fome vampírica.	false
effects_description_idrinth_priests_wh_main_effect_ability_enable_invocation_of_nehek	Sacerdotes conhecem a Invocação de Nehek.	false
effects_description_idrinth_priests_wh2_dlc16_effect_unit_enable_attribute_undead	Sacerdotes são mortos-vivos.	false
effects_description_idrinth_successful_action_motivation	Chance de sucesso, Custo e Chance Crítica são aumentados em %+n%.	false
effects_description_idrinth_ranger_knowledge_primary	Elfos das Capelas Thaluianas podem atirar %+n% mais longe.	false
effects_description_idrinth_blade_dancing_primary	Elfos das Capelas Thaluianas dançam para longe das lâminas inimigas, aumentando sua Defesa Corpo a Corpo em %+n.	false
effects_description_idrinth_unusual_training_primary	Elfos das Capelas Thaluianas aumentam sua Liderança em %+n.	false
effects_description_idrinth_running_wild_primary	Elfos das Capelas Thaluianas aumentam sua Velocidade de Movimento em %+n%.	false
effects_description_idrinth_veterans_primary	Elfos Veteranos das Capelas Thaluianas acertam %+n% mais forte em combate corpo a corpo.	false
effects_description_idrinth_strong_as_stone_primary	Unidades animadas das Capelas Thaluianas resistem a %+n% mais dano.	false
effects_description_idrinth_beasts_of_nature_primary	Bestas das Capelas Thaluianas são mais ferozes, aumentando seu Ataque Corpo a Corpo em %+n.	false
effects_description_idrinth_ranger_knowledge_secondary	Elfos das Capelas Thaluianas aumentam sua velocidade de recarga em %+n%.	false
effects_description_idrinth_blade_dancing_secondary	Elfos das Capelas Thaluianas dançam para longe das lâminas inimigas, aumentando seu Ataque Corpo a Corpo em %+n.	false
effects_description_idrinth_unusual_training_secondary	Elfos das Capelas Thaluianas aprenderam a usar sua armadura mais efetivamente, aumentando sua classificação de armadura em %+n.	false
effects_description_idrinth_running_wild_secondary	Elfos das Capelas Thaluianas correm selvagemente, aumentando sua carga em %+n.	false
effects_description_idrinth_veterans_secondary	Elfos Veteranos das Capelas Thaluianas cansam %+n% mais lentamente.	false
effects_description_idrinth_strong_as_stone_secondary	Construtos das Capelas Thaluianas aumentam sua carga em %+n.	false
effects_description_idrinth_beasts_of_nature_secondary	Bestas das Capelas Thaluianas são mais motivadas, aumentando sua Velocidade de Movimento em %+n%.	false
effects_description_idrinth_veterans_tertiary	Elfos Veteranos das Capelas Thaluianas enfrentaram medo e perigo antes, aumentando sua Liderança em %+n.	false
effects_description_idrinth_unit_capacity_chapel_mixed_elven_guard	%+n limite de unidade para Guarda Élfica Mista.	false
effects_description_idrinth_unit_capacity_chapel_asuryan_guard	%+n limite de unidade para Guarda de Asuryan.	false
effects_description_idrinth_unit_capacity_chapel_khaine_guard	%+n limite de unidade para Guarda de Khaine.	false
effects_description_idrinth_unit_capacity_chapel_kurnous_guard	%+n limite de unidade para Guarda de Kurnous.	false
effects_description_idrinth_unit_capacity_chapel_asuryan_priest	%+n limite de unidade para Sacerdotes de Asuryan.	false
effects_description_idrinth_unit_capacity_chapel_khaine_priest	%+n limite de unidade para Sacerdotes de Khaine.	false
effects_description_idrinth_unit_capacity_chapel_kurnous_priest	%+n limite de unidade para Sacerdotes de Kurnous.	false
effects_description_idrinth_unit_capacity_chapel_asuryan_vampire_priest	%+n limite de unidade para Sacerdotes Vampiros de Asuryan.	false
effects_description_idrinth_unit_capacity_chapel_khaine_vampire_priest	%+n limite de unidade para Sacerdotes Vampiros de Khaine.	false
effects_description_idrinth_unit_capacity_chapel_kurnous_vampire_priest	%+n limite de unidade para Sacerdotes Vampiros de Kurnous.	false
effects_description_idrinth_unit_capacity_chapel_asuryan_varghulf	%+n limite de unidade para Varghulf de Asuryan.	false
effects_description_idrinth_unit_capacity_chapel_khaine_varghulf	%+n limite de unidade para Varghulfs de Khaine.	false
effects_description_idrinth_unit_capacity_chapel_kurnous_varghulf	%+n limite de unidade para Varghulfs de Kurnous.	false
effects_description_idrinth_unit_capacity_chapel_shrine	%+n limite de unidade para Santuários de Asuryan, Kurnous e Khaine.	false
effects_description_idrinth_unit_capacity_chapel_stone_wolves	%+n limite de unidade para Lobos de Pedra.	false
effects_description_idrinth_unit_capacity_chapel_outriders	%+n limite de unidade para Batedores.	false
effects_description_idrinth_chapel_units_upkeep	%+n% menos manutenção para todas as unidades élficas das Capelas Thaluianas.	false
effects_description_idrinth_chapel_units_recruitment_rank	%+n patente de recrutamento para todas as unidades élficas das Capelas Thaluianas.	false
effects_description_idrinth_initiative_khaine_pray	Sua oração a Khaine melhorou o potencial ofensivo de suas tropas.	false
effects_description_idrinth_initiative_kurnous_pray	Sua oração a Kurnous melhorou o potencial de caça de suas tropas.	false
effects_description_idrinth_initiative_asuryan_pray	Sua oração a Asuryan melhorou o potencial de sobrevivência de suas tropas.	false
effects_description_idrinth_hev_high_elf_vampires_anti_chaos_enable	Aumenta suas capacidades em batalhas contra os poderes ruinosos.	false
effects_description_idrinth_chapel_beasts_upkeep	Diminui a manutenção para bestas da Capela Thaluiana em %+n%.	false
effects_description_idrinth_enable_thalui_name	Este personagem jurou vingança eterna sobre os poderes ruinosos e adotou o nome Thalui por causa disso.	false
effects_description_idrinth_enable_knight_scholar_name	Este personagem é tanto um estudioso quanto um cavaleiro e é reconhecido como tal em diferentes facções.	false
effects_description_idrinth_chapel_recruitment_speedup	A duração de recrutamento para unidades da capela é reduzida em %+n rodadas.	false
effects_description_idrinth_hev_high_elf_vampires_disable_enemy_lightning_strike	Impede que inimigos usem golpe relâmpago contra esta força.	false
effects_additional_tooltip_details_localised_description_idrinth_hev_high_elf_vampires_idrinth_assist_army_training	[[col:yellow]]{{tr:agent_action_name_training}}[[/col]] (Auxiliar Exército)\\nAumenta o ganho de experiência para unidades servindo no exército principal.	false
effects_additional_tooltip_details_localised_description_idrinth_hev_high_elf_vampires_idrinth_hinder_agent_assassinate	[[col:yellow]]{{tr:agent_action_name_assassinate}}[[/col]] (Alvo: Herói)\\nMata o [[img:icon_hero]][[/img]]Herói alvo.	false
effects_additional_tooltip_details_localised_description_idrinth_hev_high_elf_vampires_idrinth_hinder_army_assault_units	[[col:yellow]]{{tr:agent_action_name_assault_units}}[[/col]] (Alvo: Exército)\\nInflige dano a todas as unidades no exército alvo.	false
effects_additional_tooltip_details_localised_description_idrinth_hev_high_elf_vampires_idrinth_spread_corruption_vmp	[[col:yellow]]{{tr:agent_action_name_spread_corruption}}[[/col]] (Efeito Local Constante)\\nAumenta a quantidade de [[img:icon_corruption_vmp]][[/img]]corrupção Vampírica na província local.	false
factions_attack_desc_idrinth_hev_high_elf_vampires	Você está atacando as Capelas Thaluianas!	false
factions_defend_desc_idrinth_hev_high_elf_vampires	Você está se defendendo contra as Capelas Thaluianas!	false
factions_screen_adjective_idrinth_hev_high_elf_vampires	thaluiano	false
factions_screen_name_idrinth_hev_high_elf_vampires	As Capelas Thaluianas	false
factions_screen_name_when_rebels_idrinth_hev_high_elf_vampires	Rogue Thaluian Chapels	false
initiative_sets_localised_name_idrinth_godly_favour	Dedicação	false
initiative_sets_localised_name_idrinth_godly_blessings	Bênçãos	false
initiative_sets_localised_description_idrinth_godly_favour		false
initiative_sets_localised_description_idrinth_godly_blessings		false
initiatives_localised_name_idrinth_khaine_pledge	Dedicar-se a Khaine	false
initiatives_localised_name_idrinth_kurnous_pledge	Dedicar-se a Kurnous	false
initiatives_localised_name_idrinth_asuryan_pledge	Dedicar-se a Asuryan	false
initiatives_localised_name_idrinth_khaine_prayer	Orar a Khaine	false
initiatives_localised_name_idrinth_kurnous_prayer	Orar a Kurnous	false
initiatives_localised_name_idrinth_asuryan_prayer	Orar a Asuryan	false
idrinth_khaine_pledge		false
idrinth_kurnous_pledge		false
idrinth_asuryan_pledge		false
idrinth_khaine_prayer		false
idrinth_kurnous_prayer		false
idrinth_asuryan_prayer		false
land_units_concealed_name_idrinth_hev_high_elf_vampires_idrinthchampion	Vampiro Alto Elfo	false
land_units_onscreen_name_idrinth_hev_high_elf_vampires_idrinthchampion	Idrinth Thalui	false
land_units_onscreen_name_idrinth_hev_high_elf_vampires_chapel_asuryan	Guarda de Asuryan	false
land_units_onscreen_name_idrinth_hev_high_elf_vampires_chapel_kurnous	Guarda de Kurnous	false
land_units_onscreen_name_idrinth_hev_high_elf_vampires_chapel_khaine	Guarda de Khaine	false
land_units_onscreen_name_idrinth_hev_high_elf_vampires_chapel_mixed	Guarda Élfica Mista	false
land_units_concealed_name_idrinth_hev_high_elf_vampires_chapel_asuryan	Elfos	false
land_units_concealed_name_idrinth_hev_high_elf_vampires_chapel_kurnous	Elfos	false
land_units_concealed_name_idrinth_hev_high_elf_vampires_chapel_khaine	Elfos	false
land_units_concealed_name_idrinth_hev_high_elf_vampires_chapel_mixed	Elfos	false
land_units_onscreen_name_idrinth_hev_high_elf_vampires_chapel_kurnous_leader	Sacerdote de Kurnous	false
land_units_onscreen_name_idrinth_hev_high_elf_vampires_chapel_khaine_leader	Sacerdote de Khaine	false
land_units_onscreen_name_idrinth_hev_high_elf_vampires_chapel_asuryan_leader	Sacerdote de Asuryan	false
land_units_concealed_name_idrinth_hev_high_elf_vampires_chapel_asuryan_leader	Elfo	false
land_units_concealed_name_idrinth_hev_high_elf_vampires_chapel_kurnous_leader	Elfo	false
land_units_concealed_name_idrinth_hev_high_elf_vampires_chapel_khaine_leader	Elfo	false
land_units_onscreen_name_idrinth_hev_high_elf_vampires_chapel_shrine	Santuário de Asuryan, Kurnous e Khaine	false
land_units_onscreen_name_idrinth_hev_high_elf_vampires_chapel_wolves	Lobos Abençoados	false
land_units_onscreen_name_idrinth_hev_high_elf_vampires_chapel_cave_bats	Morcegos Abençoados	false
land_units_onscreen_name_idrinth_hev_high_elf_vampires_chapel_hawks	Falcões Abençoados	false
land_units_onscreen_name_idrinth_hev_high_elf_vampires_chapel_great_eagle	Grande Águia Abençoada	false
land_units_concealed_name_idrinth_hev_high_elf_vampires_chapel_shrine	Santuário	false
land_units_concealed_name_idrinth_hev_high_elf_vampires_chapel_wolves	Lobos	false
land_units_concealed_name_idrinth_hev_high_elf_vampires_chapel_cave_bats	Morcegos	false
land_units_concealed_name_idrinth_hev_high_elf_vampires_chapel_hawks	Falcões	false
land_units_concealed_name_idrinth_hev_high_elf_vampires_chapel_great_eagle	Grande Águia	false
land_units_onscreen_name_idrinth_hev_high_elf_vampires_chapel_stone_wolves	Lobos de Pedra	false
land_units_concealed_name_idrinth_hev_high_elf_vampires_chapel_stone_wolves	Lobos Gigantes	false
land_units_onscreen_name_idrinth_hev_high_elf_vampires_chapel_outriders	Batedores da Capela	false
land_units_concealed_name_idrinth_hev_high_elf_vampires_chapel_outriders	Cavaleiros	false
land_units_onscreen_name_idrinth_hev_high_elf_vampires_chapel_kurnous_leader_vampire	Sacerdote Vampiro de Kurnous	false
land_units_onscreen_name_idrinth_hev_high_elf_vampires_chapel_khaine_leader_vampire	Sacerdote Vampiro de Khaine	false
land_units_onscreen_name_idrinth_hev_high_elf_vampires_chapel_asuryan_leader_vampire	Sacerdote Vampiro de Asuryan	false
land_units_concealed_name_idrinth_hev_high_elf_vampires_chapel_asuryan_leader_vampire	Elfo	false
land_units_concealed_name_idrinth_hev_high_elf_vampires_chapel_kurnous_leader_vampire	Elfo	false
land_units_concealed_name_idrinth_hev_high_elf_vampires_chapel_khaine_leader_vampire	Elfo	false
land_units_onscreen_name_idrinth_hev_high_elf_vampires_chapel_khaine_varghulf	Perdido de Khaine	false
land_units_onscreen_name_idrinth_hev_high_elf_vampires_chapel_kurnous_varghulf	Perdido de Kurnous	false
land_units_onscreen_name_idrinth_hev_high_elf_vampires_chapel_asuryan_varghulf	Perdido de Asuryan	false
land_units_concealed_name_idrinth_hev_high_elf_vampires_chapel_khaine_varghulf	Varghulf	false
land_units_concealed_name_idrinth_hev_high_elf_vampires_chapel_kurnous_varghulf	Varghulf	false
land_units_concealed_name_idrinth_hev_high_elf_vampires_chapel_asuryan_varghulf	Varghulf	false
land_units_concealed_name_idrinth_hev_high_elf_vampires_idrinthgeneral	Vampiro Alto Elfo	false
land_units_onscreen_name_idrinth_hev_high_elf_vampires_idrinthgeneral	Idrinth Thalui	false
land_units_onscreen_name_idrinth_hev_high_elf_vampires_chapel_asuryan_large	Guarda de Asuryan	false
land_units_onscreen_name_idrinth_hev_high_elf_vampires_chapel_kurnous_large	Guarda de Kurnous	false
land_units_onscreen_name_idrinth_hev_high_elf_vampires_chapel_khaine_large	Guarda de Khaine	false
land_units_concealed_name_idrinth_hev_high_elf_vampires_chapel_asuryan_large	Elfos	false
land_units_concealed_name_idrinth_hev_high_elf_vampires_chapel_kurnous_large	Elfos	false
land_units_concealed_name_idrinth_hev_high_elf_vampires_chapel_khaine_large	Elfos	false
land_units_onscreen_name_idrinth_hev_high_elf_vampires_chapel_outriders_large	Batedores da Capela	false
land_units_concealed_name_idrinth_hev_high_elf_vampires_chapel_outriders_large	Cavaleiros	false
mct_idrinth_title	Idrinth Thalui - O Mestre do Saber Vampiro Alto Elfo	false
mct_idrinth_author	Björn 'Idrinth' Büttner	false
mct_idrinth_description	A História de um Mestre do Saber Caído\\n\\nUm dia um respeitado Mestre do Saber Alto Elfo, Idrinth Thalui encontrou seu fim mortal durante as sangrentas Guerras Vampíricas, apenas para ressurgir como uma das criaturas contra as quais lutava. Agora este Cavaleiro-Erudito caminha por um caminho precário entre sua herança élfica e maldição vampírica, buscando propósito em um mundo dilacerado pelo Caos.\\n\\nVocê o guiará para a redenção ou abraçará a escuridão interior? Seu destino está em suas mãos.	false
mct_idrinth_expanded_spawn_text	Culturas de Aparição Expandidas	false
mct_idrinth_expanded_spawn_tooltip	Permite que Idrinth apareça para Bretônia, Cathay, as Legiões de Nagash, Elfos Negros e Costa Vampírica também.	false
mct_idrinth_level_adjustment_text	Requisito de Nível	false
mct_idrinth_level_adjustment_options_null_text	Início do Jogo	false
mct_idrinth_level_adjustment_options_one_text	Final do Início do Jogo	false
mct_idrinth_level_adjustment_options_three_text	Início do Meio do Jogo	false
mct_idrinth_level_adjustment_options_six_text	Meio do Jogo	false
mct_idrinth_level_adjustment_tooltip	Modifica o requisito de nível para obter a missão de desbloqueio de Idrinth.	false
mct_idrinth_god_item_difficulty_text	Dificuldade de Itens Abençoados por Deus	false
mct_idrinth_god_item_difficulty_options_low_text	Requisitos Baixos	false
mct_idrinth_god_item_difficulty_options_normal_text	Requisitos Normais	false
mct_idrinth_god_item_difficulty_options_high_text	Requisitos Altos	false
mct_idrinth_god_item_difficulty_tooltip	Modifica os requisitos para receber os itens abençoados por deus.	false
mct_idrinth_chapel_chance_text	Chance de Aparição de Capela	false
mct_idrinth_chapel_chance_options_low_text	Chance Baixa	false
mct_idrinth_chapel_chance_options_normal_text	Chance Normal	false
mct_idrinth_chapel_chance_options_high_text	Chance Alta	false
mct_idrinth_chapel_chance_tooltip	Modifica a chance de Capelas Thaluianas serem criadas pela presença de Idrinth.	false
mct_idrinth_story_events_text	Habilitar Eventos de História	false
mct_idrinth_story_events_tooltip	Permite que Idrinth notifique o jogador quando alcançar regiões específicas importantes para ele.	false
mct_idrinth_chapels_text	Capelas Thaluianas	false
mct_idrinth_chapels_tooltip	Permite que Idrinth funde capelas que fortalecem as defesas das cidades e afetam a geração de favor divino.	false
mct_idrinth_dilemma_cooldown_text	Tempo de Recarga de Dilema	false
mct_idrinth_dilemma_cooldown_options_low_text	Baixo (1 + [1-2])	false
mct_idrinth_dilemma_cooldown_options_medium_text	Médio (2 + [1-3])	false
mct_idrinth_dilemma_cooldown_options_long_text	Longo (3 + [1-4])	false
mct_idrinth_dilemma_cooldown_tooltip	Modifica o tempo de recarga entre dilemas que requerem decisões.	false
mct_idrinth_names_text	Renomeação de Unidade	false
mct_idrinth_names_tooltip	Quando marcado, as unidades ganham um nome personalizado no recrutamento tirado de uma lista de nomes élficos.	false
mct_idrinth_logging_text	Habilitar Log Próprio	false
mct_idrinth_logging_tooltip	Quando marcado, este mod registra no diretório raiz do jogo em idrinth.*.log.	false
mct_idrinth_base_logging_text	Habilitar Uso de Log do Jogo Base	false
mct_idrinth_base_logging_tooltip	Quando marcado, este mod registra com a função de log do jogo base.	false
mct_idrinth_section_idrinth_story_features_name	Alternadores de Funcionalidades de História	false
mct_idrinth_section_idrinth_game_features_name	Alternadores de Funcionalidades de Jogo	false
mct_idrinth_section_idrinth_chances_name	Chances	false
mct_idrinth_section_idrinth_spawn_name	Opções de Aparição	false
mct_idrinth_section_idrinth_other_name	Opções Adicionais	false
mct_idrinth_section_idrinth_cooldowns_name	Opções de Tempo de Recarga	false
mct_idrinth_intervention_cooldown_text	Tempo de Recarga de Intervenção	false
mct_idrinth_intervention_cooldown_options_low_text	Baixo (80%)	false
mct_idrinth_intervention_cooldown_options_medium_text	Médio (100%)	false
mct_idrinth_intervention_cooldown_options_long_text	Longo (120%)	false
mct_idrinth_intervention_cooldown_tooltip	Modifica o tempo de recarga entre intervenções divinas.	false
mct_idrinth_animal_waaagh_text	WAAAGH Animal	false
mct_idrinth_animal_waaagh_tooltip	Quando marcado, Idrinth é seguido por um exército WAAAGH feito de animais. Desabilitar não despawna o exército.	false
mct_idrinth_vampire_chance_text	Chance de Transformação Vampírica	false
mct_idrinth_vampire_chance_options_low_text	Baixa (10% sucesso base)	false
mct_idrinth_vampire_chance_options_normal_text	Normal (15% sucesso base)	false
mct_idrinth_vampire_chance_options_high_text	Alta (20% sucesso base)	false
mct_idrinth_vampire_chance_tooltip	Altera a chance de sacerdotes sobreviverem sendo transformados em vampiros.	false
mct_idrinth_story_dilemma_base_chance_text	Chance Base de Dilema de História	false
mct_idrinth_story_dilemma_base_chance_options_low_text	Baixa	false
mct_idrinth_story_dilemma_base_chance_options_normal_text	Normal	false
mct_idrinth_story_dilemma_base_chance_options_high_text	Alta	false
mct_idrinth_story_dilemma_base_chance_tooltip	Altera a chance de dilemas de decisão de história serem acionados.	false
mct_idrinth_god_item_base_chance_text	Chance Base de Item Divino	false
mct_idrinth_god_item_base_chance_options_low_text	Baixa	false
mct_idrinth_god_item_base_chance_options_normal_text	Normal	false
mct_idrinth_god_item_base_chance_options_high_text	Alta	false
mct_idrinth_god_item_base_chance_tooltip	Altera a chance de itens divinos serem oferecidos.	false
mct_idrinth_elf_slayer_traits_text	Traços de Matador de Elfos	false
mct_idrinth_elf_slayer_traits_tooltip	Ativa os traços para matar elfos. Desativar não remove os níveis de traços existentes.	false
mct_idrinth_devotion_traits_text	Traços de Devoção	false
mct_idrinth_devotion_traits_tooltip	Ativa os traços para tempo dedicado a um deus específico. Desativar não remove os níveis de traços existentes.	false
mct_idrinth_interventions_text	Ativar Intervenção Divina	false
mct_idrinth_interventions_tooltip	Se ativado, Asuryan, Kurnous e Khaine intervirão quando seu favor estiver alto, usando parte dele para bônus de toda a facção.	false
mct_idrinth_groovy_logging_text	Ativar Uso do Log Groovy	false
mct_idrinth_groovy_logging_tooltip	Quando marcado, este mod registra com o sistema de log fornecido pelo MCT.	false
message_event_strings_title_idrinth_chapel_lost	Capela Perdida	false
message_event_strings_title_idrinth_chapel_founded	Capela Fundada	false
message_event_strings_title_idrinth_godly_intervention	Os Deuses Intervêm	false
message_event_text_idrinth_chapel_lost	A Capela foi queimada pelo novo dono do assentamento. Onde nos reuniremos agora?	false
message_event_text_idrinth_chapel_founded	O lugar para uma nova Capela foi consagrado pelos deuses. Devemos construí-la rapidamente para ganhar suas bênçãos.	false
message_event_text_idrinth_godly_intervention	Idrinth informa que seus deuses decidiram agir para apoiar sua causa. Seus exércitos serão mais poderosos com uma bênção divina por um tempo.	false
message_event_text_idrinth_godly_intervention_subtitle	Asuryan, Khaine e Kurnous agem.	false
missions_localised_description_idrinth_unlock_wh2_main_hef_high_elves	Há sussurros de que você pode chamar a atenção de uma assistência poderosa se lutar contra as forças do caos. Diz-se que um estranho está disposto a lutar ao seu lado se você puder provar sua disposição de lutar e sangrar...	false
missions_localised_title_idrinth_unlock_wh2_main_hef_high_elves	Um Estranho Contra o Caos	false
missions_localised_title_idrinth_unlock_wh_main_vmp_vampire_counts	Um Estranho Contra o Caos	false
missions_localised_title_idrinth_unlock_wh_main_emp_empire	Um Estranho Contra o Caos	false
missions_localised_title_idrinth_unlock_wh_dlc05_wef_wood_elves	Um Estranho Contra o Caos	false
missions_localised_title_idrinth_unlock_wh3_main_ksl_kislev	Um Estranho Contra o Caos	false
missions_localised_description_idrinth_unlock_wh_main_vmp_vampire_counts	Há sussurros de que você pode chamar a atenção de uma assistência poderosa se lutar contra as forças do caos. Diz-se que um estranho está disposto a lutar ao seu lado se você puder provar sua disposição de lutar e sangrar...	false
missions_localised_description_idrinth_unlock_wh_main_emp_empire	Há sussurros de que você pode chamar a atenção de uma assistência poderosa se lutar contra as forças do caos. Diz-se que um estranho está disposto a lutar ao seu lado se você puder provar sua disposição de lutar e sangrar...	false
missions_localised_description_idrinth_unlock_wh_dlc05_wef_wood_elves	Há sussurros de que você pode chamar a atenção de uma assistência poderosa se lutar contra as forças do caos. Diz-se que um estranho está disposto a lutar ao seu lado se você puder provar sua disposição de lutar e sangrar...	false
missions_localised_description_idrinth_unlock_wh3_main_ksl_kislev	Há sussurros de que você pode chamar a atenção de uma assistência poderosa se lutar contra as forças do caos. Diz-se que um estranho está disposto a lutar ao seu lado se você puder provar sua disposição de lutar e sangrar...	false
missions_localised_mission_completed_text_idrinth_unlock_wh2_main_hef_high_elves	Após aceitar sua moeda, o estranho se apresenta como um companheiro asur chamado Idrinth. Tirando seus mantos de viagem, você vê a armadura de combate de um mestre do saber, uma espada larga combinando e um arco de metal perto de olhos estoicos que sugerem brutalidades ainda por cometer.	false
missions_localised_mission_completed_text_idrinth_unlock_wh_main_vmp_vampire_counts	O estranho abaixa seu capuz, revelando feições élficas. Não sou amigo da destruição, mas nossos inimigos forçaram minha mão. Guardando suas moedas, ele declara: Retornar à família após muitos anos quando estão em perigo é certo, não importa quem seja essa família. Você não concorda?	false
missions_localised_mission_completed_text_idrinth_unlock_wh_main_emp_empire	Eu lutei e sangrei com guerreiros que acreditam em Ulric ou Sigmar. Temos os mesmos inimigos, ele declara enquanto remove seus mantos de viagem, e espero expulsá-los junto com vocês. Compartilhando meu conhecimento para o bem do mundo. Seus olhos olham friamente para humanos orando antes de retornar sua atenção ao general e sua guarda.	false
missions_localised_mission_completed_text_idrinth_unlock_wh_dlc05_wef_wood_elves	Espero lutar ao lado dos caçadores das florestas, primo, declara o asur em tom amigável enquanto guarda seu pagamento e manto de viagem. Posso não ser tão bom atirador quanto vocês, mas não vou atrasá-los. Um sorriso levemente divertido brinca em seus lábios sem sangue antes de desaparecer. Vamos ter uma caçada que será contada por séculos!	false
missions_localised_mission_completed_text_idrinth_unlock_wh3_main_ksl_kislev	O estranho se despe após receber o pagamento e revela um rosto élfico e armamento élfico sob seus mantos de viagem. Meu nome é Idrinth, tenho lutado contra nossos inimigos por mais tempo do que a maioria de vocês viveu. Eu gostaria de praticar com a força e ensiná-los. Um leve sorriso brinca em seus lábios sem sangue antes de desaparecer em um rosto sem idade.	false
missions_localised_title_idrinth_unlock_wh2_main_def_dark_elves	Um Estranho Contra o Caos	false
missions_localised_title_idrinth_unlock_mixer_nag_nagash	Um Estranho Contra o Caos	false
missions_localised_title_idrinth_unlock_wh2_dlc11_cst_vampire_coast	Um Estranho Contra o Caos	false
missions_localised_title_idrinth_unlock_wh_main_brt_bretonnia	Um Estranho Contra o Caos	false
missions_localised_title_idrinth_unlock_wh3_main_cth_cathay	Um Estranho Contra o Caos	false
missions_localised_description_idrinth_unlock_wh2_main_def_dark_elves	Há sussurros de que você pode chamar a atenção de uma assistência poderosa se lutar contra as forças do caos. Diz-se que um estranho está disposto a lutar ao seu lado se você puder provar sua disposição de lutar e sangrar...	false
missions_localised_description_idrinth_unlock_mixer_nag_nagash	Há sussurros de que você pode chamar a atenção de uma assistência poderosa se lutar contra as forças do caos. Diz-se que um estranho está disposto a lutar ao seu lado se você puder provar sua disposição de lutar e sangrar...	false
missions_localised_description_idrinth_unlock_wh2_dlc11_cst_vampire_coast	Há sussurros de que você pode chamar a atenção de uma assistência poderosa se lutar contra as forças do caos. Diz-se que um estranho está disposto a lutar ao seu lado se você puder provar sua disposição de lutar e sangrar...	false
missions_localised_description_idrinth_unlock_wh_main_brt_bretonnia	Há sussurros de que você pode chamar a atenção de uma assistência poderosa se lutar contra as forças do caos. Diz-se que um estranho está disposto a lutar ao seu lado se você puder provar sua disposição de lutar e sangrar...	false
missions_localised_description_idrinth_unlock_wh3_main_cth_cathay	Há sussurros de que você pode chamar a atenção de uma assistência poderosa se lutar contra as forças do caos. Diz-se que um estranho está disposto a lutar ao seu lado se você puder provar sua disposição de lutar e sangrar...	false
missions_localised_mission_completed_text_idrinth_unlock_wh2_main_def_dark_elves	O estranho puxa seu capuz para trás, revelando feições inconfundivelmente Asur—contudo seus olhos não carregam o desdém típico. Primo, ele diz, a palavra não carregando nem zombaria nem calor. Não me importo com rancores antigos. O Caos devora Druchii e Asur igualmente, e aprendi que a sobrevivência exige... flexibilidade. Um sorriso sem alegria cruza seus lábios sem sangue. Você entende pragmatismo melhor do que a maioria. Devemos colocá-lo em uso?	false
missions_localised_mission_completed_text_idrinth_unlock_mixer_nag_nagash	O capuz do estranho cai, revelando um rosto élfico intocado pelo tempo. Sei a quem você serve, ele diz friamente, encontrando o olhar dos mortos-vivos sem pestanejar. E sei o que sou. Não precisamos fingir o contrário. Ele ajusta a espada larga em suas costas com facilidade familiar. Os inimigos de Nagash são servos do Caos. Por ora, esse alinhamento de propósito é suficiente. Seus lábios sem sangue se torcem em algo parecido com diversão sombria. O Grande Necromante coleta todas as coisas eventualmente. Eu simplesmente escolho os termos.	false
missions_localised_mission_completed_text_idrinth_unlock_wh2_dlc11_cst_vampire_coast	O estranho se desfaz de seu manto manchado de sal, revelando feições élficas e armadura antiga por baixo. Naveguei mares mais escuros do que estes, ele comenta, observando a tripulação cambaleante sem nojo. Sangue é sangue, seja tomado em terra ou água. Ele produz sua bolsa de pagamento, pesando-a pensativamente. Vocês caçam, saqueiam, sobrevivem. Respeito isso. Um sorriso conhecedor cruza seu rosto pálido. E suspeito que seus capitães entendam—a imortalidade muda a perspectiva de alguém sobre... tudo.	false
missions_localised_mission_completed_text_idrinth_unlock_wh_main_brt_bretonnia	O estranho remove seu manto de viagem com graça praticada, revelando armadura élfica por baixo. Servi ao lado de cavaleiros antes, ele diz, inclinando a cabeça com precisão cortês. Honra e dever transcendem as fronteiras de raça. Sua Dama protege estas terras, e eu as veria defendidas da escuridão que consome tudo. Suas feições pálidas permanecem compostas, embora seus lábios sem sangue não revelem calor. Cavalgemos contra nosso inimigo comum.	false
missions_localised_mission_completed_text_idrinth_unlock_wh3_main_cth_cathay	A figura encapuzada se curva com formalidade inesperada, então se endireita para revelar feições élficas sob suas vestimentas de viagem. Caminhei por suas terras antes, em eras passadas, ele declara, sua voz medida e calma. A Grande Muralha detém horrores que conheço muito bem. O equilíbrio deve ser mantido contra os Poderes Ruinosos. Seus olhos sem idade estudam os oficiais de Cathay com interesse acadêmico. Ofereço conhecimento abrangendo milênios. Talvez possamos aprender um com o outro.	false
names_name_99990999999990	Idrinth	false
names_name_99990999999991	Thalui	false
names_name_99990999999992	Knight-Scholar	false
names_name_91003842572	Eva	false
names_name_91005248167	Plyitus	false
names_name_91012272878	Hagrene	false
names_name_91023980541	Altharloss	false
names_name_91043335079	Millen	false
names_name_91044214998	Sheeld	false
names_name_91044995477	Venola	false
names_name_91058692048	Myleere	false
names_name_91061636038	Kavinna	false
names_name_91063475665	Fonahir	false
names_name_91066656255	Waerna	false
names_name_91073720026	Hulaylian	false
names_name_91087181860	Felicion	false
names_name_91091045834	Deloria	false
names_name_910929957	Rinda	false
names_name_91096917599	Alarion	false
names_name_91119925593	Nasheer	false
names_name_9112654795	Boudicca	false
names_name_91126797147	Nightshade	false
names_name_91126820639	Caladrielle	false
names_name_91130865469	Sandrina	false
names_name_91143850849	Enna	false
names_name_91145397024	Koval	false
names_name_91147373454	Eldarion	false
names_name_91149635680	Zubaran	false
names_name_91163945081	Lorishion	false
names_name_9117103054	Vayeana	false
names_name_9119315689	Anarsis	false
names_name_91194134712	Fernhavest	false
names_name_91197705717	Saji	false
names_name_91202032358	Avelorrisas	false
names_name_91205288363	Kerthinia	false
names_name_91207993051	Hulaylian	false
names_name_912159699	Mantressa	false
names_name_91218801584	Damien	false
names_name_9122344455	Myriel	false
names_name_91225535785	Ramon	false
names_name_91226152662	Grimziyal	false
names_name_9122686813	Qintarra	false
names_name_91243883571	Rethia	false
names_name_91247905949	Jildou	false
names_name_91250574602	Bequish	false
names_name_91254391153	Alondrin	false
names_name_91261742987	Busscrone	false
names_name_91268007810	Circya	false
names_name_9128185431	Ruybiniss	false
names_name_91286859150	Ylrishen	false
names_name_91303889577	Morgan	false
names_name_91312613255	Orilon	false
names_name_91324369708	Maewhyn	false
names_name_91327343523	Jayadress	false
names_name_91327358560	Azirek	false
names_name_91327508456	Caladrielle	false
names_name_91329067400	Avelorrisas	false
names_name_9133018942	Arwenil	false
names_name_91348736263	Kelici	false
names_name_91354862277	Elysion	false
names_name_91355325317	Caydrille	false
names_name_91359526841	Aeden	false
names_name_91373918736	Bel-Nenya	false
names_name_91373928438	Ilona	false
names_name_91384300280	Elektra	false
names_name_9139274725	Klendrach	false
names_name_91396496474	Yr-Kithar	false
names_name_91397432329	Maudthekan	false
names_name_91404349694	Elise	false
names_name_91404830742	Elladan	false
names_name_91405360902	Hellespher	false
names_name_91411233647	Fhiron	false
names_name_91413240279	Relinda	false
names_name_91416443905	Lorna	false
names_name_91417301359	Lorelai	false
names_name_91421390481	Illiarch	false
names_name_91435311282	Zoltar	false
names_name_91437586017	Elladan	false
names_name_91442008725	R'Mal	false
names_name_91444170034	Lothiul	false
names_name_91449688241	Gynnash	false
names_name_91453701877	Velal	false
names_name_91462914341	Waerna	false
names_name_91469875558	Azalgorm	false
names_name_9147059091	Jayadress	false
names_name_91477685742	Laya-Quinn	false
names_name_91480988115	Tharket	false
names_name_9149095704	Ravena	false
names_name_91500935551	Kilana	false
names_name_91509126983	Senga	false
names_name_91517726071	Alizeabeth	false
names_name_91518758666	Ophillien	false
names_name_91525341994	Fandhir	false
names_name_91533578663	Bochra	false
names_name_91539784441	Omarin	false
names_name_91544419579	Jornadar	false
names_name_91548347790	Hextarian	false
names_name_91549964633	Baine	false
names_name_91553668240	Velitroth	false
names_name_91568387873	Felindre	false
names_name_91574055340	Darfayan	false
names_name_9157557480	Caydrille	false
names_name_91580975470	Lothiul	false
names_name_91596458280	Trillian	false
names_name_91599624757	Nadraxes	false
names_name_91613104460	Krogh	false
names_name_91617840855	Liandra	false
names_name_91619003680	Parthok	false
names_name_91626239518	Fortiunis	false
names_name_91631911126	Lucius	false
names_name_9163738469	Nathalia	false
names_name_91647432603	Scorpia	false
names_name_91650679308	Sabetha	false
names_name_91651253203	Velicion	false
names_name_91662293824	Feretulios	false
names_name_91662609258	Movar	false
names_name_91663124370	Lolillian	false
names_name_91674463770	Sheelda	false
names_name_91676255817	Larian	false
names_name_91676702302	Pokol-Daka	false
names_name_91678434015	Laya-Quinn	false
names_name_91685153999	Jeshia	false
names_name_91690881127	Jadus	false
names_name_91692450837	Bel-Harathoi	false
names_name_9169306801	Velissan	false
names_name_91693201541	Elliranion	false
names_name_91696520004	Noegh	false
names_name_91714437588	Koren-Bahnir	false
names_name_91723163773	Myrielh	false
names_name_91723951491	Bel-Sarathai	false
names_name_91747768786	Kerthinia	false
names_name_91749635114	Astralla	false
names_name_91759888452	Menlui-Akar	false
names_name_91767592018	Argyle	false
names_name_91772325140	Rautha	false
names_name_91778859011	Mara	false
names_name_91779790006	Vanquissh	false
names_name_9178011990	Cython-Yrel	false
names_name_91781194350	Hyther	false
names_name_91782569233	Espellba	false
names_name_91793838679	Astikar	false
names_name_91805305451	Driellen	false
names_name_91805956898	Larian	false
names_name_91818418423	Prenticly	false
names_name_9181892619	Westara	false
names_name_91819815097	Artheus	false
names_name_91822131918	Rethia	false
names_name_9182386008	Elreth	false
names_name_91824172218	Obarmon	false
names_name_91832942633	Mlendei	false
names_name_91839202249	Lolillian	false
names_name_91839293256	Kjeldilon	false
names_name_91850383583	Rhodar	false
names_name_91854561361	Sammith	false
names_name_91865779139	Chechemon	false
names_name_91870285600	Veraunn	false
names_name_91870317021	Kerestra	false
names_name_91874746780	Feniaor	false
names_name_91876393694	Najjirah	false
names_name_91878262360	Solkar	false
names_name_91878347147	Marinh	false
names_name_91879902399	Aurelius	false
names_name_91880052996	Wonellinrei	false
names_name_91884036913	Exarian	false
names_name_91900416210	Bel-Amy	false
names_name_91915072686	Fayza	false
names_name_91920209172	Trillian	false
names_name_91931576863	Rhama	false
names_name_91933701425	Omnombah	false
names_name_91935289251	Murella	false
names_name_91944479300	Lorishion	false
names_name_91946949066	Yorian	false
names_name_91948029117	Lorienne	false
names_name_91948853670	Zilnilon	false
names_name_91956855324	Gwendolyn	false
names_name_91959415982	Bel-Lecai	false
names_name_91984883343	Fydhion	false
names_name_91993506009	Elliranion	false
names_name_91997936833	Prenticly	false
names_name_92001547846	Tamarith	false
names_name_92007007269	Eville-Lyn	false
names_name_92007662807	Sethera	false
names_name_92010781226	Byre'chull	false
names_name_9201148896	Selveth	false
names_name_9201846194	Exarian	false
names_name_92019146272	Zoram	false
names_name_92028322876	Yastra	false
names_name_92044527313	Feniaor	false
names_name_92056726109	Teneska	false
names_name_92069123878	Rakal	false
names_name_92073522645	Polkesha	false
names_name_92077129249	Teneska	false
names_name_92098503774	Moransti	false
names_name_92098530624	Hellinor	false
names_name_92104549974	Mordis	false
names_name_92108748670	Yasmijn	false
names_name_92112899441	Gendalfa	false
names_name_92118818206	Sakonna	false
names_name_92121529518	Arden	false
names_name_92125052025	Ditharastara	false
names_name_92126878368	Ellendeling	false
names_name_92147352837	Morlanna	false
names_name_92147352877	Tevaril	false
names_name_92147352885	Delynna	false
names_name_92147352887	Evelyne	false
names_name_92147358991	Yavandir	false
names_name_92147358997	Thalos	false
names_name_92147359004	Arduval	false
names_name_92147359014	Amendil	false
names_name_92147359017	Ingmir	false
names_name_92147359021	Torendil	false
names_name_92147359025	Yssellal	false
names_name_92147359027	Tralan	false
names_name_92147359030	Aesrit	false
names_name_92147359031	Urdithane	false
names_name_92147359036	Strathot	false
names_name_92147359038	Dolwen	false
names_name_92147359043	Elror	false
names_name_92147359044	Dodan	false
names_name_92147359047	Dhulas	false
names_name_92147359053	Acca	false
names_name_92147359054	Dottaen	false
names_name_92147359060	Toltirin	false
names_name_92147359061	Tala	false
names_name_92147359062	Agnor	false
names_name_92147359067	Rana	false
names_name_92147359068	Vilgin	false
names_name_92147359071	Gilgalion	false
names_name_92147359076	Luren	false
names_name_92147359080	Dalos	false
names_name_92147359081	Harrond	false
names_name_92147359082	Tuduthus	false
names_name_92147359091	Circo	false
names_name_92147359093	Camring	false
names_name_92147359095	Kholis	false
names_name_92147359097	Duluric	false
names_name_92147359100	Amhas	false
names_name_92147359102	Alu	false
names_name_92147359108	Silontol	false
names_name_92147359110	Isrostot	false
names_name_92147359111	Narien	false
names_name_92147359114	Olanis	false
names_name_92147359115	Ingmir	false
names_name_92147359116	Singal	false
names_name_92147359118	Orliaruth	false
names_name_92147359121	Dhanas	false
names_name_92147359124	Valahuir	false
names_name_92147359125	Mylnel	false
names_name_92147359132	Dhehen	false
names_name_92147359134	Urdithane	false
names_name_92147359135	Foros	false
names_name_92147359139	Felnylsal	false
names_name_92147359140	Attodaeth	false
names_name_92147359143	Belaeg	false
names_name_92147359149	Ara	false
names_name_92147359158	Othiodi	false
names_name_92147359161	Catra	false
names_name_92147359169	Zaltothios	false
names_name_92147359174	Ikirin	false
names_name_92147359179	Varcio	false
names_name_92147359189	Straslaeth	false
names_name_92147359197	Iscuraa	false
names_name_92147359206	Thilvokkas	false
names_name_92147359209	Daertoc	false
names_name_92147359214	Otrolio	false
names_name_92147359220	Iarac	false
names_name_92147359222	Dhada	false
names_name_92147359231	Dhalsyth	false
names_name_92147359233	Sesteshal	false
names_name_92147359348	Selafyn	false
names_name_92147359351	Finreir	false
names_name_92147359355	Anaryll	false
names_name_92147359361	Eldril	false
names_name_92147359365	Aethis	false
names_name_92147359373	Harathrel	false
names_name_92147359376	Arandir	false
names_name_92147359377	Argalen	false
names_name_92147359387	Moranion	false
names_name_92147359388	Ferghal	false
names_name_92147359397	Antheus	false
names_name_92147359403	Inrion	false
names_name_92147359410	Hallar	false
names_name_92147359420	Cireon	false
names_name_92147359423	Erethond	false
names_name_92147359428	Eldarain	false
names_name_92147359429	Aethenor	false
names_name_92147359432	Aramir	false
names_name_92147359438	Cerion	false
names_name_92147359440	Melanar	false
names_name_92147359445	Anurell	false
names_name_92147359448	Thaindor	false
names_name_92147359449	Illidial	false
names_name_92147359455	Elon	false
names_name_92147359457	Sulphunet	false
names_name_92147359467	Kurl	false
names_name_92147359470	Vraneth	false
names_name_92147359478	Galroth	false
names_name_92147359486	Asperon	false
names_name_92147359493	Tuern	false
names_name_92147359501	Corvass	false
names_name_92147359511	Ruerl	false
names_name_92147359518	Hargan	false
names_name_92147359523	Aillion	false
names_name_92147359524	Gandrell	false
names_name_92147359527	Urian	false
names_name_92147359529	Maglan	false
names_name_92147359538	Dranack	false
names_name_92147359539	Delekth	false
names_name_92147359540	Yeurl	false
names_name_92147359548	Kaleth	false
names_name_92147359554	Khalek	false
names_name_92147359568	Girathon	false
names_name_92147359575	Girathon	false
names_name_92147359576	Furion	false
names_name_92147359586	Korhedron	false
names_name_92147359595	Khalin	false
names_name_92147359605	Ribath	false
names_name_92147359610	Sihori	false
names_name_92147359620	Sareth	false
names_name_92147359621	Vashas	false
names_name_92147359623	Lorsitel	false
names_name_92147359626	Locehon	false
names_name_92147359636	Arathar	false
names_name_92147359643	Akhaunet	false
names_name_92147359652	Velavith	false
names_name_92147359655	Sabichal	false
names_name_92147359664	Cagherosh	false
names_name_92147359673	Mittarah	false
names_name_92147359681	Virlorel	false
names_name_92147359691	Tarrerrosh	false
names_name_92147359698	Thoshelre	false
names_name_92147359706	Cirsis	false
names_name_92147359712	Cerirreh	false
names_name_92147359713	Sokhos	false
names_name_92147359720	Maveh	false
names_name_92147359721	Feisha	false
names_name_92147359724	Fecha	false
names_name_92147359729	Lecelne	false
names_name_92147359734	Hohha	false
names_name_92147359737	Cesirnoh	false
names_name_92147359741	Corvishish	false
names_name_92147359749	Massighah	false
names_name_92147359753	Merosha	false
names_name_92147359759	Hacaggil	false
names_name_92147359767	Resara	false
names_name_92147359770	Neheth	false
names_name_92147359773	Ravares	false
names_name_92147359780	Volilosh	false
names_name_92147359788	Zeloran	false
names_name_92147359792	Shakkara	false
names_name_92147359797	Shakkara	false
names_name_92147359799	Nelosi	false
names_name_92147359806	Tholre'kai	false
names_name_92147359811	Rervetoh	false
names_name_92147359818	Kakaukin	false
names_name_92147359827	Sothartah	false
names_name_92147359833	Tothauthrak	false
names_name_92147359836	Cekhullil	false
names_name_92147359840	Danoth	false
names_name_92147359843	Nocrusith	false
names_name_92147359846	Vukathan	false
names_name_92147359849	Vegmorlus	false
names_name_92147359855	Wirtha	false
names_name_92147359859	Veri'kath	false
names_name_92147359864	Khalgughun	false
names_name_92147359867	Decun'kar	false
names_name_92147359868	Tallirmoth	false
names_name_92147359877	Tehechish	false
names_name_92147359887	Werrora	false
names_name_92147359894	Calnatoth	false
names_name_92147359903	Bel-Edhanel	false
names_name_92147359910	Enthaal	false
names_name_92147359912	Zaathos	false
names_name_92147359917	Thanlutlin	false
names_name_92147359924	Deralac	false
names_name_92147359926	Dydrarus	false
names_name_92147359930	Bel-Harthur	false
names_name_92147359934	Gondil	false
names_name_92147359937	Tharhindrel	false
names_name_92147359956	Halithyar	false
names_name_92147359965	Bel-Aethlec	false
names_name_92147359969	Feyadyin	false
names_name_92147359973	Miradrin	false
names_name_92147359978	Assagiere	false
names_name_92147359986	Illenyadara	false
names_name_92147359987	Einnilize	false
names_name_92147359994	Haerrieth	false
names_name_92147359998	Licumoitta	false
names_name_92147360007	Agiella	false
names_name_92147360012	Sophiridrin	false
names_name_92147360015	Adagia	false
names_name_92147360018	Itilnae	false
names_name_92147360025	Hemmara	false
names_name_92147360031	Haennirmara	false
names_name_92147360040	Nashanra	false
names_name_92147360046	Litania	false
names_name_92147360050	Vanya	false
names_name_92147360065	Alyssa	false
names_name_92147360075	Nonens	false
names_name_92147360083	Nonus	false
names_name_92147360092	Moksha	false
names_name_92147360102	Maledicta	false
names_name_92147360109	Tilly	false
names_name_92147360118	Taira	false
names_name_92147360123	Armandis	false
names_name_92147360125	Azuma	false
names_name_92147360132	Bael'Sammon	false
names_name_92147360156	Galag	false
names_name_92147360163	Weylyn	false
names_name_92147360164	Melwin	false
names_name_92147360181	Vera	false
names_name_92147360185	Amon	false
names_name_92147360188	Sabioth	false
names_name_92147360191	Rowan	false
names_name_92147360198	Gaion	false
names_name_92147360199	Maktig	false
names_name_92147360201	Noriv	false
names_name_92147360210	Mehri	false
names_name_92147360216	Eydis	false
names_name_92147360224	Cylas	false
names_name_92147360232	Gwyndion	false
names_name_92147360242	Rodir	false
names_name_92147360248	Kychte	false
names_name_92147360256	Mychaela	false
names_name_92147360259	Azriel	false
names_name_92147360298	Maeron	false
names_name_92147360299	Shanahan	false
names_name_92147360301	Thovar	false
names_name_92147360302	Serra	false
names_name_92147360305	Leander	false
names_name_92147360312	Taodin	false
names_name_92147360316	Aphazel	false
names_name_92147360320	Aesllanan	false
names_name_92147360324	Iolair	false
names_name_92147360332	Tallanquine	false
names_name_92147360339	Aratt	false
names_name_92147360344	Arathalle	false
names_name_92147360353	Arathion	false
names_name_92147360370	Arhalien	false
names_name_92147360378	Astra	false
names_name_92147360386	Anwesu	false
names_name_92147360388	Banadl	false
names_name_92147360389	Eliandr	false
names_name_92147360397	Cuolsh	false
names_name_92147360398	Bel-Eshain	false
names_name_92147360399	Darsis	false
names_name_92147360401	Cynaeaf	false
names_name_92147360409	Delzus	false
names_name_92147360412	Tarnig	false
names_name_92147360418	Fiarel	false
names_name_92147360422	Fildrigar	false
names_name_92147360431	Gemariel	false
names_name_92147360439	Herisan	false
names_name_92147360449	Eponandilas	false
names_name_92147360452	Korhian	false
names_name_92147360456	Loth	false
names_name_92147360466	Sullandiel	false
names_name_92147360473	Siaisullainn	false
names_name_92147360483	Larithiriel	false
names_name_92147360488	Sikariel	false
names_name_92147360496	Yrtle	false
names_name_92147360497	Malmir	false
names_name_92147360505	Yavathol	false
names_name_92147360861	Valnal	false
names_name_92147360865	Valahuir	false
names_name_92147360866	Valin	false
names_name_92147360872	Halin	false
names_name_92147360880	Curufor	false
names_name_92147360887	Valanduil	false
names_name_92147360895	Gloringwe	false
names_name_92147360898	Balthinal	false
names_name_9215489877	Murdredesa	false
names_name_9221419176	Ghyrohus	false
names_name_9229702971	Orinon	false
names_name_9240319108	Morgula	false
names_name_9251206543	Merel	false
names_name_9254105579	Olana	false
names_name_9260349986	Hultressa	false
names_name_927712983	Ceyl-Thakeya	false
names_name_928191196	Yullin-Wen	false
names_name_9288906143	Tressa	false
names_name_9297603475	Kiriela	false
names_name_9299240783	Kyriela	false
names_name_9303214758	Saam	false
names_name_9307882877	Sharkia	false
names_name_9321922030	Wendrina	false
names_name_9330937663	Yenlui-Enyur	false
names_name_9337880775	Hordahn	false
names_name_9342870749	Mellindirei	false
names_name_9347628724	Rovaran	false
names_name_9350709652	Velissan	false
names_name_9355424219	Elemire	false
names_name_9363168612	Ophillien	false
names_name_9372059833	Yornh	false
names_name_9374343023	Syd	false
names_name_9375052472	Laurum	false
names_name_9391961608	Olfren	false
names_name_939359749	Sadrina	false
names_name_9396435961	Gerzhin	false
names_name_940592359	Ichinya	false
names_name_9408331728	Thina	false
names_name_9409792556	Yelgren	false
names_name_9422011688	Segales	false
names_name_9423002791	Tomalak	false
names_name_9451739357	Lautaro	false
names_name_9462808050	Tefari	false
names_name_9468983423	Bel-Eiline	false
names_name_9469563707	Yandis	false
names_name_9470237979	Yorian	false
names_name_9480060307	Ruybiniss	false
names_name_9484120234	Molgo	false
names_name_9494061521	Galdorian	false
names_name_9496860590	Hydrans	false
names_name_9506407445	Feretulios	false
names_name_9516740147	Arwenil	false
names_name_95264397	Dorian	false
names_name_9534479850	Osydin	false
names_name_9534996114	Kyrian	false
names_name_9556088774	Jolandya	false
names_name_9569655551	Leech	false
names_name_9581191811	Rinmaud	false
names_name_958209983	Fernhavest	false
names_name_9587744652	Alarion	false
names_name_9597082929	Couladin	false
names_name_9609178536	Aloisa	false
names_name_9609415243	Daeves	false
names_name_9637606852	Scarissa	false
names_name_9657027400	Edelia	false
names_name_9667799830	Izual	false
names_name_9671922100	Driellen	false
names_name_9683956364	Lovok	false
names_name_9686261355	Arspeth	false
names_name_9688987316	Deshenshar	false
names_name_9697188827	Danar	false
names_name_9709930337	Zenoria	false
names_name_9719260432	Jinquella	false
names_name_9724873043	Ilnyshon	false
names_name_9727328651	Theron	false
names_name_9741491310	Borath	false
names_name_9749892976	Ghyrohus	false
names_name_9750221586	Keevan	false
names_name_9757978914	Zamdilla	false
names_name_9762917372	Killian	false
names_name_9769215322	Barsathar	false
names_name_9778743758	Vespa	false
names_name_9794649491	Kuzu	false
names_name_9802181658	Jayden	false
names_name_9808487450	Karorn	false
names_name_9829924005	Mantressa	false
names_name_9832962557	Khalin	false
names_name_9833034999	Siamak	false
names_name_9847757873	Malarnur	false
names_name_9851662598	Cyruss	false
names_name_9859676261	Deloria	false
names_name_9868178937	Tifeon	false
names_name_9868179889	Amrifor	false
names_name_9870085407	Altharloss	false
names_name_9906324863	Luaran	false
names_name_9916939383	Scitilla	false
names_name_9924291862	Yurichmur	false
names_name_9933037566	Galathon	false
names_name_9933807514	Pardek	false
names_name_9940016733	Seraph	false
names_name_9944360972	Uriel	false
names_name_9960124450	Elena	false
names_name_9978479741	Vigilo	false
names_name_99990999999993	Idrinth	false
names_name_99990999999994	Thalui	false
names_name_99990999999995	Knight-Scholar	false
names_name_99990999999996	Idrinth	false
names_name_99990999999997	Thalui	false
names_name_99990999999998	Knight-Scholar	false
names_name_99990999999999	Idrinth	false
names_name_99991000000000	Thalui	false
names_name_99991000000001	Knight-Scholar	false
names_name_99991000000002	Idrinth	false
names_name_99991000000003	Thalui	false
names_name_99991000000004	Knight-Scholar	false
names_name_99991000000005	Idrinth	false
names_name_99991000000006	Thalui	false
names_name_99991000000007	Knight-Scholar	false
names_name_99991000000008	Idrinth	false
names_name_99991000000009	Thalui	false
names_name_99991000000010	Knight-Scholar	false
names_name_99991000000011	Idrinth	false
names_name_99991000000012	Thalui	false
names_name_99991000000013	Knight-Scholar	false
names_name_99991000000014	Idrinth	false
names_name_99991000000015	Thalui	false
names_name_99991000000016	Knight-Scholar	false
names_name_99991000000017	Idrinth	false
names_name_99991000000018	Thalui	false
names_name_99991000000019	Knight-Scholar	false
pooled_resources_description_idrinth_khaine	Posição com Khaine	false
pooled_resources_display_name_idrinth_khaine	Favor de Khaine	false
pooled_resources_negative_factors_display_name_idrinth_khaine	Perdido	false
pooled_resources_positive_factors_display_name_idrinth_khaine	Ganho	false
pooled_resources_description_idrinth_kurnous	Posição com Kurnous	false
pooled_resources_display_name_idrinth_kurnous	Favor de Kurnous	false
pooled_resources_negative_factors_display_name_idrinth_kurnous	Perdido	false
pooled_resources_positive_factors_display_name_idrinth_kurnous	Ganho	false
pooled_resources_description_idrinth_asuryan	Posição com Asuryan	false
pooled_resources_display_name_idrinth_asuryan	Favor de Asuryan	false
pooled_resources_negative_factors_display_name_idrinth_asuryan	Perdido	false
pooled_resources_positive_factors_display_name_idrinth_asuryan	Ganho	false
special_ability_groups_name_idrinth_lore_thalui	Saber dos Thalui	false
special_ability_groups_name_idrinth_lore_thalui_upgraded	Saber dos Thalui	false
special_ability_phases_onscreen_name_idrinth_hev_high_elf_vampires_anti_chaos	Inimigo dos Poderes Ruinosos	false
ui_text_replacements_localised_text_idrinth_chapel_settlement_panel_tooltip	Capela Thaluiana	false
ui_text_replacements_localised_text_idrinth_chapel_button_tooltip	Mostrar Capela Thaluiana local	false
ui_unit_groupings_onscreen_idrinth_hev_high_elf_vampires_idrinth	Vampiro Alto Elfo	false
ui_unit_groupings_onscreen_idrinth_hev_high_elf_vampires_chapel_shrine	Santuário	false
ui_unit_groupings_onscreen_idrinth_hev_high_elf_vampires_chapel_guard	Guarda da Capela	false
ui_unit_groupings_onscreen_idrinth_hev_high_elf_vampires_chapel_priest	Sacerdote da Capela	false
uied_component_texts_localised_string_Idrinth_StateText_fc1bd77b	Atualmente Ativo	false
uied_component_texts_localised_string_Idrinth_StateText_5e2400a	Desativar notificações dos Caminhos de Idrinth para este personagem	false
uied_component_texts_localised_string_Idrinth_StateText_5fa40ba9	Devoção de Idrinth	false
uied_component_texts_localised_string_Idrinth_StateText_6926231c	Orações de Idrinth	false
uied_component_texts_localised_string_Idrinth_StateText_54a33572	PLACEHOLDER 1	false
uied_component_texts_localised_string_Idrinth_StateText_520024dc	PLACEHOLDER 4	false
uied_component_texts_localised_string_Idrinth_StateText_7df03839	PLACEHOLDER 6	false
uied_component_texts_localised_string_Idrinth_StateText_2ed10066	PLACEHOLDER 7	false
uied_component_texts_localised_string_Idrinth_StateText_ad00607	PLACEHOLDER 8	false
uied_component_texts_localised_string_Idrinth_StateText_56956138	PLACEHOLDER 9	false
uied_component_texts_localised_string_Idrinth_StateText_2d1802d	PLACEHOLDER 10	false
uied_component_texts_localised_string_Idrinth_StateText_97e54363	PLACEHOLDER 11	false
uied_component_texts_localised_string_Idrinth_StateText_2d67f411	PLACEHOLDER 12	false
uied_component_texts_localised_string_Idrinth_StateText_d12dea81	PLACEHOLDER 16	false
uied_component_texts_localised_string_Idrinth_StateText_24667457	PLACEHOLDER 17	false
uied_component_texts_localised_string_Idrinth_StateText_7a688d04	PLACEHOLDER 18	false
uied_component_texts_localised_string_Idrinth_StateText_3a099911	PLACEHOLDER 19	false
uied_component_texts_localised_string_Idrinth_StateText_3710e3f2	PLACEHOLDER 20	false
uied_component_texts_localised_string_Idrinth_StateText_49a7b394	PLACEHOLDER 21	false
uied_component_texts_localised_string_Idrinth_StateText_39b3dcfe	PLACEHOLDER 22	false
uied_component_texts_localised_string_Idrinth_StateText_b7030818	PLACEHOLDER 23	false
uied_component_texts_localised_string_Idrinth_StateText_b68b4233	PLACEHOLDER 24	false
uied_component_texts_localised_string_Idrinth_StateText_b3139611	PLACEHOLDER 25	false
unit_abilities_onscreen_name_idrinth_lore_thalui_oath_of_withstanding	Juramento de Resistência	false
unit_abilities_tooltip_text_idrinth_lore_thalui_oath_of_withstanding		false
unit_abilities_onscreen_name_idrinth_lore_thalui_oath_of_withstanding_upgraded	Grande Juramento de Resistência	false
unit_abilities_tooltip_text_idrinth_lore_thalui_oath_of_withstanding_upgraded		false
unit_abilities_onscreen_name_idrinth_lore_thalui_shadow_finger	Dedo de Sombra	false
unit_abilities_tooltip_text_idrinth_lore_thalui_shadow_finger		false
unit_abilities_onscreen_name_idrinth_lore_thalui_shadow_finger_upgraded	Grande Dedo de Sombra	false
unit_abilities_tooltip_text_idrinth_lore_thalui_shadow_finger_upgraded		false
unit_abilities_onscreen_name_idrinth_lore_thalui_shadow_dance	Dança das Sombras	false
unit_abilities_tooltip_text_idrinth_lore_thalui_shadow_dance		false
unit_abilities_onscreen_name_idrinth_lore_thalui_shadow_dance_upgraded	Grande Dança das Sombras	false
unit_abilities_tooltip_text_idrinth_lore_thalui_shadow_dance_upgraded		false
unit_abilities_onscreen_name_idrinth_lore_thalui_eternal_servitude	Servidão Eterna	false
unit_abilities_tooltip_text_idrinth_lore_thalui_eternal_servitude		false
unit_abilities_onscreen_name_idrinth_lore_thalui_eternal_servitude_upgraded	Grande Servidão Eterna	false
unit_abilities_tooltip_text_idrinth_lore_thalui_eternal_servitude_upgraded		false
unit_abilities_onscreen_name_idrinth_lore_thalui_deadly_intend	Intenção Mortal	false
unit_abilities_tooltip_text_idrinth_lore_thalui_deadly_intend		false
unit_abilities_onscreen_name_idrinth_lore_thalui_deadly_intend_upgraded	Grande Intenção Mortal	false
unit_abilities_tooltip_text_idrinth_lore_thalui_deadly_intend_upgraded		false
unit_abilities_onscreen_name_idrinth_lore_thalui_oath_of_vengeance	Juramento de Vingança	false
unit_abilities_tooltip_text_idrinth_lore_thalui_oath_of_vengeance		false
unit_abilities_onscreen_name_idrinth_lore_thalui_oath_of_vengeance_upgraded	Grande Juramento de Vingança	false
unit_abilities_tooltip_text_idrinth_lore_thalui_oath_of_vengeance_upgraded		false
unit_abilities_onscreen_name_idrinth_hev_high_elf_vampires_anti_chaos	Inimigo dos Poderes Ruinosos	false
unit_abilities_tooltip_text_idrinth_hev_high_elf_vampires_anti_chaos	Treinando especificamente contra os inúmeros inimigos dos poderes ruinosos, estes guerreiros são excepcionais em combatê-los.	false
unit_description_historical_texts_text_idrinth_hev_high_elf_vampires_idrinth	Lâminas empunhadas com elegância élfica e poder vampírico, arcos disparados com precisão élfica e força vampírica. Estas criaturas trazem medo à maioria dos corações.	false
unit_description_historical_texts_text_idrinth_hev_high_elf_vampires_chapel_asuryan	Estes exilados desesperados, aventureiros e mercenários protegem um santuário de Asuryan.	false
unit_description_historical_texts_text_idrinth_hev_high_elf_vampires_chapel_kurnous	Estes exilados desesperados, aventureiros e mercenários protegem um santuário de Kurnous.	false
unit_description_historical_texts_text_idrinth_hev_high_elf_vampires_chapel_khaine	Estes exilados desesperados, aventureiros e mercenários protegem um santuário de Khaine.	false
unit_description_historical_texts_text_idrinth_hev_high_elf_vampires_chapel_mixed	Estes exilados desesperados, aventureiros e mercenários protegem uma capela para seus deuses.	false
unit_description_historical_texts_text_idrinth_hev_high_elf_vampires_chapel_asuryan_leader	Estes antigos exilados, aventureiros e mercenários protegem um santuário de Asuryan.	false
unit_description_historical_texts_text_idrinth_hev_high_elf_vampires_chapel_kurnous_leader	Estes antigos exilados, aventureiros e mercenários protegem um santuário de Kurnous.	false
unit_description_historical_texts_text_idrinth_hev_high_elf_vampires_chapel_khaine_leader	Estes antigos exilados, aventureiros e mercenários protegem um santuário de Khaine.	false
unit_description_historical_texts_text_idrinth_hev_high_elf_vampires_chapel_shrine	Este santuário improvisado e animado para Asuryan, Kurnous e Khaine protege e ajuda os defensores a permanecerem firmes.	false
unit_description_historical_texts_text_idrinth_hev_high_elf_vampires_chapel_stone_wolves	Estas bestas feitas de pedra combinam arte élfica com encantamentos devastadores, tornando-as uma das melhores tropas de choque disponíveis para as Capelas Thaluianas.	false
unit_description_historical_texts_text_idrinth_hev_high_elf_vampires_chapel_outriders	Estes homens e mulheres orgulhosos cavalgam para proteger estradas e flancos, usando poções para aumentar sua sobrevivência e chances.	false
unit_description_historical_texts_text_idrinth_hev_high_elf_vampires_chapel_asuryan_leader_vampire	Estes antigos exilados, aventureiros e mercenários protegem um santuário de Asuryan apesar de seu vampirismo.	false
unit_description_historical_texts_text_idrinth_hev_high_elf_vampires_chapel_kurnous_leader_vampire	Estes antigos exilados, aventureiros e mercenários protegem um santuário de Kurnous apesar de seu vampirismo.	false
unit_description_historical_texts_text_idrinth_hev_high_elf_vampires_chapel_khaine_leader_vampire	Estes antigos exilados, aventureiros e mercenários protegem um santuário de Khaine apesar de seu vampirismo.	false
unit_description_historical_texts_text_idrinth_hev_high_elf_vampires_chapel_khaine_varghulf	Estes vampiros fracassados eram anteriormente sacerdotes de Khaine.	false
unit_description_historical_texts_text_idrinth_hev_high_elf_vampires_chapel_kurnous_varghulf	Estes vampiros fracassados eram anteriormente sacerdotes de Kurnous.	false
unit_description_historical_texts_text_idrinth_hev_high_elf_vampires_chapel_asuryan_varghulf	Estes vampiros fracassados eram anteriormente sacerdotes de Asuryan.	false
unit_description_short_texts_text_idrinth_hev_high_elf_vampires_idrinth	Lâminas empunhadas com elegância élfica e poder vampírico, arcos disparados com precisão élfica e força vampírica. Estas criaturas trazem medo à maioria dos corações.	false
unit_description_short_texts_text_idrinth_hev_high_elf_vampires_chapel_asuryan	Estes exilados desesperados, aventureiros e mercenários protegem um santuário de Asuryan.	false
unit_description_short_texts_text_idrinth_hev_high_elf_vampires_chapel_kurnous	Estes exilados desesperados, aventureiros e mercenários protegem um santuário de Kurnous.	false
unit_description_short_texts_text_idrinth_hev_high_elf_vampires_chapel_khaine	Estes exilados desesperados, aventureiros e mercenários protegem um santuário de Khaine.	false
unit_description_short_texts_text_idrinth_hev_high_elf_vampires_chapel_mixed	Estes exilados desesperados, aventureiros e mercenários protegem uma capela para seus deuses.	false
unit_description_short_texts_text_idrinth_hev_high_elf_vampires_chapel_asuryan_leader	Estes antigos exilados, aventureiros e mercenários protegem um santuário de Asuryan.	false
unit_description_short_texts_text_idrinth_hev_high_elf_vampires_chapel_kurnous_leader	Estes antigos exilados, aventureiros e mercenários protegem um santuário de Kurnous.	false
unit_description_short_texts_text_idrinth_hev_high_elf_vampires_chapel_khaine_leader	Estes antigos exilados, aventureiros e mercenários protegem um santuário de Khaine.	false
unit_description_short_texts_text_idrinth_hev_high_elf_vampires_chapel_shrine	Este santuário improvisado e animado para Asuryan, Kurnous e Khaine protege e ajuda os defensores a permanecerem firmes.	false
unit_description_short_texts_text_idrinth_hev_high_elf_vampires_chapel_stone_wolves	Estas bestas feitas de pedra combinam arte élfica com encantamentos devastadores, tornando-as uma das melhores tropas de choque disponíveis para as Capelas Thaluianas.	false
unit_description_short_texts_text_idrinth_hev_high_elf_vampires_chapel_outriders	Estes homens e mulheres orgulhosos cavalgam para proteger estradas e flancos, usando poções para aumentar sua sobrevivência e chances.	false
unit_description_short_texts_text_idrinth_hev_high_elf_vampires_chapel_asuryan_leader_vampire	Estes antigos exilados, aventureiros e mercenários protegem um santuário de Asuryan apesar de seu vampirismo.	false
unit_description_short_texts_text_idrinth_hev_high_elf_vampires_chapel_kurnous_leader_vampire	Estes antigos exilados, aventureiros e mercenários protegem um santuário de Kurnous apesar de seu vampirismo.	false
unit_description_short_texts_text_idrinth_hev_high_elf_vampires_chapel_khaine_leader_vampire	Estes antigos exilados, aventureiros e mercenários protegem um santuário de Khaine apesar de seu vampirismo.	false
unit_description_short_texts_text_idrinth_hev_high_elf_vampires_chapel_khaine_varghulf	Estes vampiros fracassados eram anteriormente sacerdotes de Khaine.	false
unit_description_short_texts_text_idrinth_hev_high_elf_vampires_chapel_kurnous_varghulf	Estes vampiros fracassados eram anteriormente sacerdotes de Kurnous.	false
unit_description_short_texts_text_idrinth_hev_high_elf_vampires_chapel_asuryan_varghulf	Estes vampiros fracassados eram anteriormente sacerdotes de Asuryan.	false
upgrade_tooltips_idrinth_unit_asuryan	Promover Guarda Élfica Mista para Guarda de Asuryan por 300 + 50 * Patente de Ouro e ganhar Patente² Favor	false
upgrade_tooltips_idrinth_priest_asuryan	Tentar transformar este sacerdote em vampiro por 1000 de Ouro e 250 de Favor. Isso pode falhar e, no pior dos casos, apenas matá-lo.	false
upgrade_tooltips_idrinth_unit_khaine	Promover Guarda Élfica Mista para Guarda de Khaine por 300 + 50 * Patente de Ouro e ganhar Patente² Favor.	false
upgrade_tooltips_idrinth_priest_khaine	Tentar transformar este sacerdote em vampiro por 1000 de Ouro e 250 de Favor. Isso pode falhar e, no pior dos casos, apenas matá-lo.	false
upgrade_tooltips_idrinth_unit_kurnous	Promover Guarda Élfica Mista para Guarda de Kurnous por 300 + 50 * Patente de Ouro e ganhar Patente² Favor	false
upgrade_tooltips_idrinth_priest_kurnous	Tentar transformar este sacerdote em vampiro por 1000 de Ouro e 250 de Favor. Isso pode falhar e, no pior dos casos, apenas matá-lo.	false
upgrade_tooltips_idrinth_animal_kurnous_eagle	Abençoar a grande águia em nome de Kurnous por 125 de ouro e 70 de favor.	false
upgrade_tooltips_idrinth_animal_khaine_eagle	Abençoar a grande águia em nome de Khaine por 125 de ouro e 70 de favor.	false
upgrade_tooltips_idrinth_animal_asuryan_eagle	Abençoar a grande águia em nome de Asuryan por 125 de ouro e 70 de favor.	false
upgrade_tooltips_idrinth_animal_kurnous_hawks	Abençoar os falcões em nome de Kurnous por 100 de ouro e 40 de favor.	false
upgrade_tooltips_idrinth_animal_khaine_hawks	Abençoar os falcões em nome de Khaine por 100 de ouro e 40 de favor.	false
upgrade_tooltips_idrinth_animal_asuryan_hawks	Abençoar os falcões em nome de Asuryan por 100 de ouro e 40 de favor.	false
upgrade_tooltips_idrinth_animal_kurnous_bats	Abençoar os morcegos em nome de Kurnous por 50 de ouro e 20 de favor.	false
upgrade_tooltips_idrinth_animal_khaine_bats	Abençoar os morcegos em nome de Khaine por 50 de ouro e 20 de favor.	false
upgrade_tooltips_idrinth_animal_asuryan_bats	Abençoar os morcegos em nome de Asuryan por 50 de ouro e 20 de favor.	false
upgrade_tooltips_idrinth_animal_kurnous_wolves	Abençoar os lobos em nome de Kurnous por 75 de ouro e 30 de favor.	false
upgrade_tooltips_idrinth_animal_khaine_wolves	Abençoar os lobos em nome de Khaine por 75 de ouro e 30 de favor.	false
upgrade_tooltips_idrinth_animal_asuryan_wolves	Abençoar os lobos em nome de Asuryan por 75 de ouro e 30 de favor.	false
upgrade_tooltips_idrinth_size_outriders	Aumentar o número de Batedores da Capela em 5 por 250 de ouro. As patentes são mantidas.	false
upgrade_tooltips_idrinth_size_kurnous	Aumentar o número da Guarda de Kurnous em 15 por 300 de ouro. As patentes e status de veterano são mantidos.	false
upgrade_tooltips_idrinth_size_khaine	Aumentar o número da Guarda de Khaine em 15 por 300 de ouro. As patentes e status de veterano são mantidos.	false
upgrade_tooltips_idrinth_size_asuryan	Aumentar o número da Guarda de Asuryan em 15 por 300 de ouro. As patentes e status de veterano são mantidos.	false
mct_patch_notes_idrinth_129_notes	- corrigido custos do tesouro para melhorias que davam dinheiro em vez de custar	false
mct_patch_notes_idrinth_129_version	v1.6.4	false
mct_patch_notes_idrinth_128_notes	- codigo reescrito para melhor estabilidade\\n- mais opcoes na ferramenta de configuracao do mod\\n- muitas pequenas correcoes	false
mct_patch_notes_idrinth_128_version	v1.6.3	false
mct_patch_notes_idrinth_127_notes	- melhorias de desempenho para chamadas de funcao atrasadas	false
mct_patch_notes_idrinth_127_version	v1.6.2	false
mct_patch_notes_idrinth_126_notes	- corrigido nowAndThen disparando com muita frequencia causando travamentos	false
mct_patch_notes_idrinth_126_version	v1.6.1	false
mct_patch_notes_idrinth_125_notes	- melhorias de tamanho de unidade\\n- reformulacao de melhoria de bestas	false
mct_patch_notes_idrinth_125_version	v1.6.0	false
mct_patch_notes_idrinth_124_notes	- prevenido spam de evento de remocao de caracteristica	false
mct_patch_notes_idrinth_124_version	v1.5.2	false
mct_patch_notes_idrinth_123_notes	- correcao para anti ataque relampago	false
mct_patch_notes_idrinth_123_version	v1.5.1	false
mct_patch_notes_idrinth_122_notes	- Melhorias de Unidade para unidades elficas adicionadas	false
mct_patch_notes_idrinth_122_version	v1.5.0	false
mct_patch_notes_idrinth_121_notes	- limpezas de codigo	false
mct_patch_notes_idrinth_121_version	v1.4.6	false
mct_patch_notes_idrinth_120_notes	- corrigido perda de nome ao ser atribuido uma "posicao governamental" da costa pirata	false
mct_patch_notes_idrinth_120_version	v1.4.5	false
mct_patch_notes_idrinth_119_notes	- correcoes para recursos de batalha\\n- otimizacoes de codigo	false
mct_patch_notes_idrinth_119_version	v1.4.4	false
mct_patch_notes_idrinth_118_notes	- corrigido um caso onde o painel de melhoria de unidade nao aparecia apos clicar no botao	false
mct_patch_notes_idrinth_118_version	v1.4.3	false
mct_patch_notes_idrinth_117_notes	- corrigido um caso onde o painel de melhoria de unidade nao aparecia apos clicar no botao	false
mct_patch_notes_idrinth_117_version	v1.4.2	false
mct_patch_notes_idrinth_116_notes	- adicionadas dicas para uso de unidades	false
mct_patch_notes_idrinth_116_version	v1.4.1	false
mct_patch_notes_idrinth_115_notes	- bencaos de unidade para animais waaagh funcionando\\n- rebalanceamento de edificios da horda	false
mct_patch_notes_idrinth_115_version	v1.4.0	false
mct_patch_notes_idrinth_114_notes	- correcoes para conjunto de unidades nao abrangendo tudo o necessario	false
mct_patch_notes_idrinth_114_version	v1.3.5	false
mct_patch_notes_idrinth_113_notes	- correcoes para conjunto de unidades nao abrangendo tudo o necessario	false
mct_patch_notes_idrinth_113_version	v1.3.4	false
mct_patch_notes_idrinth_112_notes	- correcoes para conjunto de unidades nao abrangendo tudo o necessario	false
mct_patch_notes_idrinth_112_version	v1.3.3	false
mct_patch_notes_idrinth_111_notes	- corrigida deteccao de iniciativas de personagem	false
mct_patch_notes_idrinth_111_version	v1.3.2	false
mct_patch_notes_idrinth_110_notes	- corrigida uma causa de travamento	false
mct_patch_notes_idrinth_110_version	v1.3.1	false
mct_patch_notes_idrinth_109_notes	- grande reescrita para desempenho	false
mct_patch_notes_idrinth_109_version	v1.3.0	false
mct_patch_notes_idrinth_108_notes	- corrigido numero da versao	false
mct_patch_notes_idrinth_108_version	v1.2.2	false
mct_patch_notes_idrinth_107_notes	- corrigido tratamento de anticaracteristica	false
mct_patch_notes_idrinth_107_version	v1.2.1	false
mct_patch_notes_idrinth_106_notes	- icone no assentamento quando capelas estao disponiveis\\n- muitas limpezas de codigo\\n- melhorias do sistema de devocao com ciume divino	false
mct_patch_notes_idrinth_106_version	v1.2.0	false
mct_patch_notes_idrinth_105_notes	- correcoes para recursos mal posicionados na interface	false
mct_patch_notes_idrinth_105_version	v1.1.18	false
mct_patch_notes_idrinth_104_notes	- mais uma correcao de interface de assentamento	false
mct_patch_notes_idrinth_104_version	v1.1.17	false
mct_patch_notes_idrinth_103_notes	- corrigido tratamento de botoes na visualizacao de assentamento	false
mct_patch_notes_idrinth_103_version	v1.1.16	false
mct_patch_notes_idrinth_102_notes	- corrigido armazenamento/recuperacao de status de item para prevenir ganho de multiplos conjuntos	false
mct_patch_notes_idrinth_102_version	v1.1.15	false
mct_patch_notes_idrinth_101_notes	- corrigido equipamento automatico de itens unicos	false
mct_patch_notes_idrinth_101_version	v1.1.14	false
mct_patch_notes_idrinth_100_notes	- titulos de senhor e cargo exibidos corretamente durante recrutamento\\n- prevenindo invocacao dupla (esperamos)	false
mct_patch_notes_idrinth_100_version	v1.1.13	false
mct_patch_notes_idrinth_99_notes	- corrigidos dois casos de dilemas disparando para a(s) faccao(oes) errada(s)	false
mct_patch_notes_idrinth_99_version	v1.1.12	false
mct_patch_notes_idrinth_98_notes	- corrigida mais uma coisa na entrega de itens	false
mct_patch_notes_idrinth_98_version	v1.1.11	false
mct_patch_notes_idrinth_97_notes	- correcoes de script de recrutamento\\n- correcoes de interface\\n- correcoes de script de itens	false
mct_patch_notes_idrinth_97_version	v1.1.10	false
mct_patch_notes_idrinth_96_notes	- corrigido codigo de entrega de itens	false
mct_patch_notes_idrinth_96_version	v1.1.9	false
mct_patch_notes_idrinth_95_notes	- algumas tarefas de organizacao	false
mct_patch_notes_idrinth_95_version	v1.1.8	false
mct_patch_notes_idrinth_94_notes	- corrigido configuracoes no multiplayer aparecendo para o jogador errado	false
mct_patch_notes_idrinth_94_version	v1.1.7	false
mct_patch_notes_idrinth_93_notes	- corrigido numero da versao	false
mct_patch_notes_idrinth_93_version	v1.1.6	false
mct_patch_notes_idrinth_92_notes	- prevenido faccoes npc de receberem eventos de localizacao e historia	false
mct_patch_notes_idrinth_92_version	v1.1.5	false
mct_patch_notes_idrinth_91_notes	- correcoes para ganho de itens	false
mct_patch_notes_idrinth_91_version	v1.1.4	false
mct_patch_notes_idrinth_90_notes	- correcoes de interface	false
mct_patch_notes_idrinth_90_version	v1.1.3	false
mct_patch_notes_idrinth_89_notes	- incremento do numero da versao	false
mct_patch_notes_idrinth_89_version	v1.1.2	false
mct_patch_notes_idrinth_88_notes	- pequenas correcoes de script	false
mct_patch_notes_idrinth_88_version	v1.1.1	false
mct_patch_notes_idrinth_87_notes	- refatoracao\\n- devocao desbloqueada\\n- grandes melhorias para o general\\n- adicionada mecanica de waaagh animal ao general	false
mct_patch_notes_idrinth_87_version	v1.1.0	false
mct_patch_notes_idrinth_86_notes	- spam de missao de desbloqueio provavelmente corrigido\\n- chega de animais estranhos para montar nos batedores\\n- pequenos ajustes na clareza do texto	false
mct_patch_notes_idrinth_86_version	v1.0.15	false
mct_patch_notes_idrinth_85_notes	- corrigidas imunidades de atrito faltantes na versao senhor	false
mct_patch_notes_idrinth_85_version	v1.0.14	false
mct_patch_notes_idrinth_84_notes	- corrigido recursos de favor nao atualizando na interface durante o proprio turno	false
mct_patch_notes_idrinth_84_version	v1.0.13	false
mct_patch_notes_idrinth_83_notes	- acampar nao custa mais movimento	false
mct_patch_notes_idrinth_83_version	v1.0.12	false
mct_patch_notes_idrinth_82_notes	- corrigido alternador de evento de historia disparando multiplas vezes	false
mct_patch_notes_idrinth_82_version	v1.0.11	false
mct_patch_notes_idrinth_81_notes	- adicionadas classificacoes de tipo de unidade faltantes	false
mct_patch_notes_idrinth_81_version	v1.0.10	false
mct_patch_notes_idrinth_80_notes	- adicionados efeitos positivos esquecidos para caracteristicas de matador de elfos\\n- garantido que modelos usem no maximo 5 variantes por arquivo	false
mct_patch_notes_idrinth_80_version	v1.0.9	false
mct_patch_notes_idrinth_79_notes	- corrigido rastreamento de batalha\\n- corrigido dano de arma a distancia de sacerdotes e Idrinth	false
mct_patch_notes_idrinth_79_version	v1.0.8	false
mct_patch_notes_idrinth_78_notes	- corrigido bug de geracao de recursos\\n- adicionada habilidade esquecida na linha de habilidades do general	false
mct_patch_notes_idrinth_78_version	v1.0.7	false
mct_patch_notes_idrinth_77_notes	- corrigida localizacao para caracteristicas de matador de elfos	false
mct_patch_notes_idrinth_77_version	v1.0.6	false
mct_patch_notes_idrinth_76_notes	- correcoes na cadeia de edificios da capela taverna	false
mct_patch_notes_idrinth_76_version	v1.0.5	false
mct_patch_notes_idrinth_75_notes	- corrigido recrutamento de unidades para imrik, morathi, sartosa	false
mct_patch_notes_idrinth_75_version	v1.0.4	false
mct_patch_notes_idrinth_74_notes	- corrigido recrutamento para drycha	false
mct_patch_notes_idrinth_74_version	v1.0.3	false
mct_patch_notes_idrinth_73_notes	- correcao de escopo de crescimento de horda	false
mct_patch_notes_idrinth_73_version	v1.0.2	false
mct_patch_notes_idrinth_72_notes	- corrigido limite de recrutamento de 0 devido a escopo errado	false
mct_patch_notes_idrinth_72_version	v1.0.1	false
mct_patch_notes_idrinth_71_notes	- opcao de senhor modo horda\\n- mais tres edificios de espaco estrangeiro\\n- grande rebalanceamento\\n- nova unidade (batedores)\\n- correcoes de bugs em escopos de habilidades	false
mct_patch_notes_idrinth_71_version	v1.0.0	false
mct_patch_notes_idrinth_70_notes	- corrigido titulos e descricoes de missao faltantes para culturas expandidas	false
mct_patch_notes_idrinth_70_version	v0.19.3	false
mct_patch_notes_idrinth_69_notes	- prevenido spam de concessao de itens	false
mct_patch_notes_idrinth_69_version	v0.19.2	false
mct_patch_notes_idrinth_68_notes	- corrigida comparacao de nivel para verificacoes de itens	false
mct_patch_notes_idrinth_68_version	v0.19.1	false
mct_patch_notes_idrinth_67_notes	- suporte para Ferramenta de Configuracao de Mod\\n- novos eventos baseados em locais\\n- leve rebalanceamento\\n- recrutamento melhor implementado por recrutamento de Cultura expandida	false
mct_patch_notes_idrinth_67_version	v0.19.0	false
mct_patch_notes_idrinth_66_notes	- prevenido eventos de dispararem enquanto Idrinth esta ferido	false
mct_patch_notes_idrinth_66_version	v0.18.3	false
mct_patch_notes_idrinth_65_notes	- muitas limpezas	false
mct_patch_notes_idrinth_65_version	v0.18.2	false
mct_patch_notes_idrinth_64_notes	- reducao de perda de vigor agora reduz em vez de aumentar\\n- tipo de idrinth nao e mais recrutavel (mesmo se sua categoria nunca foi desbloqueada)	false
mct_patch_notes_idrinth_64_version	v0.18.1	false
mct_patch_notes_idrinth_63_notes	- expandindo os assentamentos de capela\\n- expandindo o elenco da faccao	false
mct_patch_notes_idrinth_63_version	v0.18.0	false
mct_patch_notes_idrinth_62_notes	- corrigida defesa vs grande faltante nos guardas\\n- peso de unidade ligeiramente aumentado	false
mct_patch_notes_idrinth_62_version	v0.17.1	false
mct_patch_notes_idrinth_61_notes	- adicionadas habilidades a distancia e tornada a faccao de batalha personalizada mais distinta	false
mct_patch_notes_idrinth_61_version	v0.17.0	false
mct_patch_notes_idrinth_60_notes	- adicionado um estandarte e icone para a Capela Thaluiana para batalhas personalizadas	false
mct_patch_notes_idrinth_60_version	v0.16.0	false
mct_patch_notes_idrinth_59_notes	- novo nivel de templo (defensores heroi-sacerdote)\\n- opcao de escalonamento de nivel para desbloqueios (nv 5, nv 6, nv 8, nv 11)\\n- algumas correcoes para templos\\n- correcoes de erros de digitacao para dilemas\\n- faccao separada para escaramucas	false
mct_patch_notes_idrinth_59_version	v0.15.0	false
mct_patch_notes_idrinth_58_notes	- custo base reduzido de 550 para 400	false
mct_patch_notes_idrinth_58_version	v0.14.4	false
mct_patch_notes_idrinth_57_notes	- corrigido custos de recursos de favor nao aplicando corretamente	false
mct_patch_notes_idrinth_57_version	v0.14.3	false
mct_patch_notes_idrinth_56_notes	- corrigido modificadores de diplomacia negligenciados para capelas elficas	false
mct_patch_notes_idrinth_56_version	v0.14.2	false
mct_patch_notes_idrinth_55_notes	- erros de digitacao e correcoes para a cadeia de capela elfica	false
mct_patch_notes_idrinth_55_version	v0.14.1	false
mct_patch_notes_idrinth_54_notes	- adicionadas capelas elficas fundadas por Idrinth, versao basica, mais por vir.	false
mct_patch_notes_idrinth_54_version	v0.14.0	false
mct_patch_notes_idrinth_53_notes	- esperamos prevenir disparo duplo de missoes para jogadores mais lentos.	false
mct_patch_notes_idrinth_53_version	v0.13.4	false
mct_patch_notes_idrinth_52_notes	- valores de resolucao automatica ajustados.	false
mct_patch_notes_idrinth_52_version	v0.13.3	false
mct_patch_notes_idrinth_51_notes	- correcoes para ganhos de recursos assim como bencaos divinas aleatorizadas.	false
mct_patch_notes_idrinth_51_version	v0.13.2	false
mct_patch_notes_idrinth_50_notes	- alguns erros de digitacao corrigidos, principalmente maiusculas.	false
mct_patch_notes_idrinth_50_version	v0.13.1	false
mct_patch_notes_idrinth_49_notes	- adicionados textos de dilema de desbloqueio especificos de cultura para todas as culturas primarias.	false
mct_patch_notes_idrinth_49_version	v0.13.0	false
mct_patch_notes_idrinth_48_notes	- corrigida pergunta de modo aparecendo multiplas vezes por causa de recarregamento.	false
mct_patch_notes_idrinth_48_version	v0.12.2	false
mct_patch_notes_idrinth_47_notes	- corrigidos casos de imagens de fallback aparecendo.	false
mct_patch_notes_idrinth_47_version	v0.12.1	false
mct_patch_notes_idrinth_46_notes	- restaurada logica para oracoes e devocao.	false
mct_patch_notes_idrinth_46_version	v0.12.0	false
mct_patch_notes_idrinth_45_notes	- pequenas limpezas	false
mct_patch_notes_idrinth_45_version	v0.11.2	false
mct_patch_notes_idrinth_44_notes	- removido o unico arquivo twui conflitante por enquanto.	false
mct_patch_notes_idrinth_44_version	v0.11.1	false
mct_patch_notes_idrinth_43_notes	- removida dependencia de sobrescrita da barra de recursos para favor divino.\\n- suporte teorico para faccao Nagash	false
mct_patch_notes_idrinth_43_version	v0.11.0	false
mct_patch_notes_idrinth_42_notes	- corrigidas texturas de malha para serem mais vampiricas e nao mostrar uma pele rosada e bonita.	false
mct_patch_notes_idrinth_42_version	v0.10.6	false
mct_patch_notes_idrinth_41_notes	- imagem do cartao de unidade ajustada	false
mct_patch_notes_idrinth_41_version	v0.10.5	false
mct_patch_notes_idrinth_40_notes	- prevenido re-disparo de missao de recrutamento apos carregar.	false
mct_patch_notes_idrinth_40_version	v0.10.4	false
mct_patch_notes_idrinth_39_notes	- removida dependencia de sobrescrita de scripts principais.	false
mct_patch_notes_idrinth_39_version	v0.10.3	false
mct_patch_notes_idrinth_38_notes	- corrigido bonus do conjunto khaine sendo anexados as coisas erradas.	false
mct_patch_notes_idrinth_38_version	v0.10.2	false
mct_patch_notes_idrinth_37_notes	- corrigido um erro de digitacao nos nomes das unidades.	false
mct_patch_notes_idrinth_37_version	v0.10.1	false
mct_patch_notes_idrinth_36_notes	- adicionadas recompensas de dilema de alto elfo e condes vampiro.	false
mct_patch_notes_idrinth_36_version	v0.10.0	false
mct_patch_notes_idrinth_35_notes	- adicionadas recompensas de dilema de elfo da floresta.	false
mct_patch_notes_idrinth_35_version	v0.9.0	false
mct_patch_notes_idrinth_34_notes	- adicionadas recompensas de dilema de anao.	false
mct_patch_notes_idrinth_34_version	v0.8.0	false
mct_patch_notes_idrinth_33_notes	- adicionadas recompensas de dilema de kislev.	false
mct_patch_notes_idrinth_33_version	v0.7.0	false
mct_patch_notes_idrinth_32_notes	- reduzindo crescimento de favor divino em niveis mais altos.	false
mct_patch_notes_idrinth_32_version	v0.6.5	false
mct_patch_notes_idrinth_31_notes	- corrigido travamento na atribuicao de acessorio no inicio do turno.	false
mct_patch_notes_idrinth_31_version	v0.6.4	false
mct_patch_notes_idrinth_30_notes	- reduzir reducao de corrupcao de dilema.	false
mct_patch_notes_idrinth_30_version	v0.6.3	false
mct_patch_notes_idrinth_29_notes	- adicionados mais efeitos para o dilema do imperio	false
mct_patch_notes_idrinth_29_version	v0.6.2	false
mct_patch_notes_idrinth_28_notes	- corrigidas atribuicoes de favor divino para dilemas.	false
mct_patch_notes_idrinth_28_version	v0.6.1	false
mct_patch_notes_idrinth_27_notes	- adicionados textos de efeito para opcoes de dilema\\n- geracao de favor reduzida de 5 para 1.	false
mct_patch_notes_idrinth_27_version	v0.6.0	false
mct_patch_notes_idrinth_26_notes	- corrigidos alguns problemas de script relacionados a carregar valores e equipar acessorios.	false
mct_patch_notes_idrinth_26_version	v0.5.6	false
mct_patch_notes_idrinth_25_notes	- atualizado bonus de carga para assalto para realmente ter efeito.	false
mct_patch_notes_idrinth_25_version	v0.5.5	false
mct_patch_notes_idrinth_24_notes	- corrigidos multiplos UUIDs nos arquivos twui	false
mct_patch_notes_idrinth_24_version	v0.5.4	false
mct_patch_notes_idrinth_23_notes	- corrigidas recompensas Khaine duplicadas para dilemas. Recompensas ainda sujeitas a alteracoes.	false
mct_patch_notes_idrinth_23_version	v0.5.3	false
mct_patch_notes_idrinth_22_notes	- outro conjunto de correcoes relacionadas a interface	false
mct_patch_notes_idrinth_22_version	v0.5.2	false
mct_patch_notes_idrinth_21_notes	- correcoes de exibicao de recursos	false
mct_patch_notes_idrinth_21_version	v0.5.1	false
mct_patch_notes_idrinth_20_notes	- adicionar recursos a barra superior do wh3	false
mct_patch_notes_idrinth_20_version	v0.5.0	false
mct_patch_notes_idrinth_19_notes	- corrigido efeitos de dilemas nao sendo mostrados. Efeitos sujeitos a alteracoes.	false
mct_patch_notes_idrinth_19_version	v0.4.8	false
mct_patch_notes_idrinth_18_notes	- corrigido travamento apos carregar devido a dados em cache incorretos.	false
mct_patch_notes_idrinth_18_version	v0.4.7	false
mct_patch_notes_idrinth_17_notes	- reativar re-habilitacao de eventos para reduzir travamentos.	false
mct_patch_notes_idrinth_17_version	v0.4.6	false
mct_patch_notes_idrinth_16_notes	- remover codigo de depuracao (log de script)	false
mct_patch_notes_idrinth_16_version	v0.4.5	false
mct_patch_notes_idrinth_15_notes	- Remover auto-spawn do script, isso era apenas para testes.	false
mct_patch_notes_idrinth_15_version	v0.4.4	false
mct_patch_notes_idrinth_14_notes	- habilidades de agente tornadas um pouco mais uteis.	false
mct_patch_notes_idrinth_14_version	v0.4.3	false
mct_patch_notes_idrinth_13_notes	- outro caso de travamento corrigido.	false
mct_patch_notes_idrinth_13_version	v0.4.2	false
mct_patch_notes_idrinth_12_notes	- reduzir travamentos suprimindo eventos de forma mais eficaz.	false
mct_patch_notes_idrinth_12_version	v0.4.1	false
mct_patch_notes_idrinth_11_notes	- introduzir caracteristicas de matador de elfos para lidar com massacre em massa de elfos.	false
mct_patch_notes_idrinth_11_version	v0.4.0	false
mct_patch_notes_idrinth_10_notes	- correcoes de script e banco de dados, para que itens personalizados sejam equipados corretamente quando disponiveis.	false
mct_patch_notes_idrinth_10_version	v0.3.4	false
mct_patch_notes_idrinth_9_notes	- correcoes de script para disparo de dilemas.	false
mct_patch_notes_idrinth_9_version	v0.3.3	false
mct_patch_notes_idrinth_8_notes	- corrigidos alguns travamentos relacionados a supressao tardia de eventos.	false
mct_patch_notes_idrinth_8_version	v0.3.2	false
mct_patch_notes_idrinth_7_notes	- textos de lore melhorados.	false
mct_patch_notes_idrinth_7_version	v0.3.1	false
mct_patch_notes_idrinth_6_notes	- adicionados textos de lore e explicacao para todos os novos itens.	false
mct_patch_notes_idrinth_6_version	v0.3.0	false
mct_patch_notes_idrinth_5_notes	- ajustes no arco de tiro, para que ele realmente consiga escaramucar	false
mct_patch_notes_idrinth_5_version	v0.2.3	false
mct_patch_notes_idrinth_4_notes	- icones de favor divino posicionados corretamente	false
mct_patch_notes_idrinth_4_version	v0.2.2	false
mct_patch_notes_idrinth_3_notes	- corrigidos travamentos ao ganhar Acessorio	false
mct_patch_notes_idrinth_3_version	v0.2.1	false
mct_patch_notes_idrinth_2_notes	- exibindo Favor Divino agora.	false
mct_patch_notes_idrinth_2_version	v0.2.0	false
mct_patch_notes_idrinth_1_notes	- versao inicial	false
mct_patch_notes_idrinth_1_version	v0.1.0	false
mct_patch_notes_idrinth_130_notes	- melhorias MCT, incluindo notas de patch	false
mct_patch_notes_idrinth_130_version	v1.6.5	false
mct_patch_notes_idrinth_131_notes	- add missing winds of magic to Idrinth's horde	false
mct_patch_notes_idrinth_131_version	v1.6.6	false
mct_patch_notes_idrinth_132_notes	- add better icons for veteran ranks	false
mct_patch_notes_idrinth_132_version	v1.7.0	false
