key	text	tooltip
#Loc;1;text/db/idrinth__.loc		
agent_culture_details_description_text_99999990	被轉化為吸血鬼的高等精靈。	false
agent_culture_details_onscreen_name_99999990	伊德林斯·塔路易	false
agent_culture_details_description_text_99999991	被轉化為吸血鬼的高等精靈。	false
agent_culture_details_onscreen_name_99999991	伊德林斯·塔路易	false
agent_subtypes_description_text_override_idrinth_hev_high_elf_vampires_idrinthchampion	伊德林斯·塔路易被違背其意願地轉化，現在用他新獲得的力量獵殺混沌的僕從。	false
agent_subtypes_description_text_override_idrinth_hev_high_elf_vampires_idrinthgeneral	伊德林斯·塔路易被違背其意願地轉化，現在用他新獲得的力量獵殺混沌的僕從。	false
ancillaries_colour_text_idrinth_anc_talisman_stone_of_dried_blood	一件受凱恩——血手神祝福的護符。很少有人獲得足夠的眷顧以他的名義揮舞這樣的工具。乾涸的血液散發著古老的力量，向佩戴者低語暴力的承諾。	false
ancillaries_explanation_text_idrinth_anc_talisman_stone_of_dried_blood	證明了戰鬥經驗。	false
ancillaries_onscreen_name_idrinth_anc_talisman_stone_of_dried_blood	乾血護符	false
ancillaries_colour_text_idrinth_anc_talisman_talisman_of_souls	一件受阿蘇瑞安祝福的護符，用以保存前代的知識。當安靜時，你可以聽到古代精靈賢者從帷幕之外提供智慧的低語。	false
ancillaries_explanation_text_idrinth_anc_talisman_talisman_of_souls	證明了戰鬥經驗。	false
ancillaries_onscreen_name_idrinth_anc_talisman_talisman_of_souls	靈魂護符	false
ancillaries_colour_text_idrinth_anc_talisman_forest_berry_wine	一種受庫爾諾斯祝福的護符，為持有者提供世界上最好的漿果酒之一。一口就能讓飲用者與荒野連結，增強感官並加快反應，彷彿森林本身在引導每一個動作。	false
ancillaries_explanation_text_idrinth_anc_talisman_forest_berry_wine	證明了戰鬥經驗。	false
ancillaries_onscreen_name_idrinth_anc_talisman_forest_berry_wine	森林漿果酒	false
ancillaries_colour_text_idrinth_anc_weapon_kurnous_blessed_hunting_bow	一件受庫爾諾斯祝福的武器，使其持有者成為世界上最傑出的獵人之一。被其箭矢標記的人會感到原始的恐懼，彷彿被自然本身而非僅僅一名弓箭手所追獵。	false
ancillaries_explanation_text_idrinth_anc_weapon_kurnous_blessed_hunting_bow	證明了戰鬥經驗。	false
ancillaries_onscreen_name_idrinth_anc_weapon_kurnous_blessed_hunting_bow	受祝福的狩獵弓	false
ancillaries_colour_text_idrinth_anc_armour_khaines_visage	這頂頭盔展現一個面具，混合了恐怖、嗜血和純粹的暴力慾望。這面容會轉化佩戴者，喚醒敵人從遠處就能感知的原始憤怒。	false
ancillaries_explanation_text_idrinth_anc_armour_khaines_visage	證明了戰鬥經驗。	false
ancillaries_onscreen_name_idrinth_anc_armour_khaines_visage	凱恩的面容	false
ancillaries_colour_text_idrinth_anc_weapon_khaines_thirsting_sword	一把與主人一樣渴望鮮血的劍。每一次揮擊，它都渴望更多，隨著每一條生命的奪取而變得更強。當被新鮮血液浸濕時，劍刃永不變鈍。	false
ancillaries_explanation_text_idrinth_anc_weapon_khaines_thirsting_sword	證明了戰鬥經驗。	false
ancillaries_onscreen_name_idrinth_anc_weapon_khaines_thirsting_sword	凱恩的渴血劍	false
ancillaries_colour_text_idrinth_anc_weapon_asuryans_perfection_sword	一把如同其持有者所追求的那樣完美的劍。在阿蘇瑞安本人的永恆之火中鍛造，這把高等精靈風格的劍為戰鬥帶來和諧，使其主人能夠以無與倫比的精準和耐力戰鬥。	false
ancillaries_explanation_text_idrinth_anc_weapon_asuryans_perfection_sword	證明了戰鬥經驗。	false
ancillaries_onscreen_name_idrinth_anc_weapon_asuryans_perfection_sword	阿蘇瑞安的完美之劍	false
ancillaries_colour_text_idrinth_anc_armour_kurnous_forest_cloak	一件由庫爾諾斯設計的盔甲，輕盈且幾乎不引人注目。這件深綠色的斗篷承載著深林的精髓，能將佩戴者隱藏在敵人眼中，同時增強對周圍環境的感知。	false
ancillaries_explanation_text_idrinth_anc_armour_kurnous_forest_cloak	證明了戰鬥經驗。	false
ancillaries_onscreen_name_idrinth_anc_armour_kurnous_forest_cloak	庫爾諾斯的森林斗篷	false
ancillaries_colour_text_idrinth_anc_armour_asuryans_destiny	這套盔甲在佩戴者為精靈族服務時保護他們，將壽命延長到超出任何預期的水平。編織在每塊甲板中的附魔排斥亡靈的腐化，讓佩戴者能夠行走於兩個世界之間。	false
ancillaries_explanation_text_idrinth_anc_armour_asuryans_destiny	證明了戰鬥經驗。	false
ancillaries_onscreen_name_idrinth_anc_armour_asuryans_destiny	阿蘇瑞安的命運之甲	false
ancillary_sets_name_anc_set_exclusive_idrinth_khaine	凱恩的祝福	false
ancillary_sets_name_anc_set_exclusive_idrinth_kurnous	庫爾諾斯的祝福	false
ancillary_sets_name_anc_set_exclusive_idrinth_asuryan	阿蘇瑞安的祝福	false
ancillary_sets_description_anc_set_exclusive_idrinth_khaine	凱恩祝福的物品將你鍛造成死亡與毀滅的活泉源。	false
ancillary_sets_description_anc_set_exclusive_idrinth_kurnous	庫爾諾斯祝福的物品使你成為世上最危險的獵人之一。	false
ancillary_sets_description_anc_set_exclusive_idrinth_asuryan	阿蘇瑞安祝福的物品定義了無助者的守護者。	false
building_chains_chain_tooltip_idrinth_hev_high_elf_vampires_chapel	精靈社區教堂	false
building_chains_encyclopedia_description_idrinth_hev_high_elf_vampires_chapel	一座為精靈流亡者、冒險家和流浪者的小社區而建的教堂。	false
building_chains_encyclopedia_name_idrinth_hev_high_elf_vampires_chapel	精靈社區教堂	false
building_chains_encyclopedia_name_idrinth_hev_high_elf_vampires_beasts	精靈獸醫所	false
building_chains_encyclopedia_name_idrinth_hev_high_elf_vampires_diplomacy	精靈外交站	false
building_chains_encyclopedia_name_idrinth_hev_high_elf_vampires_altar	精靈工匠坊	false
building_chains_encyclopedia_name_idrinth_hev_high_elf_vampires_horde	精靈營地	false
building_chains_encyclopedia_name_idrinth_hev_high_elf_vampires_horde_healer_wagon	精靈治療師	false
building_chains_encyclopedia_name_idrinth_hev_high_elf_vampires_horde_quartermaster	精靈軍需官	false
building_chains_encyclopedia_name_idrinth_hev_high_elf_vampires_horde_trader	精靈商人	false
building_culture_variants_name_idrinth_hev_high_elf_vampires_artisan_quarters	工匠區	false
building_culture_variants_name_idrinth_hev_high_elf_vampires_tavern	精靈酒館	false
building_culture_variants_name_idrinth_hev_high_elf_vampires_library	精靈圖書館	false
building_culture_variants_name_idrinth_hev_high_elf_vampires_chapel_0	塔路易教堂	false
building_culture_variants_name_idrinth_hev_high_elf_vampires_chapel_1_asuryan	塔路易阿蘇瑞安教堂	false
building_culture_variants_name_idrinth_hev_high_elf_vampires_chapel_1_kurnous	塔路易庫爾諾斯教堂	false
building_culture_variants_name_idrinth_hev_high_elf_vampires_chapel_1_khaine	塔路易凱恩教堂	false
building_culture_variants_name_idrinth_hev_high_elf_vampires_chapel_2_asuryan	塔路易阿蘇瑞安大教堂	false
building_culture_variants_name_idrinth_hev_high_elf_vampires_chapel_2_kurnous	塔路易庫爾諾斯大教堂	false
building_culture_variants_name_idrinth_hev_high_elf_vampires_chapel_2_khaine	塔路易凱恩大教堂	false
building_culture_variants_name_idrinth_hev_high_elf_vampires_chapel_0_beasts	獸醫小屋	false
building_culture_variants_name_idrinth_hev_high_elf_vampires_chapel_1_beasts	獸醫樓	false
building_culture_variants_name_idrinth_hev_high_elf_vampires_chapel_2_beasts	獸醫大院	false
building_culture_variants_name_idrinth_hev_high_elf_vampires_chapel_1_diplomacy	小型外交站	false
building_culture_variants_name_idrinth_hev_high_elf_vampires_chapel_2_diplomacy	外交站	false
building_culture_variants_name_idrinth_hev_high_elf_vampires_chapel_2_altar	祭壇工匠坊	false
building_culture_variants_name_idrinth_hev_high_elf_vampires_horde_0	小型塔路易營地	false
building_culture_variants_name_idrinth_hev_high_elf_vampires_horde_healer_wagon_0	治療師馬車	false
building_culture_variants_name_idrinth_hev_high_elf_vampires_horde_quartermaster_0	軍需官	false
building_culture_variants_name_idrinth_hev_high_elf_vampires_horde_trader_0	商人	false
building_culture_variants_name_idrinth_hev_high_elf_vampires_horde_1	塔路易營地	false
building_culture_variants_name_idrinth_hev_high_elf_vampires_horde_healer_wagon_1	大師治療師馬車	false
building_culture_variants_name_idrinth_hev_high_elf_vampires_horde_quartermaster_1	營地議會	false
building_culture_variants_name_idrinth_hev_high_elf_vampires_horde_trader_1	商賈	false
building_culture_variants_name_idrinth_hev_high_elf_vampires_horde_2	大型塔路易營地	false
building_culture_variants_name_idrinth_hev_high_elf_vampires_horde_healer_wagon_2	治療學院馬車	false
building_culture_variants_name_idrinth_hev_high_elf_vampires_horde_quartermaster_2	高級議會	false
building_culture_variants_name_idrinth_hev_high_elf_vampires_horde_trader_2	商會	false
building_culture_variants_name_idrinth_hev_high_elf_vampires_artisan_quarters_1	小型工匠區	false
building_culture_variants_name_idrinth_hev_high_elf_vampires_artisan_quarters_2	工匠區	false
building_culture_variants_name_idrinth_hev_high_elf_vampires_tavern_0	小型精靈酒館	false
building_culture_variants_name_idrinth_hev_high_elf_vampires_tavern_1	精靈酒館	false
building_culture_variants_name_idrinth_hev_high_elf_vampires_tavern_2	大型精靈酒館	false
building_culture_variants_name_idrinth_hev_high_elf_vampires_library_2	精靈圖書館	false
building_culture_variants_name_idrinth_hev_high_elf_vampires_horde_4	移動塔路易村莊	false
building_culture_variants_name_idrinth_hev_high_elf_vampires_horde_healer_wagon_4	治療學院車隊	false
building_culture_variants_name_idrinth_hev_high_elf_vampires_horde_quartermaster_4	村莊政府	false
building_culture_variants_name_idrinth_hev_high_elf_vampires_horde_trader_4	商人公會	false
building_sets_onscreen_description_idrinth_hev_high_elf_vampires_chapel	一群流亡者、冒險家和精靈族流浪者聚集在獻給他們神祇的教堂周圍。	false
building_sets_onscreen_name_idrinth_hev_high_elf_vampires_chapel	精靈社區教堂	false
building_sets_onscreen_name_idrinth_hev_high_elf_vampires_chapel_beast	精靈獸醫所	false
building_sets_onscreen_name_idrinth_hev_high_elf_vampires_chapel_diplomacy	精靈外交站	false
building_sets_onscreen_name_idrinth_hev_high_elf_vampires_chapel_altar	精靈工匠坊	false
building_sets_onscreen_description_idrinth_hev_high_elf_vampires_chapel_beast	精靈獸醫所	false
building_sets_onscreen_description_idrinth_hev_high_elf_vampires_chapel_diplomacy	精靈外交站	false
building_sets_onscreen_description_idrinth_hev_high_elf_vampires_chapel_altar	精靈工匠坊	false
building_sets_onscreen_description_idrinth_hev_high_elf_vampires_horde	精靈營地	false
building_sets_onscreen_description_idrinth_hev_high_elf_vampires_horde_healer_wagon	精靈治療師	false
building_sets_onscreen_description_idrinth_hev_high_elf_vampires_horde_quartermaster	精靈軍需官	false
building_sets_onscreen_description_idrinth_hev_high_elf_vampires_horde_trader	精靈商人	false
building_sets_onscreen_name_idrinth_hev_high_elf_vampires_horde	精靈營地	false
building_sets_onscreen_name_idrinth_hev_high_elf_vampires_horde_healer_wagon	精靈治療師	false
building_sets_onscreen_name_idrinth_hev_high_elf_vampires_horde_quartermaster	精靈軍需官	false
building_sets_onscreen_name_idrinth_hev_high_elf_vampires_horde_trader	精靈商人	false
building_sets_onscreen_name_idrinth_hev_high_elf_vampires_artisan_quarters	精靈工匠區	false
building_sets_onscreen_name_idrinth_hev_high_elf_vampires_tavern	精靈酒館	false
building_sets_onscreen_name_idrinth_hev_high_elf_vampires_library	精靈圖書館	false
building_sets_onscreen_description_idrinth_hev_high_elf_vampires_artisan_quarters	精靈工匠區	false
building_sets_onscreen_description_idrinth_hev_high_elf_vampires_tavern	精靈酒館	false
building_sets_onscreen_description_idrinth_hev_high_elf_vampires_library	精靈圖書館	false
building_short_description_texts_short_description_idrinth_hev_high_elf_vampires_chapel_0	為流亡者、冒險家和精靈族流浪者社區而建的教堂。這些精靈以伊德林斯為榜樣，作為他們生活方式的典範。	false
building_short_description_texts_short_description_idrinth_hev_high_elf_vampires_chapel_1_asuryan	為流亡者、冒險家和精靈族流浪者社區而建的教堂。這些精靈以伊德林斯為榜樣，以阿蘇瑞安之名生活。	false
building_short_description_texts_short_description_idrinth_hev_high_elf_vampires_chapel_1_kurnous	為流亡者、冒險家和精靈族流浪者社區而建的教堂。這些精靈以伊德林斯為榜樣，以庫爾諾斯之名生活。	false
building_short_description_texts_short_description_idrinth_hev_high_elf_vampires_chapel_1_khaine	為流亡者、冒險家和精靈族流浪者社區而建的教堂。這些精靈以伊德林斯為榜樣，以凱恩之名生活。	false
building_short_description_texts_short_description_idrinth_hev_high_elf_vampires_chapel_2_asuryan	為流亡者、冒險家和精靈族流浪者社區而建的大教堂。這些精靈以伊德林斯為榜樣，以阿蘇瑞安之名生活。	false
building_short_description_texts_short_description_idrinth_hev_high_elf_vampires_chapel_2_kurnous	為流亡者、冒險家和精靈族流浪者社區而建的大教堂。這些精靈以伊德林斯為榜樣，以庫爾諾斯之名生活。	false
building_short_description_texts_short_description_idrinth_hev_high_elf_vampires_chapel_2_khaine	為流亡者、冒險家和精靈族流浪者社區而建的大教堂。這些精靈以伊德林斯為榜樣，以凱恩之名生活。	false
building_short_description_texts_short_description_idrinth_hev_high_elf_vampires_chapel_0_beasts	一間小型獸醫小屋，幫助人類鄰居和野生動物的動物。	false
building_short_description_texts_short_description_idrinth_hev_high_elf_vampires_chapel_1_beasts	一棟獸醫樓，幫助人類鄰居和野生動物的動物。	false
building_short_description_texts_short_description_idrinth_hev_high_elf_vampires_chapel_2_beasts	一個大型獸醫建築群，幫助人類鄰居和野生動物的動物。	false
building_short_description_texts_short_description_idrinth_hev_high_elf_vampires_chapel_1_diplomacy	一個小型精靈外交站，允許與所有精靈王國進行更直接的溝通。	false
building_short_description_texts_short_description_idrinth_hev_high_elf_vampires_chapel_2_diplomacy	一個精靈外交站，允許與所有精靈王國進行更直接的溝通。	false
building_short_description_texts_short_description_idrinth_hev_high_elf_vampires_chapel_2_altar	一座建築，為教堂製作普通祭壇和戰爭祭壇。	false
building_short_description_texts_short_description_idrinth_hev_high_elf_vampires_horde_0	塔路易教堂部隊及其盟友的小型營地，由伊德林斯的親臨維繫。	false
building_short_description_texts_short_description_idrinth_hev_high_elf_vampires_horde_healer_wagon_0	一輛由受過訓練的治療師居住的馬車，可以幫助治療基本疾病。	false
building_short_description_texts_short_description_idrinth_hev_high_elf_vampires_horde_quartermaster_0	軍需官負責組織武器和盔甲的採購以及發放薪酬。	false
building_short_description_texts_short_description_idrinth_hev_high_elf_vampires_horde_trader_0	一輛普通商品商人的馬車，他認為跟隨軍隊有利可圖。	false
building_short_description_texts_short_description_idrinth_hev_high_elf_vampires_horde_1	塔路易教堂部隊及其盟友的營地，因對混沌的仇恨和伊德林斯的親臨而維繫在一起。	false
building_short_description_texts_short_description_idrinth_hev_high_elf_vampires_horde_healer_wagon_1	一群大師治療師和他們學徒的馬車，能夠處理大多數疾病。	false
building_short_description_texts_short_description_idrinth_hev_high_elf_vampires_horde_quartermaster_1	一個小型營地職能人員議會，幫助在民政和軍事方面組織營地。	false
building_short_description_texts_short_description_idrinth_hev_high_elf_vampires_horde_trader_1	多輛商人馬車，幫助資助軍隊，同時自己也獲得可觀的利潤。	false
building_short_description_texts_short_description_idrinth_hev_high_elf_vampires_horde_2	塔路易教堂部隊及其盟友的大型營地，因對混沌的仇恨、機會主義和伊德林斯的親臨而維繫在一起。	false
building_short_description_texts_short_description_idrinth_hev_high_elf_vampires_horde_healer_wagon_2	一群馬車，容納多位共同培訓學生並治療需要幫助者的大師治療師。	false
building_short_description_texts_short_description_idrinth_hev_high_elf_vampires_horde_quartermaster_2	由伊德林斯領導的營地職能人員議會，通過官員和裁決治理營地。	false
building_short_description_texts_short_description_idrinth_hev_high_elf_vampires_horde_trader_2	一個有組織的商人公會，以營地為基地，向各種人出售精靈商品並從中獲益。	false
building_short_description_texts_short_description_idrinth_hev_high_elf_vampires_artisan_quarters_1	一個小型工坊，生產精靈工藝品，讓教堂能夠產生貿易和收入。	false
building_short_description_texts_short_description_idrinth_hev_high_elf_vampires_artisan_quarters_2	一個大型工坊，生產精靈工藝品和魔法物品，讓教堂能夠產生貿易和收入。	false
building_short_description_texts_short_description_idrinth_hev_high_elf_vampires_tavern_0	一間小型酒館，讓教堂部隊和盟友在漫長的一天後休息。	false
building_short_description_texts_short_description_idrinth_hev_high_elf_vampires_tavern_1	一間酒館，讓教堂部隊和盟友在漫長的一天後休息。	false
building_short_description_texts_short_description_idrinth_hev_high_elf_vampires_tavern_2	一間大型酒館，讓教堂部隊和盟友在漫長的一天後休息。	false
building_short_description_texts_short_description_idrinth_hev_high_elf_vampires_library_2	一座收集精靈知識並進行更多研究的圖書館。	false
campaign_localised_strings_string_idrinth_godly_blessings_explanation	選擇將伊德林斯奉獻給哪位神祇，以獲得他們的關注。	false
campaign_localised_strings_string_idrinth_godly_favour_explanation	向眾神祈禱以獲得盟友的恩惠。	false
campaign_payload_ui_details_description_dummy_spawn_idrinth_thalui	招募這位陌生人。	false
cdir_events_dilemma_choice_details_localised_choice_label_idrinth_unlock_choiceFIRST	接受幫助。（英雄）	false
cdir_events_dilemma_choice_details_localised_choice_label_idrinth_unlock_choiceTHIRD	接受幫助。（將軍）	false
cdir_events_dilemma_choice_details_localised_choice_label_idrinth_unlock_choiceSECOND	趕走這個陌生人。	false
cdir_events_dilemma_choice_details_localised_choice_label_idrinth_dilemma_high_elvesFIRST	趕走使者	false
cdir_events_dilemma_choice_details_localised_choice_label_idrinth_dilemma_wood_elvesFIRST	強迫他們見面	false
cdir_events_dilemma_choice_details_localised_choice_label_idrinth_dilemma_kislevFIRST	交給伊德林斯	false
cdir_events_dilemma_choice_details_localised_choice_label_idrinth_dilemma_empireFIRST	讓她和伊德林斯討論過去的戰爭	false
cdir_events_dilemma_choice_details_localised_choice_label_idrinth_dilemma_vampire_countsFIRST	指控他殺害了僕人	false
cdir_events_dilemma_choice_details_localised_choice_label_idrinth_dilemma_high_elvesSECOND	質問伊德林斯	false
cdir_events_dilemma_choice_details_localised_choice_label_idrinth_dilemma_wood_elvesSECOND	藏起伊德林斯直到遊俠離開	false
cdir_events_dilemma_choice_details_localised_choice_label_idrinth_dilemma_kislevSECOND	處決他	false
cdir_events_dilemma_choice_details_localised_choice_label_idrinth_dilemma_empireSECOND	讓她和伊德林斯討論魔法	false
cdir_events_dilemma_choice_details_localised_choice_label_idrinth_dilemma_vampire_countsSECOND	詢問他關於卷軸的事	false
cdir_events_dilemma_choice_details_localised_choice_label_idrinth_dilemma_high_elvesTHIRD	安排他們見面	false
cdir_events_dilemma_choice_details_localised_choice_label_idrinth_dilemma_wood_elvesTHIRD	質問伊德林斯	false
cdir_events_dilemma_choice_details_localised_choice_label_idrinth_dilemma_kislevTHIRD	讓他加入你	false
cdir_events_dilemma_choice_details_localised_choice_label_idrinth_dilemma_empireTHIRD	詢問她關於伊德林斯的事	false
cdir_events_dilemma_choice_details_localised_choice_label_idrinth_dilemma_vampire_countsTHIRD	到別處尋找兇手	false
cdir_events_dilemma_choice_details_localised_choice_label_idrinth_dilemma_dwarvesFIRST	接近矮人詢問那個精靈的更多信息	false
cdir_events_dilemma_choice_details_localised_choice_label_idrinth_dilemma_dwarvesSECOND	詢問伊德林斯關於吸血鬼戰爭的事	false
cdir_events_dilemma_choice_details_localised_choice_label_idrinth_dilemma_dwarvesTHIRD	將伊德林斯介紹給矮人	false
cdir_events_dilemma_choice_details_localised_choice_label_idrinth_dilemma_weaponFIRST	阿蘇瑞安。	false
cdir_events_dilemma_choice_details_localised_choice_label_idrinth_dilemma_weaponSECOND	庫爾諾斯。	false
cdir_events_dilemma_choice_details_localised_choice_label_idrinth_dilemma_weaponTHIRD	凱恩。	false
cdir_events_dilemma_choice_details_localised_choice_label_idrinth_dilemma_armourFIRST	阿蘇瑞安。	false
cdir_events_dilemma_choice_details_localised_choice_label_idrinth_dilemma_armourSECOND	庫爾諾斯。	false
cdir_events_dilemma_choice_details_localised_choice_label_idrinth_dilemma_armourTHIRD	凱恩。	false
cdir_events_dilemma_choice_details_localised_choice_label_idrinth_dilemma_talismanFIRST	阿蘇瑞安。	false
cdir_events_dilemma_choice_details_localised_choice_label_idrinth_dilemma_talismanSECOND	庫爾諾斯。	false
cdir_events_dilemma_choice_details_localised_choice_label_idrinth_dilemma_talismanTHIRD	凱恩。	false
cdir_events_dilemma_choice_details_localised_choice_label_idrinth_mode_choiceFIRST	更嚴格的設定友好度。	false
cdir_events_dilemma_choice_details_localised_choice_label_idrinth_mode_choiceSECOND	更寬鬆的設定友好度。	false
cdir_events_dilemma_choice_details_localised_choice_label_idrinth_dilemma_unlock_high_elvesFIRST	願阿蘇瑞安憐憫我們。	false
cdir_events_dilemma_choice_details_localised_choice_label_idrinth_dilemma_unlock_wood_elvesFIRST	願庫爾諾斯憐憫我們。	false
cdir_events_dilemma_choice_details_localised_choice_label_idrinth_dilemma_unlock_kislevFIRST	願烏爾森原諒我們。	false
cdir_events_dilemma_choice_details_localised_choice_label_idrinth_dilemma_unlock_empireFIRST	願西格瑪原諒我們。	false
cdir_events_dilemma_choice_details_localised_choice_label_idrinth_dilemma_unlock_vampire_countsFIRST	好的。	false
cdir_events_dilemma_choice_details_localised_choice_label_idrinth_levelMinimum_choiceFIRST	前期	false
cdir_events_dilemma_choice_details_localised_choice_label_idrinth_levelMinimum_choiceSECOND	遊戲早期後段。	false
cdir_events_dilemma_choice_details_localised_choice_label_idrinth_levelMinimum_choiceTHIRD	中前期	false
cdir_events_dilemma_choice_details_localised_choice_label_idrinth_levelMinimum_choiceFOURTH	中期	false
cdir_events_dilemma_choice_details_localised_choice_label_idrinth_chapels_choiceFIRST	是的，啟用教堂。	false
cdir_events_dilemma_choice_details_localised_choice_label_idrinth_chapels_choiceSECOND	不，只要英雄。	false
cdir_events_dilemma_choice_details_localised_choice_label_idrinth_story_dilemma_drakenhofFIRST	了解了。	false
cdir_events_dilemma_choice_details_localised_choice_label_idrinth_story_dilemma_temple_of_khaineFIRST	了解了。	false
cdir_events_dilemma_choice_details_localised_choice_label_idrinth_story_dilemma_shrine_of_khaineFIRST	了解了。	false
cdir_events_dilemma_choice_details_localised_choice_label_idrinth_story_dilemma_temple_of_asuryanFIRST	了解了。	false
cdir_events_dilemma_choice_details_localised_choice_label_idrinth_story_dilemma_temple_of_kurnousFIRST	了解了。	false
cdir_events_dilemma_choice_details_localised_choice_label_idrinth_story_dilemma_shrine_of_loecFIRST	了解了。	false
cdir_events_dilemma_choice_details_localised_choice_label_idrinth_story_dilemma_hel_fennFIRST	了解了。	false
cdir_events_dilemma_choice_details_localised_choice_label_idrinth_story_dilemma_black_pyramidFIRST	了解了。	false
cdir_events_dilemma_choice_details_localised_choice_label_idrinth_story_dilemma_vauls_anvil_ulthuanFIRST	了解了。	false
cdir_events_dilemma_choice_details_localised_choice_label_idrinth_story_dilemma_vauls_anvil_naggarothFIRST	了解了。	false
cdir_events_dilemma_choice_details_localised_choice_label_idrinth_story_dilemma_vauls_anvil_lorenFIRST	了解了。	false
cdir_events_dilemma_choice_details_localised_choice_label_idrinth_story_dilemma_tower_of_hoethFIRST	了解了。	false
cdir_events_dilemma_choice_details_localised_choice_label_idrinth_story_dilemma_blood_keepFIRST	了解了。	false
cdir_events_dilemma_choice_details_localised_choice_label_idrinth_story_dilemma_oak_of_agesFIRST	了解了。	false
cdir_events_dilemma_choice_details_localised_choice_label_idrinth_story_dilemma_the_galleons_graveyardFIRST	了解了。	false
cdir_events_dilemma_choice_details_localised_choice_label_idrinth_story_dilemma_sartosaFIRST	了解了。	false
cdir_events_dilemma_choice_details_localised_choice_label_idrinth_story_dilemma_lahmiaFIRST	了解了。	false
cdir_events_dilemma_choice_details_localised_choice_label_idrinth_story_dilemma_ghrondFIRST	了解了。	false
cdir_events_dilemma_choice_details_localised_choice_label_idrinth_story_choiceFIRST	是的，啟用故事事件。	false
cdir_events_dilemma_choice_details_localised_choice_label_idrinth_story_choiceSECOND	不，只要英雄。	false
cdir_events_dilemma_choice_details_localised_choice_label_idrinth_dilemma_unlock_dark_elvesFIRST	願凱恩憐憫我們。	false
cdir_events_dilemma_choice_details_localised_choice_label_idrinth_dilemma_unlock_nagashFIRST	願這迷失的孩子好好服務。	false
cdir_events_dilemma_choice_details_localised_choice_label_idrinth_dilemma_unlock_cathayFIRST	願他保持平衡。	false
cdir_events_dilemma_choice_details_localised_choice_label_idrinth_dilemma_unlock_bretonniaFIRST	願聖女原諒我們。	false
cdir_events_dilemma_choice_details_localised_choice_label_idrinth_dilemma_unlock_vampire_coastFIRST	願有豐厚的戰利品。	false
character_skills_localised_name_idrinth_wh2_main_skill_all_hero_assist_army_training	軍隊訓練	false
character_skills_localised_name_idrinth_wh2_main_skill_all_hero_hinder_agent_assassinate	暗殺	false
character_skills_localised_name_idrinth_wh2_main_skill_all_hero_hinder_army_assault_units	襲擊部隊	false
character_skills_localised_name_idrinth_wh2_main_skill_all_hero_reduce_action_cost	專家	false
character_skills_localised_name_idrinth_wh2_main_skill_hef_combat_valour_of_ages	歲月之勇	false
character_skills_localised_name_idrinth_wh2_main_skill_hef_generic_speed_of_asuryan	阿蘇瑞安之速	false
character_skills_localised_name_idrinth_wh2_main_skill_hef_generic_warding_of_hoeth	霍斯之護	false
character_skills_localised_name_idrinth_wh2_main_skill_hef_generic_warding_of_loec	洛艾克之護	false
character_skills_localised_name_idrinth_wh3_dlc24_skill_all_all_self_colossal_strike	巨力一擊	false
character_skills_localised_name_idrinth_wh_main_skill_all_all_self_blade_master	劍術大師	false
character_skills_localised_name_idrinth_wh_main_skill_all_all_self_hard_to_hit	難以命中	false
character_skills_localised_name_idrinth_wh_main_skill_all_dignitary_self_conviction	信念	false
character_skills_localised_name_idrinth_wh_main_skill_all_dignitary_self_fervour	熱忱	false
character_skills_localised_name_idrinth_wh_main_skill_all_dignitary_self_inviolable_2	不可侵犯	false
character_skills_localised_name_idrinth_wh_main_skill_all_dignitary_self_tenacity_2	堅韌	false
character_skills_localised_name_idrinth_wh_main_skill_all_magic_all_06_evasion	閃避	false
character_skills_localised_name_idrinth_wh_main_skill_all_magic_all_07_earthing	接地	false
character_skills_localised_name_idrinth_wh_main_skill_all_magic_all_08_power_drain	能量汲取	false
character_skills_localised_name_idrinth_wh_main_skill_all_magic_all_11_arcane_conduit	奧術導管	false
character_skills_localised_name_idrinth_wh_main_skill_vmp_dignitary_self_immortal_will	不朽意志	false
character_skills_localised_name_idrinth_wh_main_skill_vmp_magic_vampires_01_invocation_of_nehek	納赫克召喚	false
character_skills_localised_name_idrinth_wh_main_skill_vmp_magic_vampires_02_vanhels_danse_macabre	范海爾的死亡之舞	false
character_skills_localised_name_idrinth_wh_main_skill_vmp_magic_vampires_04_gaze_of_nagash	納迦什之凝視	false
character_skills_localised_name_idrinth_wh_main_skill_vmp_magic_vampires_09_curse_of_years	歲月詛咒	false
character_skills_localised_name_idrinth_wh_main_skill_vmp_magic_vampires_10_wind_of_death	死亡之風	false
character_skills_localised_description_idrinth_wh2_main_skill_all_hero_assist_army_training		false
character_skills_localised_description_idrinth_wh2_main_skill_all_hero_hinder_agent_assassinate		false
character_skills_localised_description_idrinth_wh2_main_skill_all_hero_hinder_army_assault_units		false
character_skills_localised_description_idrinth_wh2_main_skill_all_hero_reduce_action_cost		false
character_skills_localised_description_idrinth_wh2_main_skill_hef_combat_valour_of_ages		false
character_skills_localised_description_idrinth_wh2_main_skill_hef_generic_speed_of_asuryan		false
character_skills_localised_description_idrinth_wh2_main_skill_hef_generic_warding_of_hoeth		false
character_skills_localised_description_idrinth_wh2_main_skill_hef_generic_warding_of_loec		false
character_skills_localised_description_idrinth_wh3_dlc24_skill_all_all_self_colossal_strike		false
character_skills_localised_description_idrinth_wh_main_skill_all_all_self_blade_master		false
character_skills_localised_description_idrinth_wh_main_skill_all_all_self_hard_to_hit		false
character_skills_localised_description_idrinth_wh_main_skill_all_dignitary_self_conviction		false
character_skills_localised_description_idrinth_wh_main_skill_all_dignitary_self_fervour		false
character_skills_localised_description_idrinth_wh_main_skill_all_dignitary_self_inviolable_2		false
character_skills_localised_description_idrinth_wh_main_skill_all_dignitary_self_tenacity_2		false
character_skills_localised_description_idrinth_wh_main_skill_all_magic_all_06_evasion		false
character_skills_localised_description_idrinth_wh_main_skill_all_magic_all_07_earthing		false
character_skills_localised_description_idrinth_wh_main_skill_all_magic_all_08_power_drain		false
character_skills_localised_description_idrinth_wh_main_skill_all_magic_all_11_arcane_conduit		false
character_skills_localised_description_idrinth_wh_main_skill_vmp_dignitary_self_immortal_will		false
character_skills_localised_description_idrinth_wh_main_skill_vmp_magic_vampires_01_invocation_of_nehek		false
character_skills_localised_description_idrinth_wh_main_skill_vmp_magic_vampires_02_vanhels_danse_macabre		false
character_skills_localised_description_idrinth_wh_main_skill_vmp_magic_vampires_04_gaze_of_nagash		false
character_skills_localised_description_idrinth_wh_main_skill_vmp_magic_vampires_09_curse_of_years		false
character_skills_localised_description_idrinth_wh_main_skill_vmp_magic_vampires_10_wind_of_death		false
character_skills_localised_description_idrinth_wh_dlc05_skill_magic_shadow_enfeebling_foe	施放時，此法術會削弱敵人的意志；他們感到現實的壓迫重量壓在他們身上。	false
character_skills_localised_description_idrinth_wh_dlc05_skill_magic_shadow_mystifying_miasma	施法者編織一團令人困惑的迷霧，使敵人麻木和迷惑，導致他們跌跌撞撞。	false
character_skills_localised_description_idrinth_wh_dlc05_skill_magic_shadow_pit_of_shades	施法者打開通往深淵的漩渦。任何被困其中的東西都將永遠消失。	false
character_skills_localised_description_idrinth_wh_dlc05_skill_magic_shadow_the_withering	巫師從內部摧毀敵人，用懷疑和危機腐蝕敵人的心靈。	false
character_skills_localised_description_idrinth_wh_main_skill_all_magic_death_01_spirit_leech		false
character_skills_localised_description_idrinth_wh_main_skill_all_magic_death_04_soulblight		false
character_skills_localised_description_idrinth_wh_main_skill_all_magic_death_05_doom_and_darkness		false
character_skills_localised_description_idrinth_wh_main_skill_all_magic_death_09_the_fate_of_bjuna		false
character_skills_localised_name_idrinth_wh_dlc05_skill_magic_shadow_enfeebling_foe	虛弱之敵	false
character_skills_localised_name_idrinth_wh_dlc05_skill_magic_shadow_mystifying_miasma	美寇斯的迷惑瘴氣	false
character_skills_localised_name_idrinth_wh_dlc05_skill_magic_shadow_pit_of_shades	暗影深淵	false
character_skills_localised_name_idrinth_wh_dlc05_skill_magic_shadow_the_withering	凋零	false
character_skills_localised_name_idrinth_wh_main_skill_all_magic_death_01_spirit_leech	靈魂吸取	false
character_skills_localised_name_idrinth_wh_main_skill_all_magic_death_04_soulblight	靈魂枯萎	false
character_skills_localised_name_idrinth_wh_main_skill_all_magic_death_05_doom_and_darkness	末日與黑暗	false
character_skills_localised_name_idrinth_wh_main_skill_all_magic_death_09_the_fate_of_bjuna	比尤納的命運	false
character_skills_localised_name_idrinth_skill_magic_weapon_master	劍弓與魔法大師	false
character_skills_localised_description_idrinth_skill_magic_weapon_master	如果可以施法、射擊或劈砍，這位大師已經掌握了他決定學習的一切。	false
character_skills_localised_description_idrinth_wh_dlc05_skill_wef_army_buff_ranged_ammunition	沒有箭的遊俠是什麼？沒有幾十支箭怎能成為最強？	false
character_skills_localised_description_idrinth_wh_dlc05_skill_wef_army_buff_ranged_extra_reload	遊俠不應給敵人喘息之機。箭矢必須如洪水般落下，如閃電般致命。	false
character_skills_localised_description_idrinth_wh_dlc05_skill_wef_army_buff_ranged_missile_damage	讓每支箭都注入庫爾諾斯的力量，給他所有的敵人帶來死亡。	false
character_skills_localised_description_idrinth_wh_dlc05_skill_wef_general_personal_buff_ranged_ability_high_tier_killer_1	當箭矢飛得更遠，它可能更早殺敵，這在狩獵中至關重要。	false
character_skills_localised_name_idrinth_wh_dlc05_skill_wef_army_buff_ranged_ammunition	自然的箭袋	false
character_skills_localised_name_idrinth_wh_dlc05_skill_wef_army_buff_ranged_extra_reload	荊棘之雨	false
character_skills_localised_name_idrinth_wh_dlc05_skill_wef_army_buff_ranged_missile_damage	森林之箭	false
character_skills_localised_name_idrinth_wh_dlc05_skill_wef_general_personal_buff_ranged_ability_high_tier_killer_1	庫爾諾斯之箭	false
character_skills_localised_description_idrinth_loremaster_lore_of_death	這位法師見證並造成了太多死亡，他與死亡之風緊密相連。	false
character_skills_localised_name_idrinth_loremaster_lore_of_death	學術大師：死亡	false
character_skills_localised_description_idrinth_loremaster_lore_of_shadows	這位法師是影戲的大師。	false
character_skills_localised_name_idrinth_loremaster_lore_of_shadows	學術大師：暗影	false
character_skills_localised_description_idrinth_loremaster_lore_of_vampires	這位法師完全掌握了亡靈術。	false
character_skills_localised_name_idrinth_loremaster_lore_of_vampires	學術大師：吸血鬼	false
character_skills_localised_name_idrinth_diplomat_high_elves	跨越時代的親族	false
character_skills_localised_name_idrinth_diplomat_wood_elves	狩獵同族	false
character_skills_localised_name_idrinth_diplomat_dark_elves	被詛咒的同族	false
character_skills_localised_name_idrinth_diplomat_vampire_coast	血與鹽的同族	false
character_skills_localised_name_idrinth_diplomat_vampire_counts	血親	false
character_skills_localised_name_idrinth_diplomat_bretonnia	榮譽與誓言	false
character_skills_localised_name_idrinth_diplomat_norsca	強者為王	false
character_skills_localised_name_idrinth_diplomat_kislev	苦寒之地	false
character_skills_localised_name_idrinth_diplomat_cathay	平衡之計	false
character_skills_localised_name_idrinth_diplomat_empire	為了人類的未來	false
character_skills_localised_name_idrinth_diplomat_lizardmen	鱗甲之計	false
character_skills_localised_name_idrinth_diplomat_dwarves	古老誓言	false
character_skills_localised_name_idrinth_ranger_knowledge	遊俠知識	false
character_skills_localised_name_idrinth_blade_dancing	劍舞	false
character_skills_localised_name_idrinth_unusual_training	非常規訓練	false
character_skills_localised_name_idrinth_running_wild	狂野奔跑	false
character_skills_localised_name_idrinth_veterans	精靈老兵	false
character_skills_localised_name_idrinth_strong_as_stone	堅如磐石	false
character_skills_localised_name_idrinth_beasts_of_nature	自然之獸	false
character_skills_localised_description_idrinth_ranger_knowledge		false
character_skills_localised_description_idrinth_blade_dancing		false
character_skills_localised_description_idrinth_unusual_training		false
character_skills_localised_description_idrinth_running_wild		false
character_skills_localised_description_idrinth_veterans		false
character_skills_localised_description_idrinth_strong_as_stone		false
character_skills_localised_description_idrinth_beasts_of_nature		false
character_skills_localised_name_idrinth_lord_of_free_blades	自由之劍領主	false
character_skills_localised_description_idrinth_lord_of_free_blades		false
character_skills_localised_name_idrinth_hidden_paths	隱秘小徑	false
character_skills_localised_description_idrinth_hidden_paths		false
character_skills_localised_name_idrinth_elven_healing	精靈治療	false
character_skills_localised_description_idrinth_elven_healing		false
character_skills_localised_name_idrinth_knowledge_sharing	知識分享	false
character_skills_localised_description_idrinth_knowledge_sharing		false
character_trait_levels_colour_text_idrinth_elf_slayer_khaine_known	你是凱恩和其他精靈所知的精靈殺手。	false
character_trait_levels_explanation_text_idrinth_elf_slayer_khaine_known	你與許多精靈軍隊交戰過。	false
character_trait_levels_onscreen_name_idrinth_elf_slayer_khaine_known	凱恩詛咒的精靈殺手	false
character_trait_levels_removal_text_idrinth_elf_slayer_khaine_known		false
character_trait_levels_colour_text_idrinth_elf_slayer_khaine_despised	你是凱恩和其他精靈所知的精靈殺手。	false
character_trait_levels_explanation_text_idrinth_elf_slayer_khaine_despised	你與許多精靈軍隊交戰過。	false
character_trait_levels_onscreen_name_idrinth_elf_slayer_khaine_despised	被鄙視的凱恩詛咒精靈殺手	false
character_trait_levels_removal_text_idrinth_elf_slayer_khaine_despised		false
character_trait_levels_colour_text_idrinth_elf_slayer_khaine_hated	你是凱恩和其他精靈所知的精靈殺手。	false
character_trait_levels_explanation_text_idrinth_elf_slayer_khaine_hated	你與許多精靈軍隊交戰過。	false
character_trait_levels_onscreen_name_idrinth_elf_slayer_khaine_hated	被憎恨的凱恩詛咒精靈殺手	false
character_trait_levels_removal_text_idrinth_elf_slayer_khaine_hated		false
character_trait_levels_colour_text_idrinth_elf_slayer_kurnous_known	你是庫爾諾斯和其他精靈所知的精靈殺手。	false
character_trait_levels_explanation_text_idrinth_elf_slayer_kurnous_known	你與許多精靈軍隊交戰過。	false
character_trait_levels_onscreen_name_idrinth_elf_slayer_kurnous_known	庫爾諾斯詛咒的精靈殺手	false
character_trait_levels_removal_text_idrinth_elf_slayer_kurnous_known		false
character_trait_levels_colour_text_idrinth_elf_slayer_kurnous_despised	你是庫爾諾斯和其他精靈所知的精靈殺手。	false
character_trait_levels_explanation_text_idrinth_elf_slayer_kurnous_despised	你與許多精靈軍隊交戰過。	false
character_trait_levels_onscreen_name_idrinth_elf_slayer_kurnous_despised	被鄙視的庫爾諾斯詛咒精靈殺手	false
character_trait_levels_removal_text_idrinth_elf_slayer_kurnous_despised		false
character_trait_levels_colour_text_idrinth_elf_slayer_kurnous_hated	你是庫爾諾斯和其他精靈所知的精靈殺手。	false
character_trait_levels_explanation_text_idrinth_elf_slayer_kurnous_hated	你與許多精靈軍隊交戰過。	false
character_trait_levels_onscreen_name_idrinth_elf_slayer_kurnous_hated	被憎恨的庫爾諾斯詛咒精靈殺手	false
character_trait_levels_removal_text_idrinth_elf_slayer_kurnous_hated		false
character_trait_levels_colour_text_idrinth_elf_slayer_asuryan_known	你是阿蘇瑞安和其他精靈所知的精靈殺手。	false
character_trait_levels_explanation_text_idrinth_elf_slayer_asuryan_known	你與許多精靈軍隊交戰過。	false
character_trait_levels_onscreen_name_idrinth_elf_slayer_asuryan_known	阿蘇瑞安詛咒的精靈殺手	false
character_trait_levels_removal_text_idrinth_elf_slayer_asuryan_known		false
character_trait_levels_colour_text_idrinth_elf_slayer_asuryan_despised	你是阿蘇瑞安和其他精靈所知的精靈殺手。	false
character_trait_levels_explanation_text_idrinth_elf_slayer_asuryan_despised	你與許多精靈軍隊交戰過。	false
character_trait_levels_onscreen_name_idrinth_elf_slayer_asuryan_despised	被鄙視的阿蘇瑞安詛咒精靈殺手	false
character_trait_levels_removal_text_idrinth_elf_slayer_asuryan_despised		false
character_trait_levels_colour_text_idrinth_elf_slayer_asuryan_hated	你是阿蘇瑞安和其他精靈所知的精靈殺手。	false
character_trait_levels_explanation_text_idrinth_elf_slayer_asuryan_hated	你與許多精靈軍隊交戰過。	false
character_trait_levels_onscreen_name_idrinth_elf_slayer_asuryan_hated	被憎恨的阿蘇瑞安詛咒精靈殺手	false
character_trait_levels_removal_text_idrinth_elf_slayer_asuryan_hated		false
character_trait_levels_onscreen_name_idrinth_killer	復仇是我的	false
character_trait_levels_removal_text_idrinth_killer		false
character_trait_levels_explanation_text_idrinth_killer	你擊敗了伊德林斯·塔路易。	false
character_trait_levels_colour_text_idrinth_killer	擊敗這位傳奇領主讓你對戰鬥有了更深的理解。	false
character_trait_levels_onscreen_name_idrinth_devotion_asuryan_positive_1	阿蘇瑞安信徒	false
character_trait_levels_onscreen_name_idrinth_devotion_asuryan_positive_2	阿蘇瑞安祭司	false
character_trait_levels_onscreen_name_idrinth_devotion_asuryan_positive_3	阿蘇瑞安狂熱者	false
character_trait_levels_onscreen_name_idrinth_devotion_asuryan_negative_1	阿蘇瑞安懷疑者	false
character_trait_levels_onscreen_name_idrinth_devotion_asuryan_negative_2	阿蘇瑞安叛逆者	false
character_trait_levels_onscreen_name_idrinth_devotion_khaine_positive_1	凱恩信徒	false
character_trait_levels_onscreen_name_idrinth_devotion_khaine_positive_2	凱恩祭司	false
character_trait_levels_onscreen_name_idrinth_devotion_khaine_positive_3	凱恩狂熱者	false
character_trait_levels_onscreen_name_idrinth_devotion_khaine_negative_1	凱恩懷疑者	false
character_trait_levels_onscreen_name_idrinth_devotion_khaine_negative_2	凱恩叛逆者	false
character_trait_levels_onscreen_name_idrinth_devotion_kurnous_positive_1	庫爾諾斯信徒	false
character_trait_levels_onscreen_name_idrinth_devotion_kurnous_positive_2	庫爾諾斯祭司	false
character_trait_levels_onscreen_name_idrinth_devotion_kurnous_positive_3	庫爾諾斯狂熱者	false
character_trait_levels_onscreen_name_idrinth_devotion_kurnous_negative_1	庫爾諾斯懷疑者	false
character_trait_levels_onscreen_name_idrinth_devotion_kurnous_negative_2	庫爾諾斯叛逆者	false
character_trait_levels_onscreen_name_idrinth_thalui_name_active	塔路易	false
cultures_frontend_description_idrinth_hev_high_elf_vampires	塔路易教堂網絡橫跨各國，擁有稀少但強大的教堂建築，守護關鍵定居點並在混沌勢力構成更大威脅之前阻止它們。	false
cultures_name_idrinth_hev_high_elf_vampires	塔路易教堂	false
cultures_subcultures_battle_playstyle_description_idrinth_hev_high_elf_vampires	塔路易教堂是由傭兵、冒險者和流亡者組成的混合精靈團體。塔路易教堂網絡橫跨各國，擁有稀少但強大的教堂建築，守護關鍵定居點並在混沌勢力構成更大威脅之前阻止它們。	false
cultures_subcultures_confederation_screen_name_idrinth_hev_high_elf_vampires		false
cultures_subcultures_confederation_summary_name_idrinth_hev_high_elf_vampires		false
cultures_subcultures_name_idrinth_hev_high_elf_vampires	塔路易教堂	false
dilemmas_localised_description_idrinth_unlock_choice	一位身穿長袍的陌生人在某個夜晚出現，願意以小額費用提供他的幫助。你接受這份幫助嗎？	false
dilemmas_localised_title_idrinth_unlock_choice	陌生人	false
dilemmas_localised_description_idrinth_dilemma_high_elves	一位精靈使者到來，尋找一位叫伊德林斯的人。你認識的伊德林斯到目前為止一直躲避他，也許你可以幫忙？	false
dilemmas_localised_description_idrinth_dilemma_wood_elves	一位森林精靈遊俠來到你的營地。聲稱她需要找到她那沾滿鮮血的表親。雖然伊德林斯很快確認他就是被找的人，但他拒絕見面。	false
dilemmas_localised_description_idrinth_dilemma_empire	一位老學者來到你的營地。帶著過去的書籍，她聲稱為你找到了有價值的知識。	false
dilemmas_localised_description_idrinth_dilemma_kislev	夜裡，當冰冷的風折磨著你的守衛時，他們抓住了一個試圖潛入營地的基斯列夫人。他年輕且看起來無害，但你該如何處置他？	false
dilemmas_localised_description_idrinth_dilemma_vampire_counts	一天夜裡，你發現你的一名僕人被抽乾血液，倒在伊德林斯帳篷外面。你衝進去，發現他坐在桌旁閱讀一卷古老的卷軸。	false
dilemmas_localised_title_idrinth_dilemma_high_elves	使者	false
dilemmas_localised_title_idrinth_dilemma_wood_elves	血親	false
dilemmas_localised_title_idrinth_dilemma_kislev	入侵者！	false
dilemmas_localised_title_idrinth_dilemma_empire	學者	false
dilemmas_localised_title_idrinth_dilemma_vampire_counts	僕人之死	false
dilemmas_localised_description_idrinth_dilemma_dwarves	附近發現了一群矮人。你的斥候偷聽到他們講述吸血鬼戰爭的故事。其中提到的一位精靈聽起來很像伊德林斯。	false
dilemmas_localised_title_idrinth_dilemma_dwarves	舊仇	false
dilemmas_localised_description_idrinth_dilemma_weapon	最近一次狩獵後，伊德林斯帶著一件看起來像是古代精靈武器的東西來找你。他請你建議該將它獻給哪位神祇。	false
dilemmas_localised_title_idrinth_dilemma_weapon	受祝福的武器	false
dilemmas_localised_description_idrinth_dilemma_armour	最近一場戰鬥後，伊德林斯帶著一件看起來像是古代精靈盔甲的東西來找你。他請你建議該將它獻給哪位神祇。	false
dilemmas_localised_title_idrinth_dilemma_armour	受祝福的盔甲	false
dilemmas_localised_description_idrinth_dilemma_talisman	在結束一天的旅程後，伊德林斯帶著一件看起來像是古代精靈護符的東西來找你。他請你建議該將它獻給哪位神祇。	false
dilemmas_localised_title_idrinth_dilemma_talisman	受祝福的護符	false
dilemmas_localised_description_idrinth_mode_choice	啟用更嚴格的設定友好度以限制騎士學者伊德林斯·塔路易的招募文化為高等精靈、森林精靈、基斯列夫、帝國和吸血鬼伯爵。選擇較寬鬆模式則會將吸血鬼海岸、納迦什軍團、暗黑精靈、震旦天朝和布列塔尼亞也加入列表中。	false
dilemmas_localised_title_idrinth_mode_choice	模式：嚴格或寬鬆設定友好度	false
dilemmas_localised_description_idrinth_dilemma_unlock_high_elves	接受你的金幣後，這位陌生人自我介紹為一位名叫伊德林斯的阿蘇爾同胞。脫下他的旅行長袍，你看到一位學術大師飽經戰鬥的盔甲，配套的巨劍和一把金屬弓，以及冷峻的眼神暗示著即將發生的暴行。	false
dilemmas_localised_title_idrinth_dilemma_unlock_high_elves	伊德林斯·塔路易	false
dilemmas_localised_description_idrinth_dilemma_unlock_wood_elves	我期待與森林的獵人並肩作戰，表親，這位阿蘇爾用友好的語氣說道，同時收拾著他的報酬和旅行斗篷。我可能不如你們射得準，但我不會拖你們後腿。一絲略帶玩味的微笑在他蒼白的嘴唇上浮現，然後消失。讓我們一起進行一場將被傳頌數個世紀的狩獵吧！	false
dilemmas_localised_title_idrinth_dilemma_unlock_wood_elves	伊德林斯·塔路易	false
dilemmas_localised_description_idrinth_dilemma_unlock_kislev	這位陌生人在收到報酬後脫下外衣，露出他旅行長袍下的精靈面孔和精靈武器。我叫伊德林斯，我與我們的敵人戰鬥的時間比你們大多數人活著的時間還要長。我很樂意與部隊一起訓練並教導他們。一絲淡淡的微笑在他蒼白的嘴唇上浮現，然後在他那張不老的臉上消失。	false
dilemmas_localised_title_idrinth_dilemma_unlock_kislev	伊德林斯·塔路易	false
dilemmas_localised_description_idrinth_dilemma_unlock_empire	我曾與信奉烏爾里克或西格瑪的戰士並肩戰鬥、流血。我們有共同的敵人，他一邊脫下旅行長袍一邊說道，我期待與你們一起將他們擊退。為了世界的改善而分享我的知識。他冷漠地看著祈禱中的人們，然後將注意力轉回將軍和他的守衛。	false
dilemmas_localised_title_idrinth_dilemma_unlock_empire	伊德林斯·塔路易	false
dilemmas_localised_description_idrinth_dilemma_unlock_vampire_counts	這位陌生人放下兜帽，露出精靈的面容。我不是毀滅的朋友，但我們的敵人逼我出手。他一邊把金幣收入囊中一邊說道，多年後回到危難中的家人身邊是正確的，無論那個家人是誰。你不同意嗎？	false
dilemmas_localised_title_idrinth_dilemma_unlock_vampire_counts	伊德林斯·塔路易	false
dilemmas_localised_description_idrinth_chapels_choice	你想為你的戰役啟用塔路易教堂嗎？與只擁有英雄相比，它們提供更多的防禦和選擇。	false
dilemmas_localised_description_idrinth_levelMinimum_choice	要招募騎士學者伊德林斯·塔路易，你需要有一位達到最低等級的將軍。你希望多早能夠招募他？	false
dilemmas_localised_title_idrinth_story_choice	故事事件	false
dilemmas_localised_description_idrinth_story_choice	你想在伊德林斯到達特定重要地點時啟用故事事件嗎？	false
dilemmas_localised_title_idrinth_chapels_choice	塔路易教堂	false
dilemmas_localised_title_idrinth_levelMinimum_choice	聲望等級	false
dilemmas_localised_title_idrinth_story_dilemma_drakenhof	德拉肯霍夫	false
dilemmas_localised_title_idrinth_story_dilemma_temple_of_khaine	凱恩神殿	false
dilemmas_localised_title_idrinth_story_dilemma_shrine_of_khaine	凱恩聖壇	false
dilemmas_localised_title_idrinth_story_dilemma_temple_of_asuryan	阿蘇瑞安神殿	false
dilemmas_localised_title_idrinth_story_dilemma_temple_of_kurnous	庫爾諾斯神殿	false
dilemmas_localised_title_idrinth_story_dilemma_shrine_of_loec	洛艾克聖壇	false
dilemmas_localised_title_idrinth_story_dilemma_hel_fenn	地獄沼澤	false
dilemmas_localised_title_idrinth_story_dilemma_black_pyramid	納迦什的黑金字塔	false
dilemmas_localised_title_idrinth_story_dilemma_vauls_anvil_ulthuan	奧蘇安的瓦烏爾之砧	false
dilemmas_localised_title_idrinth_story_dilemma_vauls_anvil_naggaroth	納迦羅斯的瓦烏爾之砧	false
dilemmas_localised_title_idrinth_story_dilemma_vauls_anvil_loren	阿瑟洛倫的瓦烏爾之砧	false
dilemmas_localised_title_idrinth_story_dilemma_tower_of_hoeth	霍斯之塔	false
dilemmas_localised_title_idrinth_story_dilemma_blood_keep	血之堡壘	false
dilemmas_localised_title_idrinth_story_dilemma_oak_of_ages	萬古橡樹	false
dilemmas_localised_title_idrinth_story_dilemma_the_galleons_graveyard	帆船墳場	false
dilemmas_localised_title_idrinth_story_dilemma_sartosa	薩托薩	false
dilemmas_localised_title_idrinth_story_dilemma_lahmia	拉米亞	false
dilemmas_localised_title_idrinth_story_dilemma_ghrond	格隆德	false
dilemmas_localised_description_idrinth_story_dilemma_drakenhof	德拉肯霍夫城堡的黑色尖塔刺穿了西瓦尼亞永恆的陰霾。伊德林斯一動不動地站在城門前，吸血鬼戰爭的記憶不請自來地湧現。「我曾在這裡流血，」他低語道，「然後重生。馮·卡斯坦家族教會了我什麼是我已經變成的存在——無論我是否願意學習。」他的手放在劍柄上。他是作為血親進入，還是作為他們的野心給這個世界帶來代價的提醒？	false
dilemmas_localised_description_idrinth_story_dilemma_temple_of_khaine	凱恩神殿從納迦羅斯的荒野中拔地而起，祭壇上滿是新鮮的祭品。伊德林斯感受到了謀殺之神的注視——不是帶著仇恨，而是帶著飢渴的認可。「你知道我劍下的亡魂數目，」他向血腥的黑暗低語。「每一個我終結的混沌孽種，每一個我驅逐的惡魔。這讓你滿意嗎，血手神？還是你只是在等待我將它轉向無辜者的那一天？」	false
dilemmas_localised_description_idrinth_story_dilemma_shrine_of_khaine	凱恩之劍散發著惡毒的承諾，它的低語甚至能穿透伊德林斯亡靈般的靜止。他凝視著寡婦製造者良久。「艾納里昂拿起你是為了拯救我們的族人，卻永遠詛咒了他的血脈，」他平靜地說。「當我發下復仇誓言時，我已經被詛咒了。你會讓我變得更糟，還是僅僅……更有效率？」他的手指抽動著，但沒有伸出去。	false
dilemmas_localised_description_idrinth_story_dilemma_temple_of_asuryan	阿蘇瑞安神殿的聖火永恆燃燒，而伊德林斯沒有走得比外院更近。「我曾作為一名活著的精靈走過這些大廳，」他說道，聲音空洞。「在出征對抗亡靈之前，我曾在這裡祈禱。現在我已成為我所對抗的存在。」他看著火焰舞動。「你還能聽到我嗎，鳳凰之主？還是我的詛咒讓我的祈禱變成了嘲弄？」	false
dilemmas_localised_description_idrinth_story_dilemma_temple_of_kurnous	古老的樹木環繞著狩獵聖壇，空氣中瀰漫著荒野的氣息。伊德林斯深吸一口氣——一個當呼吸還意味著生命時的舊習慣。「我仍在狩獵，荒野之主，」他對著有鹿角的石頭說道。「雖然我不再是自然循環的一部分。我不為身體的營養而捕獵，只為精神的復仇。永恆的狩獵中還有我這樣的人的位置嗎？」	false
dilemmas_localised_description_idrinth_story_dilemma_shrine_of_loec	洛艾克聖壇在視線的角落不斷移動，永遠不在它看起來的位置。伊德林斯允許自己露出一個罕見的、冷淡的微笑。「詭計之神。我已經以某種方式學會了你的藝術——死後暗影魔法比生前更容易掌握。」他做了一個嘲弄性的半鞠躬。「這是你的玩笑嗎，笑神？我在腳變冷之後跳得更好了？」	false
dilemmas_localised_description_idrinth_story_dilemma_hel_fenn	地獄沼澤的沼澤地在他面前延展，伊德林斯的表情變得難以捉摸。「這是它結束的地方。也是開始的地方。」他的聲音不帶任何情感。「我記得泥漿。血液。曼弗雷德的軍隊在我們周圍崩潰。我記得以為我們已經贏了。」長長的停頓。「我不記得死亡。只記得三天後醒來，渴望著某種我無法說出名字的東西。」	false
dilemmas_localised_description_idrinth_story_dilemma_black_pyramid	納迦什的紀念碑在沙漠的天空下若隱若現，散發出令伊德林斯的詛咒在體內翻湧的力量。「我們所有詛咒之父，」他說，既非虔誠也非輕蔑——只是陳述事實。「每一個吸血鬼的存在都是因為你伸得太遠，偉大的死靈法師。我的詛咒源自你的野心。」他研究著古老的石頭。「我想知道——你認可我使用你的恩賜的方式嗎？用死亡對抗混沌本身？」	false
dilemmas_localised_description_idrinth_story_dilemma_vauls_anvil_ulthuan	瓦烏爾的鍛造聖壇散發著古老的力量，伊德林斯的附魔武器似乎在回應中嗡嗡作響。「我曾攜帶在較小鍛爐中祝福的武器進入吸血鬼戰爭，」他回憶道。「它們在亡靈面前粉碎了。現在我是亡靈，我攜帶著本會殺死我所變成之物的武器。」他的手指撫過劍刃的邊緣。「這其中有一種詩意，只有鍛造者才會欣賞。」	false
dilemmas_localised_description_idrinth_story_dilemma_vauls_anvil_naggaroth	暗黑精靈聲稱他們與鍛造之神有自己的聯繫，他們的鍛爐燃燒著苦澀的工業之火。伊德林斯遠遠地觀察著，沒有靠近。「表親們，」他沉思道。「他們墮入一種黑暗，我墮入另一種。但他們選擇了自己的道路。我有時想知道這是否使他們比我更誠實——他們擁抱了自己所變成的，而我仍然假裝我是曾經的自己。」	false
dilemmas_localised_description_idrinth_story_dilemma_vauls_anvil_loren	森林精靈以他們自己的方式維護瓦烏爾的教導，將活木與死金屬結合塑形。伊德林斯以學術的興趣觀看著工藝。「生與死結合在一件武器中，」他觀察道。「阿賽人理解其他親族所不理解的東西——邊界比我們願意相信的更……可滲透。」他舊日學術熱情的幽靈浮現。「我應該研究他們的技術。」	false
dilemmas_localised_description_idrinth_story_dilemma_tower_of_hoeth	白塔高聳入雲，是所有高等精靈知識的寶庫。伊德林斯在塔底停下，無法——或不願——進入。「我曾是一位學術大師，」他說，聲音因古老的悲傷而顫抖。「我曾在那些大廳中學習。我知道秘密通道、隱藏的圖書館、禁忌的區域。」他的眼睛沒有眨動。「他們還提起我的名字嗎？還是他們已經從記錄中抹去了它，假裝我從未存在過？」	false
dilemmas_localised_description_idrinth_story_dilemma_blood_keep	血龍的堡壘驕傲地矗立在山間，是被詛咒者中武道榮譽的紀念碑。伊德林斯以一種接近尊重的目光看著它。「阿布霍拉什的遺產。尋求通過武藝完美來克服詛咒的吸血鬼。」他撫摸著自己的劍刃。「我理解這種衝動。即使怪物是你的本質，也要成為超越怪物的存在。」	false
dilemmas_localised_description_idrinth_story_dilemma_oak_of_ages	世界樹的存在是壓倒性的，伊德林斯緩慢地靠近，像是接近一位審判之神。「所有森林的心臟。世界的根源。」他幾乎是低語。「我曾在你的陰影下狩獵，在我還活著的日子。森林精靈容忍我作為親族的存在。」他低頭看著自己蒼白的手。「樹木還記得我嗎？它們會對現在走在它們根部之間的東西感到排斥嗎？」	false
dilemmas_localised_description_idrinth_story_dilemma_the_galleons_graveyard	船隻在帆船墳場永恆腐爛，亡靈船員維持著一種航海傳統的嘲弄。伊德林斯厭惡地審視著殘骸。「諾克蒂魯斯和他的同夥。放棄所有前世偽裝的吸血鬼，變成了……更低等的東西。」他搖了搖頭。「我理解這種誘惑。當你能永生，為什麼不成為海盜王呢？但他們忘記了我們應該對抗的是什麼。」	false
dilemmas_localised_description_idrinth_story_dilemma_sartosa	海盜港灣在他面前蔓延，無法無天且危險——但在這方面幾乎令人耳目一新地誠實。「一座死者與活人並肩交易的城市，因貪婪而團結，」伊德林斯觀察道。「我發現自己在這裡出奇地舒適。沒有人假裝我不是我所是的。沒有人要求我表演我不再擁有的人性。」他停頓了。「也許這就是我應該迅速離開的原因。」	false
dilemmas_localised_description_idrinth_story_dilemma_lahmia	拉米亞的廢墟低語著古老的輝煌和第一批吸血鬼。伊德林斯帶著一種接近虔誠的態度穿過空蕩蕩的街道。「一切開始的地方。納菲拉塔和她的宮廷，第一批喝下納迦什毒杯的人。」他跪在一尊倒塌的雕像旁。「我研究過歷史。第一批吸血鬼是學者、女王、極其高雅的戰士。看看他們的遺產變成了什麼。看看我變成了什麼。」	false
dilemmas_localised_description_idrinth_story_dilemma_ghrond	女巫的北塔在北方的天空下陰森地矗立，莫拉斯的力量即使在遠處也能感受到。伊德林斯的下巴緊繃。「巫王之母。將混沌崇拜帶給精靈族的人。」他的聲音帶著冰冷的仇恨。「我殺死了許多黑暗力量的僕從。但這一個……這一個值得付出任何代價。」他沒有靠近。還不是時候。「耐心。復仇是永恆的。我有的是時間。」	false
dilemmas_localised_description_idrinth_dilemma_unlock_bretonnia	這位陌生人以練達的優雅脫下旅行斗篷，露出下面的精靈盔甲。「我曾與騎士並肩服役過，」他說，以宮廷式的精確鞠躬。「榮譽與責任超越種族的界限。你的聖女保護這片土地，我願意看到它們免受吞噬一切的黑暗的侵害。」他蒼白的面容保持平靜，儘管他蒼白的嘴唇沒有溫暖。「讓我們一起騎馬對抗我們共同的敵人。」	false
dilemmas_localised_title_idrinth_dilemma_unlock_bretonnia	伊德林斯·塔路易	false
dilemmas_localised_description_idrinth_dilemma_unlock_dark_elves	這位陌生人拉下兜帽，露出明顯是阿蘇爾的面容——但他的眼睛沒有他們典型的輕蔑。「表親，」他說，這個詞既不帶嘲弄也不帶溫暖。「我不關心古老的恩怨。混沌吞噬德魯奇和阿蘇爾一樣，而我已經學會生存需要……靈活性。」一絲冷笑掠過他蒼白的嘴唇。「你比大多數人更懂得實用主義。我們把它用起來如何？」	false
dilemmas_localised_title_idrinth_dilemma_unlock_dark_elves	伊德林斯·塔路易	false
dilemmas_localised_description_idrinth_dilemma_unlock_cathay	這位身穿長袍的人物以出人意料的禮節鞠躬，然後挺直身子，露出旅行服裝下的精靈面容。「我曾在遠古時代走過你們的土地，」他說，聲音沉穩而平靜。「長城阻擋著我深知的恐怖。必須維持對抗邪惡力量的平衡。」他那不老的眼睛以學者的興趣研究著震旦官員。「我提供跨越千年的知識。也許我們可以互相學習。」	false
dilemmas_localised_title_idrinth_dilemma_unlock_cathay	伊德林斯·塔路易	false
dilemmas_localised_description_idrinth_dilemma_unlock_nagash	這位陌生人的兜帽落下，露出一張未被時間觸及的精靈面孔。「我知道你們服務的是誰，」他平靜地說，毫不退縮地與亡靈對視。「我也知道我是什麼。我們不需要假裝。」他熟練地調整著背上的巨劍。「納迦什的敵人是混沌的僕從。目前，這種目的的一致就足夠了。」他蒼白的嘴唇扭成一種類似陰暗玩味的表情。「偉大的死靈法師最終會收集一切。我只是選擇條件。」	false
dilemmas_localised_title_idrinth_dilemma_unlock_nagash	伊德林斯·塔路易	false
dilemmas_localised_description_idrinth_dilemma_unlock_vampire_coast	這位陌生人脫下沾滿鹽漬的斗篷，露出下面的精靈面容和古老的盔甲。「我航行過比這更黑暗的海域，」他說著，毫無厭惡地看著蹣跚的船員。「血就是血，無論是在陸地上還是水上奪取的。」他拿出裝報酬的袋子，沉思地掂量著。「你們狩獵，你們劫掠，你們生存。我尊重這些。」一絲了然的微笑掠過他蒼白的臉龐。「而且我懷疑你們的船長們理解——永生改變了一個人對……一切的看法。」	false
dilemmas_localised_title_idrinth_dilemma_unlock_vampire_coast	伊德林斯·塔路易	false
effect_bundles_localised_description_idrinth_dilemma_empire_FIRST	這位學者對古代戰爭非常感興趣。與伊德林斯的討論引導她發現了現在也很有用的戰術。	false
effect_bundles_localised_description_idrinth_dilemma_empire_SECOND	這位學者和伊德林斯討論了魔法，為你的法師們找到了一些小改進。	false
effect_bundles_localised_description_idrinth_dilemma_empire_THIRD	你詢問這位學者關於伊德林斯的事，了解到他與混沌的漫長戰爭。	false
effect_bundles_localised_description_idrinth_dilemma_high_elves_FIRST	你趕走了信使，讓伊德林斯的生活更輕鬆了。	false
effect_bundles_localised_description_idrinth_dilemma_high_elves_SECOND	你質問伊德林斯關於他的過去，讓他的心情變得更加陰鬱。	false
effect_bundles_localised_description_idrinth_dilemma_high_elves_THIRD	伊德林斯見了來自故土的信使，了解到他家族目前的目標。他現在心情看起來好多了。	false
effect_bundles_localised_description_idrinth_dilemma_kislev_FIRST	你把入侵者交給伊德林斯審問。	false
effect_bundles_localised_description_idrinth_dilemma_kislev_SECOND	你殺死了入侵者，激怒了祖國，但阻止了更糟的事情發生。	false
effect_bundles_localised_description_idrinth_dilemma_kislev_THIRD	入侵者加入了你們，讓伊德林斯深感不安。	false
effect_bundles_localised_description_idrinth_dilemma_vampire_counts_FIRST	你指控伊德林斯謀殺並吸乾了僕人的血。他正試圖證明自己的清白。	false
effect_bundles_localised_description_idrinth_dilemma_vampire_counts_SECOND	你詢問伊德林斯關於卷軸的事，了解到一些古老的魔法理論。	false
effect_bundles_localised_description_idrinth_dilemma_vampire_counts_THIRD	你決定在別處搜尋兇手，你的部隊現在處於更高的警戒狀態。	false
effect_bundles_localised_description_idrinth_dilemma_wood_elves_FIRST	伊德林斯和遊俠相遇並因他對她村莊所做的事而發生衝突。	false
effect_bundles_localised_description_idrinth_dilemma_wood_elves_SECOND	你把伊德林斯藏起來直到遊俠離開。雖然他很感激，但這讓他的心情變得更加陰鬱。	false
effect_bundles_localised_description_idrinth_dilemma_wood_elves_THIRD	你質問伊德林斯關於遊俠的事，讓他思考自己的過去和現在。	false
effect_bundles_localised_description_idrinth_dilemma_dwarves_FIRST	你詢問矮人關於精靈的事，讓你對伊德林斯更加懷疑。他反過來對試圖挖掘他過去的你感到不那麼自在了。	false
effect_bundles_localised_description_idrinth_dilemma_dwarves_SECOND	你交換了關於吸血鬼戰爭的資訊，獲得了第一手資料。	false
effect_bundles_localised_description_idrinth_dilemma_dwarves_THIRD	你把伊德林斯介紹給矮人。事情並沒有按你預想的那樣發展，他們試圖攻擊他變成的怪物。	false
effect_bundles_localised_title_idrinth_dilemma_empire_FIRST	討論過去的戰爭	false
effect_bundles_localised_title_idrinth_dilemma_empire_SECOND	討論魔法	false
effect_bundles_localised_title_idrinth_dilemma_empire_THIRD	詢問她關於伊德林斯的事	false
effect_bundles_localised_title_idrinth_dilemma_high_elves_FIRST	趕走信使	false
effect_bundles_localised_title_idrinth_dilemma_high_elves_SECOND	質問伊德林斯	false
effect_bundles_localised_title_idrinth_dilemma_high_elves_THIRD	會見信使	false
effect_bundles_localised_title_idrinth_dilemma_kislev_FIRST	把入侵者交給伊德林斯	false
effect_bundles_localised_title_idrinth_dilemma_kislev_SECOND	殺死入侵者	false
effect_bundles_localised_title_idrinth_dilemma_kislev_THIRD	讓入侵者加入	false
effect_bundles_localised_title_idrinth_dilemma_vampire_counts_FIRST	指控伊德林斯	false
effect_bundles_localised_title_idrinth_dilemma_vampire_counts_SECOND	詢問卷軸	false
effect_bundles_localised_title_idrinth_dilemma_vampire_counts_THIRD	在別處搜尋兇手	false
effect_bundles_localised_title_idrinth_dilemma_wood_elves_FIRST	與遊俠相遇	false
effect_bundles_localised_title_idrinth_dilemma_wood_elves_SECOND	藏起伊德林斯	false
effect_bundles_localised_title_idrinth_dilemma_wood_elves_THIRD	質問伊德林斯	false
effect_bundles_localised_title_idrinth_dilemma_dwarves_FIRST	詢問矮人關於精靈的事	false
effect_bundles_localised_title_idrinth_dilemma_dwarves_SECOND	與伊德林斯討論吸血鬼戰爭	false
effect_bundles_localised_title_idrinth_dilemma_dwarves_THIRD	把伊德林斯介紹給矮人	false
effect_bundles_localised_title_idrinth_dilemma_god_favour_asuryan_large	阿蘇瑞安的至高庇護	false
effect_bundles_localised_title_idrinth_dilemma_god_favour_kurnous_large	庫爾諾斯的神聖指引	false
effect_bundles_localised_title_idrinth_dilemma_god_favour_khaine_large	凱恩的血潮	false
effect_bundles_localised_title_idrinth_dilemma_god_favour_asuryan_medium	阿蘇瑞安的庇護	false
effect_bundles_localised_title_idrinth_dilemma_god_favour_kurnous_medium	庫爾諾斯的指引	false
effect_bundles_localised_title_idrinth_dilemma_god_favour_khaine_medium	凱恩的血祭	false
effect_bundles_localised_title_idrinth_dilemma_god_favour_asuryan_small	阿蘇瑞安的微小庇護	false
effect_bundles_localised_title_idrinth_dilemma_god_favour_kurnous_small	庫爾諾斯的細微指引	false
effect_bundles_localised_title_idrinth_dilemma_god_favour_khaine_small	凱恩的血滴	false
effect_bundles_localised_description_idrinth_dilemma_god_favour_asuryan_large	你的戰士們不僅擅長閃避攻擊，他們的傷口癒合速度也比平常快得多。	false
effect_bundles_localised_description_idrinth_dilemma_god_favour_kurnous_large	作為天生的獵人，你的戰士們在狩獵食物和敵人時行動迅速且隱秘。	false
effect_bundles_localised_description_idrinth_dilemma_god_favour_khaine_large	你的部隊和新志願者體驗到戰鬥的興奮，使他們對敵人更加危險。	false
effect_bundles_localised_description_idrinth_dilemma_god_favour_asuryan_medium	你的戰士們突然擅長於閃避攻擊和躲過打擊。	false
effect_bundles_localised_description_idrinth_dilemma_god_favour_kurnous_medium	你的戰士們在狩獵食物和敵人時天生具有隱秘能力。	false
effect_bundles_localised_description_idrinth_dilemma_god_favour_khaine_medium	你的戰士們感受到內心對戰鬥的渴望，使老兵和新兵都對敵人更加危險。	false
effect_bundles_localised_description_idrinth_dilemma_god_favour_asuryan_small	你的戰士們在閃避攻擊和魔法時有些許運氣，儘管不足以完全依賴。	false
effect_bundles_localised_description_idrinth_dilemma_god_favour_kurnous_small	少量的指引和狩獵時的運氣有利於你的部隊。	false
effect_bundles_localised_description_idrinth_dilemma_god_favour_khaine_small	凱恩拳頭上的一滴血帶來更多志願者加入你的部隊。	false
effect_bundles_localised_description_idrinth_dilemma_god_favour_asuryan_large_cost		false
effect_bundles_localised_description_idrinth_dilemma_god_favour_kurnous_large_cost		false
effect_bundles_localised_description_idrinth_dilemma_god_favour_khaine_large_cost		false
effect_bundles_localised_description_idrinth_dilemma_god_favour_asuryan_medium_cost		false
effect_bundles_localised_description_idrinth_dilemma_god_favour_kurnous_medium_cost		false
effect_bundles_localised_description_idrinth_dilemma_god_favour_khaine_medium_cost		false
effect_bundles_localised_description_idrinth_dilemma_god_favour_asuryan_small_cost		false
effect_bundles_localised_description_idrinth_dilemma_god_favour_kurnous_small_cost		false
effect_bundles_localised_description_idrinth_dilemma_god_favour_khaine_small_cost		false
effect_bundles_localised_title_idrinth_dilemma_god_favour_asuryan_large_cost	花費：阿蘇瑞安的至高庇護	false
effect_bundles_localised_title_idrinth_dilemma_god_favour_kurnous_large_cost	花費：庫爾諾斯的神聖指引	false
effect_bundles_localised_title_idrinth_dilemma_god_favour_khaine_large_cost	花費：凱恩的血潮	false
effect_bundles_localised_title_idrinth_dilemma_god_favour_asuryan_medium_cost	花費：阿蘇瑞安的庇護	false
effect_bundles_localised_title_idrinth_dilemma_god_favour_kurnous_medium_cost	花費：庫爾諾斯的指引	false
effect_bundles_localised_title_idrinth_dilemma_god_favour_khaine_medium_cost	花費：凱恩的血祭	false
effect_bundles_localised_title_idrinth_dilemma_god_favour_asuryan_small_cost	花費：阿蘇瑞安的微小庇護	false
effect_bundles_localised_title_idrinth_dilemma_god_favour_kurnous_small_cost	花費：庫爾諾斯的細微指引	false
effect_bundles_localised_title_idrinth_dilemma_god_favour_khaine_small_cost	花費：凱恩的血滴	false
effect_bundles_localised_description_idrinth_vampiric_priests	伊德林斯把他的祭司們變成了吸血鬼。願他們的犧牲拯救我們。	false
effect_bundles_localised_title_idrinth_vampiric_priests	吸血鬼祭司	false
effect_bundles_localised_title_idrinth_successful_action_army	受激勵的密探	false
effect_bundles_localised_title_idrinth_successful_action_army_critical	受激勵的密探	false
effect_bundles_localised_title_idrinth_successful_action_character	受激勵的密探	false
effect_bundles_localised_title_idrinth_successful_action_character_critical	受激勵的密探	false
effect_bundles_localised_title_idrinth_hev_high_elf_vampires_bundle_stance_army_ambush	姿態：精湛伏擊	false
effect_bundles_localised_title_idrinth_hev_high_elf_vampires_bundle_stance_army_channelling	姿態：引導	false
effect_bundles_localised_title_idrinth_hev_vampires_bundle_stance_army_default	姿態：無	false
effect_bundles_localised_title_idrinth_hev_high_elf_vampires_bundle_stance_army_raiding	姿態：劫掠	false
effect_bundles_localised_title_idrinth_hev_vampires_bundle_stance_army_forced_march	姿態：行軍	false
effect_bundles_localised_title_idrinth_hev_high_elf_vampires_bundle_stance_army_settlement	姿態：紮營	false
effect_bundles_localised_title_idrinth_hev_high_elf_vampires_bundle_stance_army_tunnelling	姿態：使用世界之根	false
effect_bundles_localised_title_idrinth_hev_high_elf_vampires_bundle_stance_navy_blockading	姿態：海上劫掠	false
effect_bundles_localised_title_idrinth_hev_vampires_bundle_stance_army_garrisoned	狀態：駐守	false
effect_bundles_localised_title_idrinth_hev_high_elf_vampires_bundle_stance_siege	狀態：圍城	false
effect_bundles_localised_title_idrinth_hev_high_elf_vampires_bundle_stance_patrol	姿態：巡邏	false
effect_bundles_localised_title_idrinth_asuryan_god_favour_cave_bats	阿蘇瑞安祝福	false
effect_bundles_localised_description_idrinth_asuryan_god_favour_cave_bats	阿蘇瑞安祝福洞穴蝙蝠使其存活更長時間。	false
effect_bundles_localised_title_idrinth_kurnous_god_favour_cave_bats	庫爾諾斯的祝福	false
effect_bundles_localised_description_idrinth_kurnous_god_favour_cave_bats	庫爾諾斯祝福洞穴蝙蝠使其狩獵更加出色。	false
effect_bundles_localised_title_idrinth_khaine_god_favour_cave_bats	凱恩祝福	false
effect_bundles_localised_description_idrinth_khaine_god_favour_cave_bats	凱恩祝福洞穴蝙蝠使其屠殺敵人。	false
effect_bundles_localised_title_idrinth_asuryan_god_favour_wolves	阿蘇瑞安祝福	false
effect_bundles_localised_description_idrinth_asuryan_god_favour_wolves	阿蘇瑞安祝福狼群使其存活更長時間。	false
effect_bundles_localised_title_idrinth_kurnous_god_favour_wolves	庫爾諾斯的祝福	false
effect_bundles_localised_description_idrinth_kurnous_god_favour_wolves	庫爾諾斯祝福狼群使其狩獵更加出色。	false
effect_bundles_localised_title_idrinth_khaine_god_favour_wolves	凱恩祝福	false
effect_bundles_localised_description_idrinth_khaine_god_favour_wolves	凱恩祝福狼群使其屠殺敵人。	false
effect_bundles_localised_title_idrinth_asuryan_god_favour_hawks	阿蘇瑞安祝福	false
effect_bundles_localised_description_idrinth_asuryan_god_favour_hawks	阿蘇瑞安祝福獵鷹使其存活更長時間。	false
effect_bundles_localised_title_idrinth_kurnous_god_favour_hawks	庫爾諾斯的祝福	false
effect_bundles_localised_description_idrinth_kurnous_god_favour_hawks	庫爾諾斯祝福獵鷹使其狩獵更加出色。	false
effect_bundles_localised_title_idrinth_khaine_god_favour_hawks	凱恩祝福	false
effect_bundles_localised_description_idrinth_khaine_god_favour_hawks	凱恩祝福獵鷹使其屠殺敵人。	false
effect_bundles_localised_title_idrinth_asuryan_god_favour_great_eagles	阿蘇瑞安祝福	false
effect_bundles_localised_description_idrinth_asuryan_god_favour_great_eagles	阿蘇瑞安祝福巨鷹使其存活更長時間。	false
effect_bundles_localised_title_idrinth_kurnous_god_favour_great_eagles	庫爾諾斯的祝福	false
effect_bundles_localised_description_idrinth_kurnous_god_favour_great_eagles	庫爾諾斯祝福巨鷹使其狩獵更加出色。	false
effect_bundles_localised_title_idrinth_khaine_god_favour_great_eagles	凱恩祝福	false
effect_bundles_localised_description_idrinth_khaine_god_favour_great_eagles	凱恩祝福巨鷹使其屠殺敵人。	false
effect_bundles_localised_title_idrinth_hev_high_elf_vampires_anti_chaos	塔路易祝福	false
effect_bundles_localised_description_idrinth_hev_high_elf_vampires_anti_chaos	你的神祇賦予塔路易教堂軍隊力量，對抗所有毀滅之力的追隨者。	false
effect_bundles_localised_title_idrinth_chapel_slots_present	塔路易教堂空間	false
effect_bundles_localised_description_idrinth_chapel_slots_present	這個定居點包含一個被阿蘇瑞安、凱恩和庫爾諾斯聖化的區域，可以容納塔路易教堂建築群。	false
effect_bundles_localised_title_idrinth_veteran_0	Inexperienced Recruits [[img:veteran_experience_0]]	false
effect_bundles_localised_description_idrinth_veteran_0	Inexperienced Recruits [[img:veteran_experience_0]]	false
effect_bundles_localised_title_idrinth_veteran_1	Mixed Guard Recruits [[img:veteran_experience_1]]	false
effect_bundles_localised_description_idrinth_veteran_1	Mixed Guard Recruits [[img:veteran_experience_1]]	false
effect_bundles_localised_title_idrinth_veteran_2	Mixed Guard Recruits [[img:veteran_experience_2]]	false
effect_bundles_localised_description_idrinth_veteran_2	Mixed Guard Recruits [[img:veteran_experience_2]]	false
effect_bundles_localised_title_idrinth_veteran_3	Mixed Guard Recruits [[img:veteran_experience_3]]	false
effect_bundles_localised_description_idrinth_veteran_3	Mixed Guard Recruits [[img:veteran_experience_3]]	false
effect_bundles_localised_title_idrinth_veteran_4	Mixed Guard Soldiers [[img:veteran_experience_4]]	false
effect_bundles_localised_description_idrinth_veteran_4	Mixed Guard Soldiers [[img:veteran_experience_4]]	false
effect_bundles_localised_title_idrinth_veteran_5	Mixed Guard Soldiers [[img:veteran_experience_5]]	false
effect_bundles_localised_description_idrinth_veteran_5	Mixed Guard Soldiers [[img:veteran_experience_5]]	false
effect_bundles_localised_title_idrinth_veteran_6	Mixed Guard Soldiers [[img:veteran_experience_6]]	false
effect_bundles_localised_description_idrinth_veteran_6	Mixed Guard Soldiers [[img:veteran_experience_6]]	false
effect_bundles_localised_title_idrinth_veteran_7	Mixed Guard Veteran [[img:veteran_experience_7]]	false
effect_bundles_localised_description_idrinth_veteran_7	Mixed Guard Veteran [[img:veteran_experience_7]]	false
effect_bundles_localised_title_idrinth_veteran_8	Mixed Guard Veteran [[img:veteran_experience_8]]	false
effect_bundles_localised_description_idrinth_veteran_8	Mixed Guard Veteran [[img:veteran_experience_8]]	false
effect_bundles_localised_title_idrinth_veteran_9	Mixed Guard Veteran [[img:veteran_experience_9]]	false
effect_bundles_localised_description_idrinth_veteran_9	Mixed Guard Veteran [[img:veteran_experience_9]]	false
effects_description_idrinth_effect_agent_action_assist_army_training	[[col:yellow]]{{tr:agent_action_name_training}}[[/col]] 行動：單位經驗獲取額外增加 %+n%	false
effects_description_idrinth_effect_agent_action_enable_hinder_army_assault_units	[[col:yellow]]{{tr:agent_action_name_assault_units}}[[/col]] 行動：額外造成 %+n% 傷亡	false
effects_description_idrinth_effect_agent_action_enable_hinder_agent_assassinate	[[col:yellow]]{{tr:agent_action_name_assassinate}}[[/col]] 行動：額外 %+n% 成功機率	false
effects_description_idrinth_effect_agent_action_enable_passive_spread_corruption_vmp	[[col:yellow]]{{tr:agent_action_name_spread_corruption}}[[/col]] 行動：吸血鬼腐化額外增加 %+n	false
effects_description_idrinth_pooled_resource_khaine	產生 %+n 凱恩眷顧。	false
effects_description_idrinth_pooled_resource_kurnous	產生 %+n 庫爾諾斯眷顧。	false
effects_description_idrinth_pooled_resource_asuryan	產生 %+n 阿蘇瑞安眷顧。	false
effects_description_idrinth_effect_upkeep_idrinth	伊德林斯的維護費用增加 %+n%。	false
effects_description_idrinth_initiative_khaine	追隨戰士凱恩之道，讓你屠殺敵人。	false
effects_description_idrinth_initiative_kurnous	追隨獵人庫爾諾斯之道，使你成為更好的獵人。	false
effects_description_idrinth_initiative_asuryan	追隨守護者阿蘇瑞安之道，保護你。	false
effects_description_idrinth_chapel_khaine_charge	凱恩加強你的決心，使伊德林斯和教堂駐軍成為 %+n% 衝擊部隊。	false
effects_description_idrinth_chapel_kurnous_range	庫爾諾斯加強你的弓，讓伊德林斯和教堂駐軍射程增加 %+n%。	false
effects_description_idrinth_chapel_asuryan_ward_save	阿蘇瑞安加強你的意志，以護盾保護伊德林斯和教堂駐軍免受 %+n 傷害。	false
effects_description_idrinth_loremaster_lore_of_vampires	吸血鬼學派法術的費用、冷卻時間和失控機率降低 %+n%。	false
effects_description_idrinth_loremaster_lore_of_vampires_2	吸血鬼學派法術的範圍增加 %+n%。	false
effects_description_idrinth_loremaster_lore_of_shadows	暗影學派法術的費用、冷卻時間和失控機率降低 %+n%。	false
effects_description_idrinth_loremaster_lore_of_shadows_2	暗影學派法術的範圍增加 %+n%。	false
effects_description_idrinth_loremaster_lore_of_death	死亡學派法術的費用、冷卻時間和失控機率降低 %+n%。	false
effects_description_idrinth_loremaster_lore_of_death_2	死亡學派法術的範圍增加 %+n%。	false
effects_description_idrinth_priests_wh_main_effect_force_stat_weapon_strength	祭司武器強度 %+n%。	false
effects_description_idrinth_priests_wh_main_effect_force_stat_vigour_loss_reduction	祭司疲勞損失 %+n%。	false
effects_description_idrinth_priests_wh_main_effect_force_stat_speed	祭司速度 %+n%。	false
effects_description_idrinth_priests_wh_main_effect_force_stat_range	祭司範圍 %+n%。	false
effects_description_idrinth_priests_wh_main_effect_force_stat_melee_defence	祭司近戰防禦 %+n。	false
effects_description_idrinth_priests_wh_main_effect_force_stat_melee_attack_pct	祭司近戰攻擊 %+n。	false
effects_description_idrinth_priests_wh_main_effect_force_stat_fire_resistance	祭司火焰弱點 %+n%。	false
effects_description_idrinth_priests_wh_main_effect_force_stat_charge_bonus_pct	祭司衝鋒加成 %+n%。	false
effects_description_idrinth_priests_wh_main_effect_force_all_campaign_replenishment_rate	祭司補給率 %+n%。	false
effects_description_idrinth_priests_wh_main_effect_character_stat_physical_resistance	祭司物理抗性 %+n%。	false
effects_description_idrinth_priests_wh_main_effect_character_stat_missile_resistance	祭司遠程抗性 %+n%。	false
effects_description_idrinth_priests_wh_main_effect_character_stat_missile_damage	祭司遠程傷害 %+n%。	false
effects_description_idrinth_priests_wh_main_effect_attribute_enable_causes_fear	祭司造成恐懼。	false
effects_description_idrinth_priests_wh_main_effect_ability_enable_the_hunger	祭司擁有吸血鬼飢渴。	false
effects_description_idrinth_priests_wh_main_effect_ability_enable_invocation_of_nehek	祭司掌握納赫克召喚。	false
effects_description_idrinth_priests_wh2_dlc16_effect_unit_enable_attribute_undead	祭司是亡靈。	false
effects_description_idrinth_successful_action_motivation	成功機率、費用和暴擊機率增加 %+n%。	false
effects_description_idrinth_ranger_knowledge_primary	塔路易教堂的精靈射程增加 %+n%。	false
effects_description_idrinth_blade_dancing_primary	塔路易教堂的精靈躲避敵人的劍刃，近戰防禦增加 %+n。	false
effects_description_idrinth_unusual_training_primary	塔路易教堂的精靈領導力增加 %+n。	false
effects_description_idrinth_running_wild_primary	塔路易教堂的精靈移動速度增加 %+n%。	false
effects_description_idrinth_veterans_primary	塔路易教堂的老兵精靈近戰傷害增加 %+n%。	false
effects_description_idrinth_strong_as_stone_primary	塔路易教堂的活化單位傷害抵抗增加 %+n%。	false
effects_description_idrinth_beasts_of_nature_primary	塔路易教堂的野獸更加兇猛，近戰攻擊增加 %+n。	false
effects_description_idrinth_ranger_knowledge_secondary	塔路易教堂的精靈裝填速度增加 %+n%。	false
effects_description_idrinth_blade_dancing_secondary	塔路易教堂的精靈躲避敵人的劍刃，近戰攻擊增加 %+n。	false
effects_description_idrinth_unusual_training_secondary	塔路易教堂的精靈學會更有效地穿戴盔甲，護甲值增加 %+n。	false
effects_description_idrinth_running_wild_secondary	塔路易教堂的精靈狂野奔跑，衝鋒加成增加 %+n。	false
effects_description_idrinth_veterans_secondary	塔路易教堂的老兵精靈疲勞速度降低 %+n%。	false
effects_description_idrinth_strong_as_stone_secondary	塔路易教堂的構造體衝鋒加成增加 %+n。	false
effects_description_idrinth_beasts_of_nature_secondary	塔路易教堂的野獸更加積極，移動速度增加 %+n%。	false
effects_description_idrinth_veterans_tertiary	塔路易教堂的老兵精靈曾面對恐懼和危險，領導力增加 %+n。	false
effects_description_idrinth_unit_capacity_chapel_mixed_elven_guard	混合精靈衛隊單位上限 %+n。	false
effects_description_idrinth_unit_capacity_chapel_asuryan_guard	阿蘇瑞安衛隊單位上限 %+n。	false
effects_description_idrinth_unit_capacity_chapel_khaine_guard	凱恩衛隊單位上限 %+n。	false
effects_description_idrinth_unit_capacity_chapel_kurnous_guard	庫爾諾斯衛隊單位上限 %+n。	false
effects_description_idrinth_unit_capacity_chapel_asuryan_priest	阿蘇瑞安祭司單位上限 %+n。	false
effects_description_idrinth_unit_capacity_chapel_khaine_priest	凱恩祭司單位上限 %+n。	false
effects_description_idrinth_unit_capacity_chapel_kurnous_priest	庫爾諾斯祭司單位上限 %+n。	false
effects_description_idrinth_unit_capacity_chapel_asuryan_vampire_priest	阿蘇瑞安吸血鬼祭司單位上限 %+n。	false
effects_description_idrinth_unit_capacity_chapel_khaine_vampire_priest	凱恩吸血鬼祭司單位上限 %+n。	false
effects_description_idrinth_unit_capacity_chapel_kurnous_vampire_priest	庫爾諾斯吸血鬼祭司單位上限 %+n。	false
effects_description_idrinth_unit_capacity_chapel_asuryan_varghulf	阿蘇瑞安食屍鬼王單位上限 %+n。	false
effects_description_idrinth_unit_capacity_chapel_khaine_varghulf	凱恩食屍鬼王單位上限 %+n。	false
effects_description_idrinth_unit_capacity_chapel_kurnous_varghulf	庫爾諾斯食屍鬼王單位上限 %+n。	false
effects_description_idrinth_unit_capacity_chapel_shrine	阿蘇瑞安、庫爾諾斯和凱恩神殿單位上限 %+n。	false
effects_description_idrinth_unit_capacity_chapel_stone_wolves	石狼單位上限 %+n。	false
effects_description_idrinth_unit_capacity_chapel_outriders	斥候騎兵單位上限 %+n。	false
effects_description_idrinth_chapel_units_upkeep	塔路易教堂所有精靈單位維護費用降低 %+n%。	false
effects_description_idrinth_chapel_units_recruitment_rank	塔路易教堂所有精靈單位招募等級 %+n。	false
effects_description_idrinth_initiative_khaine_pray	你向凱恩的祈禱提升了部隊的進攻能力。	false
effects_description_idrinth_initiative_kurnous_pray	你向庫爾諾斯的祈禱提升了部隊的狩獵能力。	false
effects_description_idrinth_initiative_asuryan_pray	你向阿蘇瑞安的祈禱提升了部隊的生存能力。	false
effects_description_idrinth_hev_high_elf_vampires_anti_chaos_enable	提升你在與邪惡力量作戰時的能力。	false
effects_description_idrinth_chapel_beasts_upkeep	塔路易教堂野獸的維護費用降低 %+n%。	false
effects_description_idrinth_enable_thalui_name	這個角色已向邪惡力量宣誓永恆復仇，並因此採用了塔路易這個名字。	false
effects_description_idrinth_enable_knight_scholar_name	這個角色既是學者也是騎士，並在不同派系中得到認可。	false
effects_description_idrinth_chapel_recruitment_speedup	教堂單位的招募時間減少 %+n 回合。	false
effects_description_idrinth_hev_high_elf_vampires_disable_enemy_lightning_strike	阻止敵人對此部隊使用閃電突襲。	false
effects_additional_tooltip_details_localised_description_idrinth_hev_high_elf_vampires_idrinth_assist_army_training	[[col:yellow]]{{tr:agent_action_name_training}}[[/col]]（協助軍隊）\\n增加母軍隊中單位的經驗獲取。	false
effects_additional_tooltip_details_localised_description_idrinth_hev_high_elf_vampires_idrinth_hinder_agent_assassinate	[[col:yellow]]{{tr:agent_action_name_assassinate}}[[/col]]（目標：英雄）\\n殺死目標[[img:icon_hero]][[/img]]英雄。	false
effects_additional_tooltip_details_localised_description_idrinth_hev_high_elf_vampires_idrinth_hinder_army_assault_units	[[col:yellow]]{{tr:agent_action_name_assault_units}}[[/col]]（目標：軍隊）\\n對目標軍隊的所有單位造成傷害。	false
effects_additional_tooltip_details_localised_description_idrinth_hev_high_elf_vampires_idrinth_spread_corruption_vmp	[[col:yellow]]{{tr:agent_action_name_spread_corruption}}[[/col]]（持續本地效果）\\n增加本省的[[img:icon_corruption_vmp]][[/img]]吸血鬼腐化程度。	false
factions_attack_desc_idrinth_hev_high_elf_vampires	你正在進攻塔路易教堂！	false
factions_defend_desc_idrinth_hev_high_elf_vampires	你正在防禦塔路易教堂的進攻！	false
factions_screen_adjective_idrinth_hev_high_elf_vampires	塔路易的	false
factions_screen_name_idrinth_hev_high_elf_vampires	塔路易教堂	false
factions_screen_name_when_rebels_idrinth_hev_high_elf_vampires	叛亂的塔路易教堂	false
initiative_sets_localised_name_idrinth_godly_favour	奉獻	false
initiative_sets_localised_name_idrinth_godly_blessings	祝福	false
initiative_sets_localised_description_idrinth_godly_favour		false
initiative_sets_localised_description_idrinth_godly_blessings		false
initiatives_localised_name_idrinth_khaine_pledge	將自己奉獻給凱恩	false
initiatives_localised_name_idrinth_kurnous_pledge	將自己奉獻給庫爾諾斯	false
initiatives_localised_name_idrinth_asuryan_pledge	將自己奉獻給阿蘇瑞安	false
initiatives_localised_name_idrinth_khaine_prayer	向凱恩祈禱	false
initiatives_localised_name_idrinth_kurnous_prayer	向庫爾諾斯祈禱	false
initiatives_localised_name_idrinth_asuryan_prayer	向阿蘇瑞安祈禱	false
idrinth_khaine_pledge		false
idrinth_kurnous_pledge		false
idrinth_asuryan_pledge		false
idrinth_khaine_prayer		false
idrinth_kurnous_prayer		false
idrinth_asuryan_prayer		false
land_units_concealed_name_idrinth_hev_high_elf_vampires_idrinthchampion	高等精靈吸血鬼	false
land_units_onscreen_name_idrinth_hev_high_elf_vampires_idrinthchampion	伊德林斯·塔路易	false
land_units_onscreen_name_idrinth_hev_high_elf_vampires_chapel_asuryan	阿蘇瑞安衛隊	false
land_units_onscreen_name_idrinth_hev_high_elf_vampires_chapel_kurnous	庫爾諾斯衛隊	false
land_units_onscreen_name_idrinth_hev_high_elf_vampires_chapel_khaine	凱恩衛隊	false
land_units_onscreen_name_idrinth_hev_high_elf_vampires_chapel_mixed	混合精靈衛隊	false
land_units_concealed_name_idrinth_hev_high_elf_vampires_chapel_asuryan	精靈	false
land_units_concealed_name_idrinth_hev_high_elf_vampires_chapel_kurnous	精靈	false
land_units_concealed_name_idrinth_hev_high_elf_vampires_chapel_khaine	精靈	false
land_units_concealed_name_idrinth_hev_high_elf_vampires_chapel_mixed	精靈	false
land_units_onscreen_name_idrinth_hev_high_elf_vampires_chapel_kurnous_leader	庫爾諾斯祭司	false
land_units_onscreen_name_idrinth_hev_high_elf_vampires_chapel_khaine_leader	凱恩祭司	false
land_units_onscreen_name_idrinth_hev_high_elf_vampires_chapel_asuryan_leader	阿蘇瑞安祭司	false
land_units_concealed_name_idrinth_hev_high_elf_vampires_chapel_asuryan_leader	精靈	false
land_units_concealed_name_idrinth_hev_high_elf_vampires_chapel_kurnous_leader	精靈	false
land_units_concealed_name_idrinth_hev_high_elf_vampires_chapel_khaine_leader	精靈	false
land_units_onscreen_name_idrinth_hev_high_elf_vampires_chapel_shrine	阿蘇瑞安、庫爾諾斯和凱恩神殿	false
land_units_onscreen_name_idrinth_hev_high_elf_vampires_chapel_wolves	受祝福的狼群	false
land_units_onscreen_name_idrinth_hev_high_elf_vampires_chapel_cave_bats	受祝福的蝙蝠	false
land_units_onscreen_name_idrinth_hev_high_elf_vampires_chapel_hawks	受祝福的獵鷹	false
land_units_onscreen_name_idrinth_hev_high_elf_vampires_chapel_great_eagle	受祝福的巨鷹	false
land_units_concealed_name_idrinth_hev_high_elf_vampires_chapel_shrine	神殿	false
land_units_concealed_name_idrinth_hev_high_elf_vampires_chapel_wolves	狼群	false
land_units_concealed_name_idrinth_hev_high_elf_vampires_chapel_cave_bats	蝙蝠	false
land_units_concealed_name_idrinth_hev_high_elf_vampires_chapel_hawks	獵鷹	false
land_units_concealed_name_idrinth_hev_high_elf_vampires_chapel_great_eagle	巨鷹	false
land_units_onscreen_name_idrinth_hev_high_elf_vampires_chapel_stone_wolves	石狼	false
land_units_concealed_name_idrinth_hev_high_elf_vampires_chapel_stone_wolves	巨狼	false
land_units_onscreen_name_idrinth_hev_high_elf_vampires_chapel_outriders	教堂斥候騎兵	false
land_units_concealed_name_idrinth_hev_high_elf_vampires_chapel_outriders	騎兵	false
land_units_onscreen_name_idrinth_hev_high_elf_vampires_chapel_kurnous_leader_vampire	庫爾諾斯吸血鬼祭司	false
land_units_onscreen_name_idrinth_hev_high_elf_vampires_chapel_khaine_leader_vampire	凱恩吸血鬼祭司	false
land_units_onscreen_name_idrinth_hev_high_elf_vampires_chapel_asuryan_leader_vampire	阿蘇瑞安吸血鬼祭司	false
land_units_concealed_name_idrinth_hev_high_elf_vampires_chapel_asuryan_leader_vampire	精靈	false
land_units_concealed_name_idrinth_hev_high_elf_vampires_chapel_kurnous_leader_vampire	精靈	false
land_units_concealed_name_idrinth_hev_high_elf_vampires_chapel_khaine_leader_vampire	精靈	false
land_units_onscreen_name_idrinth_hev_high_elf_vampires_chapel_khaine_varghulf	凱恩的迷失者	false
land_units_onscreen_name_idrinth_hev_high_elf_vampires_chapel_kurnous_varghulf	庫爾諾斯的迷失者	false
land_units_onscreen_name_idrinth_hev_high_elf_vampires_chapel_asuryan_varghulf	阿蘇瑞安的迷失者	false
land_units_concealed_name_idrinth_hev_high_elf_vampires_chapel_khaine_varghulf	食屍鬼王	false
land_units_concealed_name_idrinth_hev_high_elf_vampires_chapel_kurnous_varghulf	食屍鬼王	false
land_units_concealed_name_idrinth_hev_high_elf_vampires_chapel_asuryan_varghulf	食屍鬼王	false
land_units_concealed_name_idrinth_hev_high_elf_vampires_idrinthgeneral	高等精靈吸血鬼	false
land_units_onscreen_name_idrinth_hev_high_elf_vampires_idrinthgeneral	伊德林斯·塔路易	false
land_units_onscreen_name_idrinth_hev_high_elf_vampires_chapel_asuryan_large	阿蘇瑞安衛隊	false
land_units_onscreen_name_idrinth_hev_high_elf_vampires_chapel_kurnous_large	庫爾諾斯衛隊	false
land_units_onscreen_name_idrinth_hev_high_elf_vampires_chapel_khaine_large	凱恩衛隊	false
land_units_concealed_name_idrinth_hev_high_elf_vampires_chapel_asuryan_large	精靈	false
land_units_concealed_name_idrinth_hev_high_elf_vampires_chapel_kurnous_large	精靈	false
land_units_concealed_name_idrinth_hev_high_elf_vampires_chapel_khaine_large	精靈	false
land_units_onscreen_name_idrinth_hev_high_elf_vampires_chapel_outriders_large	教堂斥候騎兵	false
land_units_concealed_name_idrinth_hev_high_elf_vampires_chapel_outriders_large	騎兵	false
mct_idrinth_title	伊德林斯·塔路易 - 高等精靈吸血鬼博學者	false
mct_idrinth_author	Björn 'Idrinth' Büttner	false
mct_idrinth_description	墮落博學者的故事\\n\\n伊德林斯·塔路易曾是一位受人尊敬的高等精靈博學者，在血腥的吸血鬼戰爭中迎來了凡人之終，卻作為他曾經對抗的生物之一復活。現在這位騎士學者在精靈傳承和吸血鬼詛咒之間艱難前行，在被混沌撕裂的世界中尋求目標。\\n\\n你會引導他走向救贖還是擁抱內心的黑暗？他的命運掌握在你手中。\\n\\n獨特招募\\n\\n伊德林斯可以作為領主或英雄被那些可能重視他雙重本性的勢力招募：\\n- 帝國（尋求奧術知識）\\n- 基斯里夫（迫切需要強大盟友）\\n- 高等精靈（希望找回他們的同族）\\n- 木精靈（重視他與庫爾諾斯的連結）\\n- 吸血鬼伯爵（擁抱他新獲得的力量）\\n\\n寬鬆背景模式\\n\\n在寬鬆背景模式中，加入了一些不太可能但代表絕望聯盟的派系：\\n- 布列托尼亞\\n- 震旦\\n- 暗黑精靈\\n- 納迦許軍團（模組派系）\\n- 吸血鬼海岸\\n\\n主要特色\\n\\n神聖眷顧系統\\n\\n平衡你對三位強大精靈神祇的效忠，每位都提供獨特的道路來統一伊德林斯破碎的存在：\\n\\n凱恩：以增強的近戰能力和傷害輸出擁抱進攻\\n\\n阿蘇瑞安：通過改善防禦和魔法抗性尋求平衡\\n\\n庫爾諾斯：以遠程優勢和機動性走上獵人之道\\n\\n教堂系統\\n\\n基於神聖影響，伊德林斯可以建立教堂，顯著影響駐軍規模、戰力和神聖眷顧使用，同時有利於當地經濟和成長。\\n\\n如果未使用所需的模組，外部槽位可能表現異常——除非你玩的派系已經有外部槽位，否則技術上不需要該模組。\\n\\n敘事困境\\n\\n面對塑造伊德林斯性格並決定他與神祇關係的關鍵抉擇。你會擁抱精靈血統還是屈服於吸血鬼力量？每個決定都會影響你的神聖眷顧並解鎖永久加成。\\n\\n神聖神器套裝\\n\\n收集並裝備強大的神祇祝福神器，增強伊德林斯的能力。完成一套可獲得與你選擇的神聖道路相輔相成的特殊加成。\\n\\n精靈屠殺者後果\\n\\n動態特質系統追蹤你與精靈派系的戰鬥。你殺死的精靈越多，你在他們中間就越出名、被厭惡，最終被仇恨，並產生重大的外交和神聖眷顧後果。\\n\\n奧術多樣性\\n\\n掌握來自多個魔法學派的法術，反映伊德林斯的學者背景和吸血鬼轉變：\\n- 吸血鬼學派\\n- 死亡學派\\n- 暗影學派\\n\\n自訂戰鬥派系\\n\\n在自訂戰鬥中將教堂軍隊作為獨立派系使用，支持單人和多人遊戲。\\n\\n動物Waaagh\\n\\n將軍身邊聚集著盟友動物，形成由受祝福動物組成的Waaagh。\\n\\nALPHA版本通知\\n\\n此模組處於早期ALPHA開發階段。你可能會遇到：\\n\\n- 軍隊中某些按鈕可能無法使用\\n- 某些UI變更需要一秒才能應用\\n- 平衡調整進行中\\n- 祈禱系統暫時被隨機觸發的神聖干預取代\\n\\n你的回饋對改進至關重要！請回報你遇到的任何問題。\\n\\n相容性說明：\\n\\n納迦許的自訂派系理論上受支援。不過支援需要實際測試，如果你發現錯誤請在這裡回報，不要打擾其他模組！\\n\\n配置\\n\\n支援模組配置工具，但為選用。\\n\\n此模組中的AI\\n\\n模組中目前有一些AI生成的圖像。一旦單位身分和外觀最終確定，它們會逐漸被適當的藝術作品取代。	false
mct_idrinth_expanded_spawn_text	擴展生成文化	false
mct_idrinth_expanded_spawn_tooltip	允許伊德林斯為布列托尼亞、震旦、納迦許軍團、暗黑精靈和吸血鬼海岸生成。	false
mct_idrinth_level_adjustment_text	等級要求	false
mct_idrinth_level_adjustment_options_null_text	前期	false
mct_idrinth_level_adjustment_options_one_text	前期後段	false
mct_idrinth_level_adjustment_options_three_text	中前期	false
mct_idrinth_level_adjustment_options_six_text	中期	false
mct_idrinth_level_adjustment_tooltip	修改獲得伊德林斯解鎖任務的等級要求。	false
mct_idrinth_god_item_difficulty_text	神祇祝福物品難度	false
mct_idrinth_god_item_difficulty_options_low_text	低要求	false
mct_idrinth_god_item_difficulty_options_normal_text	正常要求	false
mct_idrinth_god_item_difficulty_options_high_text	高要求	false
mct_idrinth_god_item_difficulty_tooltip	修改獲得神祇祝福物品的要求。	false
mct_idrinth_chapel_chance_text	教堂生成機率	false
mct_idrinth_chapel_chance_options_low_text	低機率	false
mct_idrinth_chapel_chance_options_normal_text	正常機率	false
mct_idrinth_chapel_chance_options_high_text	高機率	false
mct_idrinth_chapel_chance_tooltip	修改伊德林斯在場時塔路易教堂生成的機率。	false
mct_idrinth_story_events_text	啟用劇情事件	false
mct_idrinth_story_events_tooltip	允許伊德林斯在到達對他重要的特定地區時通知玩家。	false
mct_idrinth_chapels_text	塔路易教堂	false
mct_idrinth_chapels_tooltip	允許伊德林斯建立教堂，加強城市防禦並影響神聖眷顧產生。	false
mct_idrinth_dilemma_cooldown_text	困境冷卻時間	false
mct_idrinth_dilemma_cooldown_options_low_text	短 (1 + [1-2])	false
mct_idrinth_dilemma_cooldown_options_medium_text	中 (2 + [1-3])	false
mct_idrinth_dilemma_cooldown_options_long_text	長 (3 + [1-4])	false
mct_idrinth_dilemma_cooldown_tooltip	修改需要決策的困境之間的冷卻時間。	false
mct_idrinth_names_text	單位重命名	false
mct_idrinth_names_tooltip	勾選後，單位在招募時會從精靈名字列表中獲得自訂名稱。	false
mct_idrinth_logging_text	啟用專屬日誌	false
mct_idrinth_logging_tooltip	勾選後，此模組會將日誌記錄到遊戲根目錄的idrinth.*.log檔案中。	false
mct_idrinth_base_logging_text	啟用基礎遊戲日誌使用	false
mct_idrinth_base_logging_tooltip	勾選後，此模組會使用基礎遊戲的日誌功能進行記錄。	false
mct_idrinth_section_idrinth_story_features_name	劇情功能開關	false
mct_idrinth_section_idrinth_game_features_name	遊戲功能開關	false
mct_idrinth_section_idrinth_chances_name	機率	false
mct_idrinth_section_idrinth_spawn_name	生成選項	false
mct_idrinth_section_idrinth_other_name	其他選項	false
mct_idrinth_section_idrinth_cooldowns_name	冷卻時間選項	false
mct_idrinth_intervention_cooldown_text	干預冷卻時間	false
mct_idrinth_intervention_cooldown_options_low_text	短 (80%)	false
mct_idrinth_intervention_cooldown_options_medium_text	中 (100%)	false
mct_idrinth_intervention_cooldown_options_long_text	長 (120%)	false
mct_idrinth_intervention_cooldown_tooltip	修改神聖干預之間的冷卻時間。	false
mct_idrinth_animal_waaagh_text	動物Waaagh	false
mct_idrinth_animal_waaagh_tooltip	勾選後，伊德林斯會被一支由動物組成的Waaagh軍隊跟隨。取消勾選不會解散該軍隊。	false
mct_idrinth_vampire_chance_text	吸血鬼轉化機率	false
mct_idrinth_vampire_chance_options_low_text	低 (10%基礎成功率)	false
mct_idrinth_vampire_chance_options_normal_text	正常 (15%基礎成功率)	false
mct_idrinth_vampire_chance_options_high_text	高 (20%基礎成功率)	false
mct_idrinth_vampire_chance_tooltip	改變祭司在被轉化為吸血鬼時存活的機率。	false
mct_idrinth_story_dilemma_base_chance_text	劇情困境基礎機率	false
mct_idrinth_story_dilemma_base_chance_options_low_text	低	false
mct_idrinth_story_dilemma_base_chance_options_normal_text	正常	false
mct_idrinth_story_dilemma_base_chance_options_high_text	高	false
mct_idrinth_story_dilemma_base_chance_tooltip	改變劇情決策困境觸發的機率。	false
mct_idrinth_god_item_base_chance_text	神聖物品基礎機率	false
mct_idrinth_god_item_base_chance_options_low_text	低	false
mct_idrinth_god_item_base_chance_options_normal_text	正常	false
mct_idrinth_god_item_base_chance_options_high_text	高	false
mct_idrinth_god_item_base_chance_tooltip	改變神聖物品被提供的機率。	false
mct_idrinth_elf_slayer_traits_text	精靈屠殺者特質	false
mct_idrinth_elf_slayer_traits_tooltip	啟用屠殺精靈的特質。停用不會移除現有特質等級。	false
mct_idrinth_devotion_traits_text	奉獻特質	false
mct_idrinth_devotion_traits_tooltip	啟用奉獻特定神祇時間的特質。停用不會移除現有特質等級。	false
mct_idrinth_interventions_text	啟用神聖干預	false
mct_idrinth_interventions_tooltip	啟用後，當你的眷顧值較高時，阿蘇瑞安、庫爾諾斯和凱恩會進行干預，消耗部分眷顧來提供派系範圍的增益。	false
mct_idrinth_groovy_logging_text	EnableGroovy Logging Usage	false
mct_idrinth_groovy_logging_tooltip	When checked this mod logs with the logging provided by the MCT.	false
message_event_strings_title_idrinth_chapel_lost	教堂失守	false
message_event_strings_title_idrinth_chapel_founded	教堂建立	false
message_event_strings_title_idrinth_godly_intervention	眾神介入	false
message_event_text_idrinth_chapel_lost	教堂已被定居點的新主人燒毀。我們現在該在哪裡集會？	false
message_event_text_idrinth_chapel_founded	新教堂的地點已被眾神祝聖。我們應該迅速建造它以獲得他們的祝福。	false
message_event_text_idrinth_godly_intervention	伊德林斯通知你，他的神祇已決定採取行動支持你的事業。你的軍隊將因神聖祝福而在一段時間內更加強大。	false
message_event_text_idrinth_godly_intervention_subtitle	阿蘇瑞安、凱恩和庫爾諾斯出手了。	false
missions_localised_description_idrinth_unlock_wh2_main_hef_high_elves	有傳言說，如果你與混沌勢力作戰，可以引起一位強大助手的注意。據說一位陌生人願意與你並肩作戰，只要你能證明你願意戰鬥和流血...	false
missions_localised_title_idrinth_unlock_wh2_main_hef_high_elves	對抗混沌的陌生人	false
missions_localised_title_idrinth_unlock_wh_main_vmp_vampire_counts	對抗混沌的陌生人	false
missions_localised_title_idrinth_unlock_wh_main_emp_empire	對抗混沌的陌生人	false
missions_localised_title_idrinth_unlock_wh_dlc05_wef_wood_elves	對抗混沌的陌生人	false
missions_localised_title_idrinth_unlock_wh3_main_ksl_kislev	對抗混沌的陌生人	false
missions_localised_description_idrinth_unlock_wh_main_vmp_vampire_counts	有傳言說，如果你與混沌勢力作戰，可以引起一位強大助手的注意。據說一位陌生人願意與你並肩作戰，只要你能證明你願意戰鬥和流血...	false
missions_localised_description_idrinth_unlock_wh_main_emp_empire	有傳言說，如果你與混沌勢力作戰，可以引起一位強大助手的注意。據說一位陌生人願意與你並肩作戰，只要你能證明你願意戰鬥和流血...	false
missions_localised_description_idrinth_unlock_wh_dlc05_wef_wood_elves	有傳言說，如果你與混沌勢力作戰，可以引起一位強大助手的注意。據說一位陌生人願意與你並肩作戰，只要你能證明你願意戰鬥和流血...	false
missions_localised_description_idrinth_unlock_wh3_main_ksl_kislev	有傳言說，如果你與混沌勢力作戰，可以引起一位強大助手的注意。據說一位陌生人願意與你並肩作戰，只要你能證明你願意戰鬥和流血...	false
missions_localised_mission_completed_text_idrinth_unlock_wh2_main_hef_high_elves	接受你的金幣後，這位陌生人自我介紹為一位名叫伊德林斯的阿蘇爾同胞。脫下他的旅行長袍，你看到一位學術大師飽經戰鬥的盔甲，配套的巨劍和一把金屬弓，以及冷峻的眼神暗示著即將發生的暴行。	false
missions_localised_mission_completed_text_idrinth_unlock_wh_main_vmp_vampire_counts	這位陌生人放下兜帽，露出精靈的面容。我不是毀滅的朋友，但我們的敵人逼我出手。他一邊把金幣收入囊中一邊說道，多年後回到危難中的家人身邊是正確的，無論那個家人是誰。你不同意嗎？	false
missions_localised_mission_completed_text_idrinth_unlock_wh_main_emp_empire	我曾與信奉烏爾里克或西格瑪的戰士並肩戰鬥、流血。我們有共同的敵人，他一邊脫下旅行長袍一邊說道，我期待與你們一起將他們擊退。為了世界的改善而分享我的知識。他冷漠地看著祈禱中的人們，然後將注意力轉回將軍和他的守衛。	false
missions_localised_mission_completed_text_idrinth_unlock_wh_dlc05_wef_wood_elves	我期待與森林的獵人並肩作戰，表親，這位阿蘇爾用友好的語氣說道，同時收拾著他的報酬和旅行斗篷。我可能不如你們射得準，但我不會拖你們後腿。一絲略帶玩味的微笑在他蒼白的嘴唇上浮現，然後消失。讓我們一起進行一場將被傳頌數個世紀的狩獵吧！	false
missions_localised_mission_completed_text_idrinth_unlock_wh3_main_ksl_kislev	這位陌生人在收到報酬後脫下外衣，露出他旅行長袍下的精靈面孔和精靈武器。我叫伊德林斯，我與我們的敵人戰鬥的時間比你們大多數人活著的時間還要長。我很樂意與部隊一起訓練並教導他們。一絲淡淡的微笑在他蒼白的嘴唇上浮現，然後在他那張不老的臉上消失。	false
missions_localised_title_idrinth_unlock_wh2_main_def_dark_elves	對抗混沌的陌生人	false
missions_localised_title_idrinth_unlock_mixer_nag_nagash	對抗混沌的陌生人	false
missions_localised_title_idrinth_unlock_wh2_dlc11_cst_vampire_coast	對抗混沌的陌生人	false
missions_localised_title_idrinth_unlock_wh_main_brt_bretonnia	對抗混沌的陌生人	false
missions_localised_title_idrinth_unlock_wh3_main_cth_cathay	對抗混沌的陌生人	false
missions_localised_description_idrinth_unlock_wh2_main_def_dark_elves	有傳言說，如果你與混沌勢力作戰，可以引起一位強大助手的注意。據說一位陌生人願意與你並肩作戰，只要你能證明你願意戰鬥和流血...	false
missions_localised_description_idrinth_unlock_mixer_nag_nagash	有傳言說，如果你與混沌勢力作戰，可以引起一位強大助手的注意。據說一位陌生人願意與你並肩作戰，只要你能證明你願意戰鬥和流血...	false
missions_localised_description_idrinth_unlock_wh2_dlc11_cst_vampire_coast	有傳言說，如果你與混沌勢力作戰，可以引起一位強大助手的注意。據說一位陌生人願意與你並肩作戰，只要你能證明你願意戰鬥和流血...	false
missions_localised_description_idrinth_unlock_wh_main_brt_bretonnia	有傳言說，如果你與混沌勢力作戰，可以引起一位強大助手的注意。據說一位陌生人願意與你並肩作戰，只要你能證明你願意戰鬥和流血...	false
missions_localised_description_idrinth_unlock_wh3_main_cth_cathay	有傳言說，如果你與混沌勢力作戰，可以引起一位強大助手的注意。據說一位陌生人願意與你並肩作戰，只要你能證明你願意戰鬥和流血...	false
missions_localised_mission_completed_text_idrinth_unlock_wh2_main_def_dark_elves	這位陌生人拉下兜帽，露出明顯是阿蘇爾的面容——但他的眼睛沒有他們典型的輕蔑。「表親，」他說，這個詞既不帶嘲弄也不帶溫暖。「我不關心古老的恩怨。混沌吞噬德魯奇和阿蘇爾一樣，而我已經學會生存需要……靈活性。」一絲冷笑掠過他蒼白的嘴唇。「你比大多數人更懂得實用主義。我們把它用起來如何？」	false
missions_localised_mission_completed_text_idrinth_unlock_mixer_nag_nagash	這位陌生人的兜帽落下，露出一張未被時間觸及的精靈面孔。「我知道你們服務的是誰，」他平靜地說，毫不退縮地與亡靈對視。「我也知道我是什麼。我們不需要假裝。」他熟練地調整著背上的巨劍。「納迦什的敵人是混沌的僕從。目前，這種目的的一致就足夠了。」他蒼白的嘴唇扭成一種類似陰暗玩味的表情。「偉大的死靈法師最終會收集一切。我只是選擇條件。」	false
missions_localised_mission_completed_text_idrinth_unlock_wh2_dlc11_cst_vampire_coast	這位陌生人脫下沾滿鹽漬的斗篷，露出下面的精靈面容和古老的盔甲。「我航行過比這更黑暗的海域，」他說著，毫無厭惡地看著蹣跚的船員。「血就是血，無論是在陸地上還是水上奪取的。」他拿出裝報酬的袋子，沉思地掂量著。「你們狩獵，你們劫掠，你們生存。我尊重這些。」一絲了然的微笑掠過他蒼白的臉龐。「而且我懷疑你們的船長們理解——永生改變了一個人對……一切的看法。」	false
missions_localised_mission_completed_text_idrinth_unlock_wh_main_brt_bretonnia	這位陌生人以練達的優雅脫下旅行斗篷，露出下面的精靈盔甲。「我曾與騎士並肩服役過，」他說，以宮廷式的精確鞠躬。「榮譽與責任超越種族的界限。你的聖女保護這片土地，我願意看到它們免受吞噬一切的黑暗的侵害。」他蒼白的面容保持平靜，儘管他蒼白的嘴唇沒有溫暖。「讓我們一起騎馬對抗我們共同的敵人。」	false
missions_localised_mission_completed_text_idrinth_unlock_wh3_main_cth_cathay	這位身穿長袍的人物以出人意料的禮節鞠躬，然後挺直身子，露出旅行服裝下的精靈面容。「我曾在遠古時代走過你們的土地，」他說，聲音沉穩而平靜。「長城阻擋著我深知的恐怖。必須維持對抗邪惡力量的平衡。」他那不老的眼睛以學者的興趣研究著震旦官員。「我提供跨越千年的知識。也許我們可以互相學習。」	false
names_name_99990999999990	Idrinth	false
names_name_99990999999991	塔路易	false
names_name_99990999999992	Knight-Scholar	false
names_name_91003842572	Eva	false
names_name_91005248167	Plyitus	false
names_name_91012272878	Hagrene	false
names_name_91023980541	Altharloss	false
names_name_91043335079	Millen	false
names_name_91044214998	Sheeld	false
names_name_91044995477	Venola	false
names_name_91058692048	Myleere	false
names_name_91061636038	Kavinna	false
names_name_91063475665	Fonahir	false
names_name_91066656255	Waerna	false
names_name_91073720026	Hulaylian	false
names_name_91087181860	Felicion	false
names_name_91091045834	Deloria	false
names_name_910929957	Rinda	false
names_name_91096917599	Alarion	false
names_name_91119925593	Nasheer	false
names_name_9112654795	Boudicca	false
names_name_91126797147	Nightshade	false
names_name_91126820639	Caladrielle	false
names_name_91130865469	Sandrina	false
names_name_91143850849	Enna	false
names_name_91145397024	Koval	false
names_name_91147373454	Eldarion	false
names_name_91149635680	Zubaran	false
names_name_91163945081	Lorishion	false
names_name_9117103054	Vayeana	false
names_name_9119315689	Anarsis	false
names_name_91194134712	Fernhavest	false
names_name_91197705717	Saji	false
names_name_91202032358	Avelorrisas	false
names_name_91205288363	Kerthinia	false
names_name_91207993051	Hulaylian	false
names_name_912159699	Mantressa	false
names_name_91218801584	Damien	false
names_name_9122344455	Myriel	false
names_name_91225535785	Ramon	false
names_name_91226152662	Grimziyal	false
names_name_9122686813	Qintarra	false
names_name_91243883571	Rethia	false
names_name_91247905949	Jildou	false
names_name_91250574602	Bequish	false
names_name_91254391153	Alondrin	false
names_name_91261742987	Busscrone	false
names_name_91268007810	Circya	false
names_name_9128185431	Ruybiniss	false
names_name_91286859150	Ylrishen	false
names_name_91303889577	Morgan	false
names_name_91312613255	Orilon	false
names_name_91324369708	Maewhyn	false
names_name_91327343523	Jayadress	false
names_name_91327358560	Azirek	false
names_name_91327508456	Caladrielle	false
names_name_91329067400	Avelorrisas	false
names_name_9133018942	Arwenil	false
names_name_91348736263	Kelici	false
names_name_91354862277	Elysion	false
names_name_91355325317	Caydrille	false
names_name_91359526841	Aeden	false
names_name_91373918736	Bel-Nenya	false
names_name_91373928438	Ilona	false
names_name_91384300280	Elektra	false
names_name_9139274725	Klendrach	false
names_name_91396496474	Yr-Kithar	false
names_name_91397432329	Maudthekan	false
names_name_91404349694	Elise	false
names_name_91404830742	Elladan	false
names_name_91405360902	Hellespher	false
names_name_91411233647	Fhiron	false
names_name_91413240279	Relinda	false
names_name_91416443905	Lorna	false
names_name_91417301359	Lorelai	false
names_name_91421390481	Illiarch	false
names_name_91435311282	Zoltar	false
names_name_91437586017	Elladan	false
names_name_91442008725	R'Mal	false
names_name_91444170034	Lothiul	false
names_name_91449688241	Gynnash	false
names_name_91453701877	Velal	false
names_name_91462914341	Waerna	false
names_name_91469875558	Azalgorm	false
names_name_9147059091	Jayadress	false
names_name_91477685742	Laya-Quinn	false
names_name_91480988115	Tharket	false
names_name_9149095704	Ravena	false
names_name_91500935551	Kilana	false
names_name_91509126983	Senga	false
names_name_91517726071	Alizeabeth	false
names_name_91518758666	Ophillien	false
names_name_91525341994	Fandhir	false
names_name_91533578663	Bochra	false
names_name_91539784441	Omarin	false
names_name_91544419579	Jornadar	false
names_name_91548347790	Hextarian	false
names_name_91549964633	Baine	false
names_name_91553668240	Velitroth	false
names_name_91568387873	Felindre	false
names_name_91574055340	Darfayan	false
names_name_9157557480	Caydrille	false
names_name_91580975470	Lothiul	false
names_name_91596458280	Trillian	false
names_name_91599624757	Nadraxes	false
names_name_91613104460	Krogh	false
names_name_91617840855	Liandra	false
names_name_91619003680	Parthok	false
names_name_91626239518	Fortiunis	false
names_name_91631911126	Lucius	false
names_name_9163738469	Nathalia	false
names_name_91647432603	Scorpia	false
names_name_91650679308	Sabetha	false
names_name_91651253203	Velicion	false
names_name_91662293824	Feretulios	false
names_name_91662609258	Movar	false
names_name_91663124370	Lolillian	false
names_name_91674463770	Sheelda	false
names_name_91676255817	Larian	false
names_name_91676702302	Pokol-Daka	false
names_name_91678434015	Laya-Quinn	false
names_name_91685153999	Jeshia	false
names_name_91690881127	Jadus	false
names_name_91692450837	Bel-Harathoi	false
names_name_9169306801	Velissan	false
names_name_91693201541	Elliranion	false
names_name_91696520004	Noegh	false
names_name_91714437588	Koren-Bahnir	false
names_name_91723163773	Myrielh	false
names_name_91723951491	Bel-Sarathai	false
names_name_91747768786	Kerthinia	false
names_name_91749635114	Astralla	false
names_name_91759888452	Menlui-Akar	false
names_name_91767592018	Argyle	false
names_name_91772325140	Rautha	false
names_name_91778859011	Mara	false
names_name_91779790006	Vanquissh	false
names_name_9178011990	Cython-Yrel	false
names_name_91781194350	Hyther	false
names_name_91782569233	Espellba	false
names_name_91793838679	Astikar	false
names_name_91805305451	Driellen	false
names_name_91805956898	Larian	false
names_name_91818418423	Prenticly	false
names_name_9181892619	Westara	false
names_name_91819815097	Artheus	false
names_name_91822131918	Rethia	false
names_name_9182386008	Elreth	false
names_name_91824172218	Obarmon	false
names_name_91832942633	Mlendei	false
names_name_91839202249	Lolillian	false
names_name_91839293256	Kjeldilon	false
names_name_91850383583	Rhodar	false
names_name_91854561361	Sammith	false
names_name_91865779139	Chechemon	false
names_name_91870285600	Veraunn	false
names_name_91870317021	Kerestra	false
names_name_91874746780	Feniaor	false
names_name_91876393694	Najjirah	false
names_name_91878262360	Solkar	false
names_name_91878347147	Marinh	false
names_name_91879902399	Aurelius	false
names_name_91880052996	Wonellinrei	false
names_name_91884036913	Exarian	false
names_name_91900416210	Bel-Amy	false
names_name_91915072686	Fayza	false
names_name_91920209172	Trillian	false
names_name_91931576863	Rhama	false
names_name_91933701425	Omnombah	false
names_name_91935289251	Murella	false
names_name_91944479300	Lorishion	false
names_name_91946949066	Yorian	false
names_name_91948029117	Lorienne	false
names_name_91948853670	Zilnilon	false
names_name_91956855324	Gwendolyn	false
names_name_91959415982	Bel-Lecai	false
names_name_91984883343	Fydhion	false
names_name_91993506009	Elliranion	false
names_name_91997936833	Prenticly	false
names_name_92001547846	Tamarith	false
names_name_92007007269	Eville-Lyn	false
names_name_92007662807	Sethera	false
names_name_92010781226	Byre'chull	false
names_name_9201148896	Selveth	false
names_name_9201846194	Exarian	false
names_name_92019146272	Zoram	false
names_name_92028322876	Yastra	false
names_name_92044527313	Feniaor	false
names_name_92056726109	Teneska	false
names_name_92069123878	Rakal	false
names_name_92073522645	Polkesha	false
names_name_92077129249	Teneska	false
names_name_92098503774	Moransti	false
names_name_92098530624	Hellinor	false
names_name_92104549974	Mordis	false
names_name_92108748670	Yasmijn	false
names_name_92112899441	Gendalfa	false
names_name_92118818206	Sakonna	false
names_name_92121529518	Arden	false
names_name_92125052025	Ditharastara	false
names_name_92126878368	Ellendeling	false
names_name_92147352837	Morlanna	false
names_name_92147352877	Tevaril	false
names_name_92147352885	Delynna	false
names_name_92147352887	Evelyne	false
names_name_92147358991	Yavandir	false
names_name_92147358997	Thalos	false
names_name_92147359004	Arduval	false
names_name_92147359014	Amendil	false
names_name_92147359017	Ingmir	false
names_name_92147359021	Torendil	false
names_name_92147359025	Yssellal	false
names_name_92147359027	Tralan	false
names_name_92147359030	Aesrit	false
names_name_92147359031	Urdithane	false
names_name_92147359036	Strathot	false
names_name_92147359038	Dolwen	false
names_name_92147359043	Elror	false
names_name_92147359044	Dodan	false
names_name_92147359047	Dhulas	false
names_name_92147359053	Acca	false
names_name_92147359054	Dottaen	false
names_name_92147359060	Toltirin	false
names_name_92147359061	Tala	false
names_name_92147359062	Agnor	false
names_name_92147359067	Rana	false
names_name_92147359068	Vilgin	false
names_name_92147359071	Gilgalion	false
names_name_92147359076	Luren	false
names_name_92147359080	Dalos	false
names_name_92147359081	Harrond	false
names_name_92147359082	Tuduthus	false
names_name_92147359091	Circo	false
names_name_92147359093	Camring	false
names_name_92147359095	Kholis	false
names_name_92147359097	Duluric	false
names_name_92147359100	Amhas	false
names_name_92147359102	Alu	false
names_name_92147359108	Silontol	false
names_name_92147359110	Isrostot	false
names_name_92147359111	Narien	false
names_name_92147359114	Olanis	false
names_name_92147359115	Ingmir	false
names_name_92147359116	Singal	false
names_name_92147359118	Orliaruth	false
names_name_92147359121	Dhanas	false
names_name_92147359124	Valahuir	false
names_name_92147359125	Mylnel	false
names_name_92147359132	Dhehen	false
names_name_92147359134	Urdithane	false
names_name_92147359135	Foros	false
names_name_92147359139	Felnylsal	false
names_name_92147359140	Attodaeth	false
names_name_92147359143	Belaeg	false
names_name_92147359149	Ara	false
names_name_92147359158	Othiodi	false
names_name_92147359161	Catra	false
names_name_92147359169	Zaltothios	false
names_name_92147359174	Ikirin	false
names_name_92147359179	Varcio	false
names_name_92147359189	Straslaeth	false
names_name_92147359197	Iscuraa	false
names_name_92147359206	Thilvokkas	false
names_name_92147359209	Daertoc	false
names_name_92147359214	Otrolio	false
names_name_92147359220	Iarac	false
names_name_92147359222	Dhada	false
names_name_92147359231	Dhalsyth	false
names_name_92147359233	Sesteshal	false
names_name_92147359348	Selafyn	false
names_name_92147359351	Finreir	false
names_name_92147359355	Anaryll	false
names_name_92147359361	Eldril	false
names_name_92147359365	Aethis	false
names_name_92147359373	Harathrel	false
names_name_92147359376	Arandir	false
names_name_92147359377	Argalen	false
names_name_92147359387	Moranion	false
names_name_92147359388	Ferghal	false
names_name_92147359397	Antheus	false
names_name_92147359403	Inrion	false
names_name_92147359410	Hallar	false
names_name_92147359420	Cireon	false
names_name_92147359423	Erethond	false
names_name_92147359428	Eldarain	false
names_name_92147359429	Aethenor	false
names_name_92147359432	Aramir	false
names_name_92147359438	Cerion	false
names_name_92147359440	Melanar	false
names_name_92147359445	Anurell	false
names_name_92147359448	Thaindor	false
names_name_92147359449	Illidial	false
names_name_92147359455	Elon	false
names_name_92147359457	Sulphunet	false
names_name_92147359467	Kurl	false
names_name_92147359470	Vraneth	false
names_name_92147359478	Galroth	false
names_name_92147359486	Asperon	false
names_name_92147359493	Tuern	false
names_name_92147359501	Corvass	false
names_name_92147359511	Ruerl	false
names_name_92147359518	Hargan	false
names_name_92147359523	Aillion	false
names_name_92147359524	Gandrell	false
names_name_92147359527	Urian	false
names_name_92147359529	Maglan	false
names_name_92147359538	Dranack	false
names_name_92147359539	Delekth	false
names_name_92147359540	Yeurl	false
names_name_92147359548	Kaleth	false
names_name_92147359554	Khalek	false
names_name_92147359568	Girathon	false
names_name_92147359575	Girathon	false
names_name_92147359576	Furion	false
names_name_92147359586	Korhedron	false
names_name_92147359595	Khalin	false
names_name_92147359605	Ribath	false
names_name_92147359610	Sihori	false
names_name_92147359620	Sareth	false
names_name_92147359621	Vashas	false
names_name_92147359623	Lorsitel	false
names_name_92147359626	Locehon	false
names_name_92147359636	Arathar	false
names_name_92147359643	Akhaunet	false
names_name_92147359652	Velavith	false
names_name_92147359655	Sabichal	false
names_name_92147359664	Cagherosh	false
names_name_92147359673	Mittarah	false
names_name_92147359681	Virlorel	false
names_name_92147359691	Tarrerrosh	false
names_name_92147359698	Thoshelre	false
names_name_92147359706	Cirsis	false
names_name_92147359712	Cerirreh	false
names_name_92147359713	Sokhos	false
names_name_92147359720	Maveh	false
names_name_92147359721	Feisha	false
names_name_92147359724	Fecha	false
names_name_92147359729	Lecelne	false
names_name_92147359734	Hohha	false
names_name_92147359737	Cesirnoh	false
names_name_92147359741	Corvishish	false
names_name_92147359749	Massighah	false
names_name_92147359753	Merosha	false
names_name_92147359759	Hacaggil	false
names_name_92147359767	Resara	false
names_name_92147359770	Neheth	false
names_name_92147359773	Ravares	false
names_name_92147359780	Volilosh	false
names_name_92147359788	Zeloran	false
names_name_92147359792	Shakkara	false
names_name_92147359797	Shakkara	false
names_name_92147359799	Nelosi	false
names_name_92147359806	Tholre'kai	false
names_name_92147359811	Rervetoh	false
names_name_92147359818	Kakaukin	false
names_name_92147359827	Sothartah	false
names_name_92147359833	Tothauthrak	false
names_name_92147359836	Cekhullil	false
names_name_92147359840	Danoth	false
names_name_92147359843	Nocrusith	false
names_name_92147359846	Vukathan	false
names_name_92147359849	Vegmorlus	false
names_name_92147359855	Wirtha	false
names_name_92147359859	Veri'kath	false
names_name_92147359864	Khalgughun	false
names_name_92147359867	Decun'kar	false
names_name_92147359868	Tallirmoth	false
names_name_92147359877	Tehechish	false
names_name_92147359887	Werrora	false
names_name_92147359894	Calnatoth	false
names_name_92147359903	Bel-Edhanel	false
names_name_92147359910	Enthaal	false
names_name_92147359912	Zaathos	false
names_name_92147359917	Thanlutlin	false
names_name_92147359924	Deralac	false
names_name_92147359926	Dydrarus	false
names_name_92147359930	Bel-Harthur	false
names_name_92147359934	Gondil	false
names_name_92147359937	Tharhindrel	false
names_name_92147359956	Halithyar	false
names_name_92147359965	Bel-Aethlec	false
names_name_92147359969	Feyadyin	false
names_name_92147359973	Miradrin	false
names_name_92147359978	Assagiere	false
names_name_92147359986	Illenyadara	false
names_name_92147359987	Einnilize	false
names_name_92147359994	Haerrieth	false
names_name_92147359998	Licumoitta	false
names_name_92147360007	Agiella	false
names_name_92147360012	Sophiridrin	false
names_name_92147360015	Adagia	false
names_name_92147360018	Itilnae	false
names_name_92147360025	Hemmara	false
names_name_92147360031	Haennirmara	false
names_name_92147360040	Nashanra	false
names_name_92147360046	Litania	false
names_name_92147360050	Vanya	false
names_name_92147360065	Alyssa	false
names_name_92147360075	Nonens	false
names_name_92147360083	Nonus	false
names_name_92147360092	Moksha	false
names_name_92147360102	Maledicta	false
names_name_92147360109	Tilly	false
names_name_92147360118	Taira	false
names_name_92147360123	Armandis	false
names_name_92147360125	Azuma	false
names_name_92147360132	Bael'Sammon	false
names_name_92147360156	Galag	false
names_name_92147360163	Weylyn	false
names_name_92147360164	Melwin	false
names_name_92147360181	Vera	false
names_name_92147360185	Amon	false
names_name_92147360188	Sabioth	false
names_name_92147360191	Rowan	false
names_name_92147360198	Gaion	false
names_name_92147360199	Maktig	false
names_name_92147360201	Noriv	false
names_name_92147360210	Mehri	false
names_name_92147360216	Eydis	false
names_name_92147360224	Cylas	false
names_name_92147360232	Gwyndion	false
names_name_92147360242	Rodir	false
names_name_92147360248	Kychte	false
names_name_92147360256	Mychaela	false
names_name_92147360259	Azriel	false
names_name_92147360298	Maeron	false
names_name_92147360299	Shanahan	false
names_name_92147360301	Thovar	false
names_name_92147360302	Serra	false
names_name_92147360305	Leander	false
names_name_92147360312	Taodin	false
names_name_92147360316	Aphazel	false
names_name_92147360320	Aesllanan	false
names_name_92147360324	Iolair	false
names_name_92147360332	Tallanquine	false
names_name_92147360339	Aratt	false
names_name_92147360344	Arathalle	false
names_name_92147360353	Arathion	false
names_name_92147360370	Arhalien	false
names_name_92147360378	Astra	false
names_name_92147360386	Anwesu	false
names_name_92147360388	Banadl	false
names_name_92147360389	Eliandr	false
names_name_92147360397	Cuolsh	false
names_name_92147360398	Bel-Eshain	false
names_name_92147360399	Darsis	false
names_name_92147360401	Cynaeaf	false
names_name_92147360409	Delzus	false
names_name_92147360412	Tarnig	false
names_name_92147360418	Fiarel	false
names_name_92147360422	Fildrigar	false
names_name_92147360431	Gemariel	false
names_name_92147360439	Herisan	false
names_name_92147360449	Eponandilas	false
names_name_92147360452	Korhian	false
names_name_92147360456	Loth	false
names_name_92147360466	Sullandiel	false
names_name_92147360473	Siaisullainn	false
names_name_92147360483	Larithiriel	false
names_name_92147360488	Sikariel	false
names_name_92147360496	Yrtle	false
names_name_92147360497	Malmir	false
names_name_92147360505	Yavathol	false
names_name_92147360861	Valnal	false
names_name_92147360865	Valahuir	false
names_name_92147360866	Valin	false
names_name_92147360872	Halin	false
names_name_92147360880	Curufor	false
names_name_92147360887	Valanduil	false
names_name_92147360895	Gloringwe	false
names_name_92147360898	Balthinal	false
names_name_9215489877	Murdredesa	false
names_name_9221419176	Ghyrohus	false
names_name_9229702971	Orinon	false
names_name_9240319108	Morgula	false
names_name_9251206543	Merel	false
names_name_9254105579	Olana	false
names_name_9260349986	Hultressa	false
names_name_927712983	Ceyl-Thakeya	false
names_name_928191196	Yullin-Wen	false
names_name_9288906143	Tressa	false
names_name_9297603475	Kiriela	false
names_name_9299240783	Kyriela	false
names_name_9303214758	Saam	false
names_name_9307882877	Sharkia	false
names_name_9321922030	Wendrina	false
names_name_9330937663	Yenlui-Enyur	false
names_name_9337880775	Hordahn	false
names_name_9342870749	Mellindirei	false
names_name_9347628724	Rovaran	false
names_name_9350709652	Velissan	false
names_name_9355424219	Elemire	false
names_name_9363168612	Ophillien	false
names_name_9372059833	Yornh	false
names_name_9374343023	Syd	false
names_name_9375052472	Laurum	false
names_name_9391961608	Olfren	false
names_name_939359749	Sadrina	false
names_name_9396435961	Gerzhin	false
names_name_940592359	Ichinya	false
names_name_9408331728	Thina	false
names_name_9409792556	Yelgren	false
names_name_9422011688	Segales	false
names_name_9423002791	Tomalak	false
names_name_9451739357	Lautaro	false
names_name_9462808050	Tefari	false
names_name_9468983423	Bel-Eiline	false
names_name_9469563707	Yandis	false
names_name_9470237979	Yorian	false
names_name_9480060307	Ruybiniss	false
names_name_9484120234	Molgo	false
names_name_9494061521	Galdorian	false
names_name_9496860590	Hydrans	false
names_name_9506407445	Feretulios	false
names_name_9516740147	Arwenil	false
names_name_95264397	Dorian	false
names_name_9534479850	Osydin	false
names_name_9534996114	Kyrian	false
names_name_9556088774	Jolandya	false
names_name_9569655551	Leech	false
names_name_9581191811	Rinmaud	false
names_name_958209983	Fernhavest	false
names_name_9587744652	Alarion	false
names_name_9597082929	Couladin	false
names_name_9609178536	Aloisa	false
names_name_9609415243	Daeves	false
names_name_9637606852	Scarissa	false
names_name_9657027400	Edelia	false
names_name_9667799830	Izual	false
names_name_9671922100	Driellen	false
names_name_9683956364	Lovok	false
names_name_9686261355	Arspeth	false
names_name_9688987316	Deshenshar	false
names_name_9697188827	Danar	false
names_name_9709930337	Zenoria	false
names_name_9719260432	Jinquella	false
names_name_9724873043	Ilnyshon	false
names_name_9727328651	Theron	false
names_name_9741491310	Borath	false
names_name_9749892976	Ghyrohus	false
names_name_9750221586	Keevan	false
names_name_9757978914	Zamdilla	false
names_name_9762917372	Killian	false
names_name_9769215322	Barsathar	false
names_name_9778743758	Vespa	false
names_name_9794649491	Kuzu	false
names_name_9802181658	Jayden	false
names_name_9808487450	Karorn	false
names_name_9829924005	Mantressa	false
names_name_9832962557	Khalin	false
names_name_9833034999	Siamak	false
names_name_9847757873	Malarnur	false
names_name_9851662598	Cyruss	false
names_name_9859676261	Deloria	false
names_name_9868178937	Tifeon	false
names_name_9868179889	Amrifor	false
names_name_9870085407	Altharloss	false
names_name_9906324863	Luaran	false
names_name_9916939383	Scitilla	false
names_name_9924291862	Yurichmur	false
names_name_9933037566	Galathon	false
names_name_9933807514	Pardek	false
names_name_9940016733	Seraph	false
names_name_9944360972	Uriel	false
names_name_9960124450	Elena	false
names_name_9978479741	Vigilo	false
names_name_99990999999993	Idrinth	false
names_name_99990999999994	塔路易	false
names_name_99990999999995	Knight-Scholar	false
names_name_99990999999996	Idrinth	false
names_name_99990999999997	塔路易	false
names_name_99990999999998	Knight-Scholar	false
names_name_99990999999999	Idrinth	false
names_name_99991000000000	塔路易	false
names_name_99991000000001	Knight-Scholar	false
names_name_99991000000002	Idrinth	false
names_name_99991000000003	塔路易	false
names_name_99991000000004	Knight-Scholar	false
names_name_99991000000005	Idrinth	false
names_name_99991000000006	塔路易	false
names_name_99991000000007	Knight-Scholar	false
names_name_99991000000008	Idrinth	false
names_name_99991000000009	塔路易	false
names_name_99991000000010	Knight-Scholar	false
names_name_99991000000011	Idrinth	false
names_name_99991000000012	塔路易	false
names_name_99991000000013	Knight-Scholar	false
names_name_99991000000014	Idrinth	false
names_name_99991000000015	塔路易	false
names_name_99991000000016	Knight-Scholar	false
names_name_99991000000017	Idrinth	false
names_name_99991000000018	塔路易	false
names_name_99991000000019	Knight-Scholar	false
pooled_resources_description_idrinth_khaine	與凱恩的關係	false
pooled_resources_display_name_idrinth_khaine	凱恩眷顧	false
pooled_resources_negative_factors_display_name_idrinth_khaine	失去	false
pooled_resources_positive_factors_display_name_idrinth_khaine	獲得	false
pooled_resources_description_idrinth_kurnous	與庫爾諾斯的關係	false
pooled_resources_display_name_idrinth_kurnous	庫爾諾斯眷顧	false
pooled_resources_negative_factors_display_name_idrinth_kurnous	失去	false
pooled_resources_positive_factors_display_name_idrinth_kurnous	獲得	false
pooled_resources_description_idrinth_asuryan	與阿蘇瑞安的關係	false
pooled_resources_display_name_idrinth_asuryan	阿蘇瑞安眷顧	false
pooled_resources_negative_factors_display_name_idrinth_asuryan	失去	false
pooled_resources_positive_factors_display_name_idrinth_asuryan	獲得	false
special_ability_groups_name_idrinth_lore_thalui	塔路易學派	false
special_ability_groups_name_idrinth_lore_thalui_upgraded	塔路易學派	false
special_ability_phases_onscreen_name_idrinth_hev_high_elf_vampires_anti_chaos	邪惡力量之敵	false
ui_text_replacements_localised_text_idrinth_chapel_settlement_panel_tooltip	塔路易教堂	false
ui_text_replacements_localised_text_idrinth_chapel_button_tooltip	顯示當地塔路易教堂	false
ui_unit_groupings_onscreen_idrinth_hev_high_elf_vampires_idrinth	高等精靈吸血鬼	false
ui_unit_groupings_onscreen_idrinth_hev_high_elf_vampires_chapel_shrine	神殿	false
ui_unit_groupings_onscreen_idrinth_hev_high_elf_vampires_chapel_guard	教堂衛隊	false
ui_unit_groupings_onscreen_idrinth_hev_high_elf_vampires_chapel_priest	教堂祭司	false
uied_component_texts_localised_string_Idrinth_StateText_fc1bd77b	當前啟用	false
uied_component_texts_localised_string_Idrinth_StateText_5e2400a	關閉此角色的伊德林斯之道通知	false
uied_component_texts_localised_string_Idrinth_StateText_5fa40ba9	伊德林斯的奉獻	false
uied_component_texts_localised_string_Idrinth_StateText_6926231c	伊德林斯的祈禱	false
uied_component_texts_localised_string_Idrinth_StateText_54a33572	佔位符 1	false
uied_component_texts_localised_string_Idrinth_StateText_520024dc	佔位符 4	false
uied_component_texts_localised_string_Idrinth_StateText_7df03839	佔位符 6	false
uied_component_texts_localised_string_Idrinth_StateText_2ed10066	佔位符 7	false
uied_component_texts_localised_string_Idrinth_StateText_ad00607	佔位符 8	false
uied_component_texts_localised_string_Idrinth_StateText_56956138	佔位符 9	false
uied_component_texts_localised_string_Idrinth_StateText_2d1802d	佔位符 10	false
uied_component_texts_localised_string_Idrinth_StateText_97e54363	佔位符 11	false
uied_component_texts_localised_string_Idrinth_StateText_2d67f411	佔位符 12	false
uied_component_texts_localised_string_Idrinth_StateText_d12dea81	佔位符 16	false
uied_component_texts_localised_string_Idrinth_StateText_24667457	佔位符 17	false
uied_component_texts_localised_string_Idrinth_StateText_7a688d04	佔位符 18	false
uied_component_texts_localised_string_Idrinth_StateText_3a099911	佔位符 19	false
uied_component_texts_localised_string_Idrinth_StateText_3710e3f2	佔位符 20	false
uied_component_texts_localised_string_Idrinth_StateText_49a7b394	佔位符 21	false
uied_component_texts_localised_string_Idrinth_StateText_39b3dcfe	佔位符 22	false
uied_component_texts_localised_string_Idrinth_StateText_b7030818	佔位符 23	false
uied_component_texts_localised_string_Idrinth_StateText_b68b4233	佔位符 24	false
uied_component_texts_localised_string_Idrinth_StateText_b3139611	佔位符 25	false
unit_abilities_onscreen_name_idrinth_lore_thalui_oath_of_withstanding	堅守誓言	false
unit_abilities_tooltip_text_idrinth_lore_thalui_oath_of_withstanding		false
unit_abilities_onscreen_name_idrinth_lore_thalui_oath_of_withstanding_upgraded	強化堅守誓言	false
unit_abilities_tooltip_text_idrinth_lore_thalui_oath_of_withstanding_upgraded		false
unit_abilities_onscreen_name_idrinth_lore_thalui_shadow_finger	暗影之指	false
unit_abilities_tooltip_text_idrinth_lore_thalui_shadow_finger		false
unit_abilities_onscreen_name_idrinth_lore_thalui_shadow_finger_upgraded	強化暗影之指	false
unit_abilities_tooltip_text_idrinth_lore_thalui_shadow_finger_upgraded		false
unit_abilities_onscreen_name_idrinth_lore_thalui_shadow_dance	暗影之舞	false
unit_abilities_tooltip_text_idrinth_lore_thalui_shadow_dance		false
unit_abilities_onscreen_name_idrinth_lore_thalui_shadow_dance_upgraded	強化暗影之舞	false
unit_abilities_tooltip_text_idrinth_lore_thalui_shadow_dance_upgraded		false
unit_abilities_onscreen_name_idrinth_lore_thalui_eternal_servitude	永恆服役	false
unit_abilities_tooltip_text_idrinth_lore_thalui_eternal_servitude		false
unit_abilities_onscreen_name_idrinth_lore_thalui_eternal_servitude_upgraded	強化永恆服役	false
unit_abilities_tooltip_text_idrinth_lore_thalui_eternal_servitude_upgraded		false
unit_abilities_onscreen_name_idrinth_lore_thalui_deadly_intend	致命意圖	false
unit_abilities_tooltip_text_idrinth_lore_thalui_deadly_intend		false
unit_abilities_onscreen_name_idrinth_lore_thalui_deadly_intend_upgraded	強化致命意圖	false
unit_abilities_tooltip_text_idrinth_lore_thalui_deadly_intend_upgraded		false
unit_abilities_onscreen_name_idrinth_lore_thalui_oath_of_vengeance	復仇誓言	false
unit_abilities_tooltip_text_idrinth_lore_thalui_oath_of_vengeance		false
unit_abilities_onscreen_name_idrinth_lore_thalui_oath_of_vengeance_upgraded	強化復仇誓言	false
unit_abilities_tooltip_text_idrinth_lore_thalui_oath_of_vengeance_upgraded		false
unit_abilities_onscreen_name_idrinth_hev_high_elf_vampires_anti_chaos	邪惡力量之敵	false
unit_abilities_tooltip_text_idrinth_hev_high_elf_vampires_anti_chaos	專門訓練對抗邪惡力量的無數敵人，這些戰士在與他們作戰時表現卓越。	false
unit_description_historical_texts_text_idrinth_hev_high_elf_vampires_idrinth	以精靈的優雅和吸血鬼的力量揮劍，以精靈的精準和吸血鬼的力量射箭。這些生物令大多數人心生恐懼。	false
unit_description_historical_texts_text_idrinth_hev_high_elf_vampires_chapel_asuryan	這些絕望的流亡者、冒險家和傭兵守護著一座阿蘇瑞安聖壇。	false
unit_description_historical_texts_text_idrinth_hev_high_elf_vampires_chapel_kurnous	這些絕望的流亡者、冒險家和傭兵守護著一座庫爾諾斯聖壇。	false
unit_description_historical_texts_text_idrinth_hev_high_elf_vampires_chapel_khaine	這些絕望的流亡者、冒險家和傭兵守護著一座凱恩聖壇。	false
unit_description_historical_texts_text_idrinth_hev_high_elf_vampires_chapel_mixed	這些絕望的流亡者、冒險家和傭兵守護著一座獻給他們神祇的教堂。	false
unit_description_historical_texts_text_idrinth_hev_high_elf_vampires_chapel_asuryan_leader	這些曾經的流亡者、冒險家和傭兵守護著一座阿蘇瑞安聖壇。	false
unit_description_historical_texts_text_idrinth_hev_high_elf_vampires_chapel_kurnous_leader	這些曾經的流亡者、冒險家和傭兵守護著一座庫爾諾斯聖壇。	false
unit_description_historical_texts_text_idrinth_hev_high_elf_vampires_chapel_khaine_leader	這些曾經的流亡者、冒險家和傭兵守護著一座凱恩聖壇。	false
unit_description_historical_texts_text_idrinth_hev_high_elf_vampires_chapel_shrine	這座臨時製作的、獻給阿蘇瑞安、庫爾諾斯和凱恩的活動神殿保護並幫助守軍堅守陣地。	false
unit_description_historical_texts_text_idrinth_hev_high_elf_vampires_chapel_stone_wolves	這些石製野獸結合了精靈工藝和毀滅性附魔，使它們成為塔路易教堂最好的衝擊部隊之一。	false
unit_description_historical_texts_text_idrinth_hev_high_elf_vampires_chapel_outriders	這些驕傲的男女騎馬出擊，保護道路和側翼，使用藥劑來增強他們的生存能力和機會。	false
unit_description_historical_texts_text_idrinth_hev_high_elf_vampires_chapel_asuryan_leader_vampire	這些曾經的流亡者、冒險家和傭兵儘管身為吸血鬼，仍守護著一座阿蘇瑞安聖壇。	false
unit_description_historical_texts_text_idrinth_hev_high_elf_vampires_chapel_kurnous_leader_vampire	這些曾經的流亡者、冒險家和傭兵儘管身為吸血鬼，仍守護著一座庫爾諾斯聖壇。	false
unit_description_historical_texts_text_idrinth_hev_high_elf_vampires_chapel_khaine_leader_vampire	這些曾經的流亡者、冒險家和傭兵儘管身為吸血鬼，仍守護著一座凱恩聖壇。	false
unit_description_historical_texts_text_idrinth_hev_high_elf_vampires_chapel_khaine_varghulf	這些失敗的吸血鬼曾是凱恩的祭司。	false
unit_description_historical_texts_text_idrinth_hev_high_elf_vampires_chapel_kurnous_varghulf	這些失敗的吸血鬼曾是庫爾諾斯的祭司。	false
unit_description_historical_texts_text_idrinth_hev_high_elf_vampires_chapel_asuryan_varghulf	這些失敗的吸血鬼曾是阿蘇瑞安的祭司。	false
unit_description_short_texts_text_idrinth_hev_high_elf_vampires_idrinth	以精靈的優雅和吸血鬼的力量揮劍，以精靈的精準和吸血鬼的力量射箭。這些生物令大多數人心生恐懼。	false
unit_description_short_texts_text_idrinth_hev_high_elf_vampires_chapel_asuryan	這些絕望的流亡者、冒險家和傭兵守護著一座阿蘇瑞安聖壇。	false
unit_description_short_texts_text_idrinth_hev_high_elf_vampires_chapel_kurnous	這些絕望的流亡者、冒險家和傭兵守護著一座庫爾諾斯聖壇。	false
unit_description_short_texts_text_idrinth_hev_high_elf_vampires_chapel_khaine	這些絕望的流亡者、冒險家和傭兵守護著一座凱恩聖壇。	false
unit_description_short_texts_text_idrinth_hev_high_elf_vampires_chapel_mixed	這些絕望的流亡者、冒險家和傭兵守護著一座獻給他們神祇的教堂。	false
unit_description_short_texts_text_idrinth_hev_high_elf_vampires_chapel_asuryan_leader	這些曾經的流亡者、冒險家和傭兵守護著一座阿蘇瑞安聖壇。	false
unit_description_short_texts_text_idrinth_hev_high_elf_vampires_chapel_kurnous_leader	這些曾經的流亡者、冒險家和傭兵守護著一座庫爾諾斯聖壇。	false
unit_description_short_texts_text_idrinth_hev_high_elf_vampires_chapel_khaine_leader	這些曾經的流亡者、冒險家和傭兵守護著一座凱恩聖壇。	false
unit_description_short_texts_text_idrinth_hev_high_elf_vampires_chapel_shrine	這座臨時製作的、獻給阿蘇瑞安、庫爾諾斯和凱恩的活動神殿保護並幫助守軍堅守陣地。	false
unit_description_short_texts_text_idrinth_hev_high_elf_vampires_chapel_stone_wolves	這些石製野獸結合了精靈工藝和毀滅性附魔，使它們成為塔路易教堂最好的衝擊部隊之一。	false
unit_description_short_texts_text_idrinth_hev_high_elf_vampires_chapel_outriders	這些驕傲的男女騎馬出擊，保護道路和側翼，使用藥劑來增強他們的生存能力和機會。	false
unit_description_short_texts_text_idrinth_hev_high_elf_vampires_chapel_asuryan_leader_vampire	這些曾經的流亡者、冒險家和傭兵儘管身為吸血鬼，仍守護著一座阿蘇瑞安聖壇。	false
unit_description_short_texts_text_idrinth_hev_high_elf_vampires_chapel_kurnous_leader_vampire	這些曾經的流亡者、冒險家和傭兵儘管身為吸血鬼，仍守護著一座庫爾諾斯聖壇。	false
unit_description_short_texts_text_idrinth_hev_high_elf_vampires_chapel_khaine_leader_vampire	這些曾經的流亡者、冒險家和傭兵儘管身為吸血鬼，仍守護著一座凱恩聖壇。	false
unit_description_short_texts_text_idrinth_hev_high_elf_vampires_chapel_khaine_varghulf	這些失敗的吸血鬼曾是凱恩的祭司。	false
unit_description_short_texts_text_idrinth_hev_high_elf_vampires_chapel_kurnous_varghulf	這些失敗的吸血鬼曾是庫爾諾斯的祭司。	false
unit_description_short_texts_text_idrinth_hev_high_elf_vampires_chapel_asuryan_varghulf	這些失敗的吸血鬼曾是阿蘇瑞安的祭司。	false
upgrade_tooltips_idrinth_unit_asuryan	將混合精靈衛隊升級為阿蘇瑞安衛隊，花費 300 + 50 * 等級 金幣，獲得 等級² 眷顧	false
upgrade_tooltips_idrinth_priest_asuryan	嘗試將此祭司轉化為吸血鬼，花費 1000 金幣和 250 眷顧。這可能會失敗，最壞的情況是直接殺死他們。	false
upgrade_tooltips_idrinth_unit_khaine	將混合精靈衛隊升級為凱恩衛隊，花費 300 + 50 * 等級 金幣，獲得 等級² 眷顧。	false
upgrade_tooltips_idrinth_priest_khaine	嘗試將此祭司轉化為吸血鬼，花費 1000 金幣和 250 眷顧。這可能會失敗，最壞的情況是直接殺死他們。	false
upgrade_tooltips_idrinth_unit_kurnous	將混合精靈衛隊升級為庫爾諾斯衛隊，花費 300 + 50 * 等級 金幣，獲得 等級² 眷顧	false
upgrade_tooltips_idrinth_priest_kurnous	嘗試將此祭司轉化為吸血鬼，花費 1000 金幣和 250 眷顧。這可能會失敗，最壞的情況是直接殺死他們。	false
upgrade_tooltips_idrinth_animal_kurnous_eagle	以庫爾諾斯之名祝福巨鷹，花費 125 金幣和 70 眷顧。	false
upgrade_tooltips_idrinth_animal_khaine_eagle	以凱恩之名祝福巨鷹，花費 125 金幣和 70 眷顧。	false
upgrade_tooltips_idrinth_animal_asuryan_eagle	以阿蘇瑞安之名祝福巨鷹，花費 125 金幣和 70 眷顧。	false
upgrade_tooltips_idrinth_animal_kurnous_hawks	以庫爾諾斯之名祝福獵鷹，花費 100 金幣和 40 眷顧。	false
upgrade_tooltips_idrinth_animal_khaine_hawks	以凱恩之名祝福獵鷹，花費 100 金幣和 40 眷顧。	false
upgrade_tooltips_idrinth_animal_asuryan_hawks	以阿蘇瑞安之名祝福獵鷹，花費 100 金幣和 40 眷顧。	false
upgrade_tooltips_idrinth_animal_kurnous_bats	以庫爾諾斯之名祝福蝙蝠，花費 50 金幣和 20 眷顧。	false
upgrade_tooltips_idrinth_animal_khaine_bats	以凱恩之名祝福蝙蝠，花費 50 金幣和 20 眷顧。	false
upgrade_tooltips_idrinth_animal_asuryan_bats	以阿蘇瑞安之名祝福蝙蝠，花費 50 金幣和 20 眷顧。	false
upgrade_tooltips_idrinth_animal_kurnous_wolves	以庫爾諾斯之名祝福狼群，花費 75 金幣和 30 眷顧。	false
upgrade_tooltips_idrinth_animal_khaine_wolves	以凱恩之名祝福狼群，花費 75 金幣和 30 眷顧。	false
upgrade_tooltips_idrinth_animal_asuryan_wolves	以阿蘇瑞安之名祝福狼群，花費 75 金幣和 30 眷顧。	false
upgrade_tooltips_idrinth_size_outriders	花費 250 金幣增加 5 名教堂斥候騎兵。等級保留。	false
upgrade_tooltips_idrinth_size_kurnous	花費 300 金幣增加 15 名庫爾諾斯衛隊。等級和老兵狀態保留。	false
upgrade_tooltips_idrinth_size_khaine	花費 300 金幣增加 15 名凱恩衛隊。等級和老兵狀態保留。	false
upgrade_tooltips_idrinth_size_asuryan	花費 300 金幣增加 15 名阿蘇瑞安衛隊。等級和老兵狀態保留。	false
mct_patch_notes_idrinth_129_notes	- 修復升級的國庫費用變成給錢而非花費的問題	false
mct_patch_notes_idrinth_129_version	v1.6.4	false
mct_patch_notes_idrinth_128_notes	- 重寫程式碼以提高穩定性\\n- 模組配置工具中增加更多選項\\n- 許多小修復	false
mct_patch_notes_idrinth_128_version	v1.6.3	false
mct_patch_notes_idrinth_127_notes	- 延遲函數調用的效能改進	false
mct_patch_notes_idrinth_127_version	v1.6.2	false
mct_patch_notes_idrinth_126_notes	- 修復nowAndThen觸發過於頻繁導致崩潰的問題	false
mct_patch_notes_idrinth_126_version	v1.6.1	false
mct_patch_notes_idrinth_125_notes	- 單位規模升級\\n- 野獸升級重製	false
mct_patch_notes_idrinth_125_version	v1.6.0	false
mct_patch_notes_idrinth_124_notes	- 防止特質移除事件刷屏	false
mct_patch_notes_idrinth_124_version	v1.5.2	false
mct_patch_notes_idrinth_123_notes	- 修復反閃電突襲	false
mct_patch_notes_idrinth_123_version	v1.5.1	false
mct_patch_notes_idrinth_122_notes	- 加入精靈單位升級	false
mct_patch_notes_idrinth_122_version	v1.5.0	false
mct_patch_notes_idrinth_121_notes	- 程式碼清理	false
mct_patch_notes_idrinth_121_version	v1.4.6	false
mct_patch_notes_idrinth_120_notes	- 修復被指派海盜海岸「政府職位」時名稱丟失的問題	false
mct_patch_notes_idrinth_120_version	v1.4.5	false
mct_patch_notes_idrinth_119_notes	- 修復戰鬥資源\\n- 程式碼優化	false
mct_patch_notes_idrinth_119_version	v1.4.4	false
mct_patch_notes_idrinth_118_notes	- 修復點擊按鈕後單位升級面板不顯示的問題	false
mct_patch_notes_idrinth_118_version	v1.4.3	false
mct_patch_notes_idrinth_117_notes	- 修復點擊按鈕後單位升級面板不顯示的問題	false
mct_patch_notes_idrinth_117_version	v1.4.2	false
mct_patch_notes_idrinth_116_notes	- 增加單位使用提示	false
mct_patch_notes_idrinth_116_version	v1.4.1	false
mct_patch_notes_idrinth_115_notes	- 使waaagh動物的單位祝福生效\\n- 重新平衡部落建築	false
mct_patch_notes_idrinth_115_version	v1.4.0	false
mct_patch_notes_idrinth_114_notes	- 修復單位集未包含所有必要內容的問題	false
mct_patch_notes_idrinth_114_version	v1.3.5	false
mct_patch_notes_idrinth_113_notes	- 修復單位集未包含所有必要內容的問題	false
mct_patch_notes_idrinth_113_version	v1.3.4	false
mct_patch_notes_idrinth_112_notes	- 修復單位集未包含所有必要內容的問題	false
mct_patch_notes_idrinth_112_version	v1.3.3	false
mct_patch_notes_idrinth_111_notes	- 修復角色主動權檢測	false
mct_patch_notes_idrinth_111_version	v1.3.2	false
mct_patch_notes_idrinth_110_notes	- 修復一個崩潰原因	false
mct_patch_notes_idrinth_110_version	v1.3.1	false
mct_patch_notes_idrinth_109_notes	- 為效能進行重大重寫	false
mct_patch_notes_idrinth_109_version	v1.3.0	false
mct_patch_notes_idrinth_108_notes	- 修復版本號	false
mct_patch_notes_idrinth_108_version	v1.2.2	false
mct_patch_notes_idrinth_107_notes	- 修復反特質處理	false
mct_patch_notes_idrinth_107_version	v1.2.1	false
mct_patch_notes_idrinth_106_notes	- 教堂可用時在定居點顯示圖示\\n- 大量程式碼清理\\n- 奉獻系統改進，加入神祇嫉妒機制	false
mct_patch_notes_idrinth_106_version	v1.2.0	false
mct_patch_notes_idrinth_105_notes	- 修復資源在UI中位置錯誤的問題	false
mct_patch_notes_idrinth_105_version	v1.1.18	false
mct_patch_notes_idrinth_104_notes	- 又一個定居點UI修復	false
mct_patch_notes_idrinth_104_version	v1.1.17	false
mct_patch_notes_idrinth_103_notes	- 修復定居點視圖中的按鈕處理	false
mct_patch_notes_idrinth_103_version	v1.1.16	false
mct_patch_notes_idrinth_102_notes	- 修復物品狀態儲存/讀取以防止獲得多套套裝	false
mct_patch_notes_idrinth_102_version	v1.1.15	false
mct_patch_notes_idrinth_101_notes	- 修復唯一物品自動裝備	false
mct_patch_notes_idrinth_101_version	v1.1.14	false
mct_patch_notes_idrinth_100_notes	- 招募時正確顯示領主和職位頭銜\\n- 防止雙重生成（希望如此）	false
mct_patch_notes_idrinth_100_version	v1.1.13	false
mct_patch_notes_idrinth_99_notes	- 修復兩個困境為錯誤派系觸發的問題	false
mct_patch_notes_idrinth_99_version	v1.1.12	false
mct_patch_notes_idrinth_98_notes	- 修復物品給予中的另一個問題	false
mct_patch_notes_idrinth_98_version	v1.1.11	false
mct_patch_notes_idrinth_97_notes	- 招募腳本修復\\n- UI修復\\n- 物品腳本修復	false
mct_patch_notes_idrinth_97_version	v1.1.10	false
mct_patch_notes_idrinth_96_notes	- 修復物品給予程式碼	false
mct_patch_notes_idrinth_96_version	v1.1.9	false
mct_patch_notes_idrinth_95_notes	- 一些整理工作	false
mct_patch_notes_idrinth_95_version	v1.1.8	false
mct_patch_notes_idrinth_94_notes	- 修復多人遊戲中設定彈出給錯誤玩家的問題	false
mct_patch_notes_idrinth_94_version	v1.1.7	false
mct_patch_notes_idrinth_93_notes	- 修復版本號	false
mct_patch_notes_idrinth_93_version	v1.1.6	false
mct_patch_notes_idrinth_92_notes	- 防止NPC派系獲得位置和劇情事件	false
mct_patch_notes_idrinth_92_version	v1.1.5	false
mct_patch_notes_idrinth_91_notes	- 物品獲取修復	false
mct_patch_notes_idrinth_91_version	v1.1.4	false
mct_patch_notes_idrinth_90_notes	- UI修復	false
mct_patch_notes_idrinth_90_version	v1.1.3	false
mct_patch_notes_idrinth_89_notes	- 版本號增加	false
mct_patch_notes_idrinth_89_version	v1.1.2	false
mct_patch_notes_idrinth_88_notes	- 小腳本修復	false
mct_patch_notes_idrinth_88_version	v1.1.1	false
mct_patch_notes_idrinth_87_notes	- 重構\\n- 奉獻解鎖\\n- 將軍大幅改進\\n- 為將軍添加動物waaagh機制	false
mct_patch_notes_idrinth_87_version	v1.1.0	false
mct_patch_notes_idrinth_86_notes	- 解鎖任務刷屏可能已修復\\n- 斥候騎兵不再騎奇怪的動物\\n- 文字清晰度小調整	false
mct_patch_notes_idrinth_86_version	v1.0.15	false
mct_patch_notes_idrinth_85_notes	- 修復領主版本缺少的損耗免疫	false
mct_patch_notes_idrinth_85_version	v1.0.14	false
mct_patch_notes_idrinth_84_notes	- 修復眷顧資源在回合中不在UI中更新的問題	false
mct_patch_notes_idrinth_84_version	v1.0.13	false
mct_patch_notes_idrinth_83_notes	- 紮營不再消耗移動力	false
mct_patch_notes_idrinth_83_version	v1.0.12	false
mct_patch_notes_idrinth_82_notes	- 修復劇情事件開關多次觸發的問題	false
mct_patch_notes_idrinth_82_version	v1.0.11	false
mct_patch_notes_idrinth_81_notes	- 添加缺少的單位類型分類	false
mct_patch_notes_idrinth_81_version	v1.0.10	false
mct_patch_notes_idrinth_80_notes	- 添加精靈殺手特質遺忘的正面效果\\n- 確保模型每個檔案最多使用5個變體	false
mct_patch_notes_idrinth_80_version	v1.0.9	false
mct_patch_notes_idrinth_79_notes	- 修復戰鬥追蹤\\n- 修復祭司和伊德林斯的遠程武器傷害	false
mct_patch_notes_idrinth_79_version	v1.0.8	false
mct_patch_notes_idrinth_78_notes	- 修復資源生成錯誤\\n- 添加將軍技能線中遺忘的技能	false
mct_patch_notes_idrinth_78_version	v1.0.7	false
mct_patch_notes_idrinth_77_notes	- 修復精靈屠殺者特質的本地化	false
mct_patch_notes_idrinth_77_version	v1.0.6	false
mct_patch_notes_idrinth_76_notes	- 修復酒館教堂建築鏈	false
mct_patch_notes_idrinth_76_version	v1.0.5	false
mct_patch_notes_idrinth_75_notes	- 修復伊姆里克、莫拉斯、薩爾托薩的單位招募	false
mct_patch_notes_idrinth_75_version	v1.0.4	false
mct_patch_notes_idrinth_74_notes	- 修復德莉嘉的招募	false
mct_patch_notes_idrinth_74_version	v1.0.3	false
mct_patch_notes_idrinth_73_notes	- 部落成長範圍修復	false
mct_patch_notes_idrinth_73_version	v1.0.2	false
mct_patch_notes_idrinth_72_notes	- 修復因錯誤範圍導致招募上限為0的問題	false
mct_patch_notes_idrinth_72_version	v1.0.1	false
mct_patch_notes_idrinth_71_notes	- 部落模式領主選項\\n- 三個新的外部槽位建築\\n- 重大重新平衡\\n- 新單位（斥候騎兵）\\n- 技能範圍錯誤修復	false
mct_patch_notes_idrinth_71_version	v1.0.0	false
mct_patch_notes_idrinth_70_notes	- 修復擴展文化缺少任務標題和描述的問題	false
mct_patch_notes_idrinth_70_version	v0.19.3	false
mct_patch_notes_idrinth_69_notes	- 防止物品發放刷屏	false
mct_patch_notes_idrinth_69_version	v0.19.2	false
mct_patch_notes_idrinth_68_notes	- 修復物品檢查的等級比較	false
mct_patch_notes_idrinth_68_version	v0.19.1	false
mct_patch_notes_idrinth_67_notes	- 支援模組配置工具\\n- 新的地點事件\\n- 輕微重新平衡\\n- 通過擴展文化招募更好地實現招募	false
mct_patch_notes_idrinth_67_version	v0.19.0	false
mct_patch_notes_idrinth_66_notes	- 防止伊德林斯受傷時觸發事件	false
mct_patch_notes_idrinth_66_version	v0.18.3	false
mct_patch_notes_idrinth_65_notes	- 大量清理	false
mct_patch_notes_idrinth_65_version	v0.18.2	false
mct_patch_notes_idrinth_64_notes	- 疲勞損失減少現在確實減少而非增加\\n- 伊德林斯的類型不再可招募（即使他的類別從未解鎖）	false
mct_patch_notes_idrinth_64_version	v0.18.1	false
mct_patch_notes_idrinth_63_notes	- 擴展教堂定居點\\n- 擴展派系名冊	false
mct_patch_notes_idrinth_63_version	v0.18.0	false
mct_patch_notes_idrinth_62_notes	- 修復衛隊缺少的反大型單位防禦\\n- 略微增加單位重量	false
mct_patch_notes_idrinth_62_version	v0.17.1	false
mct_patch_notes_idrinth_61_notes	- 添加遠程技能並使自訂戰鬥派系更加獨特	false
mct_patch_notes_idrinth_61_version	v0.17.0	false
mct_patch_notes_idrinth_60_notes	- 為自訂戰鬥添加塔路易教堂的旗幟和圖示	false
mct_patch_notes_idrinth_60_version	v0.16.0	false
mct_patch_notes_idrinth_59_notes	- 新神殿等級（祭司英雄防禦者）\\n- 等級縮放解鎖選項（5級、6級、8級、11級）\\n- 一些神殿修復\\n- 困境拼寫錯誤修復\\n- 遭遇戰獨立派系	false
mct_patch_notes_idrinth_59_version	v0.15.0	false
mct_patch_notes_idrinth_58_notes	- 將基礎費用從550降至400	false
mct_patch_notes_idrinth_58_version	v0.14.4	false
mct_patch_notes_idrinth_57_notes	- 修復眷顧資源花費未正確應用的問題	false
mct_patch_notes_idrinth_57_version	v0.14.3	false
mct_patch_notes_idrinth_56_notes	- 修復精靈教堂被忽略的外交修正	false
mct_patch_notes_idrinth_56_version	v0.14.2	false
mct_patch_notes_idrinth_55_notes	- 精靈教堂鏈的拼寫錯誤和修復	false
mct_patch_notes_idrinth_55_version	v0.14.1	false
mct_patch_notes_idrinth_54_notes	- 添加伊德林斯建立的精靈教堂，基礎版本，更多內容將推出。	false
mct_patch_notes_idrinth_54_version	v0.14.0	false
mct_patch_notes_idrinth_53_notes	- 希望防止較慢玩家的任務雙重觸發。	false
mct_patch_notes_idrinth_53_version	v0.13.4	false
mct_patch_notes_idrinth_52_notes	- 調整自動解決數值。	false
mct_patch_notes_idrinth_52_version	v0.13.3	false
mct_patch_notes_idrinth_51_notes	- 資源獲取修復以及隨機化的神祇祝福。	false
mct_patch_notes_idrinth_51_version	v0.13.2	false
mct_patch_notes_idrinth_50_notes	- 修復一些拼寫錯誤，主要是大小寫。	false
mct_patch_notes_idrinth_50_version	v0.13.1	false
mct_patch_notes_idrinth_49_notes	- 為所有主要文化添加文化特定的解鎖困境文本。	false
mct_patch_notes_idrinth_49_version	v0.13.0	false
mct_patch_notes_idrinth_48_notes	- 修復因重新載入導致模式問題多次出現的問題。	false
mct_patch_notes_idrinth_48_version	v0.12.2	false
mct_patch_notes_idrinth_47_notes	- 修復備用圖像出現的問題。	false
mct_patch_notes_idrinth_47_version	v0.12.1	false
mct_patch_notes_idrinth_46_notes	- 恢復祈禱和奉獻邏輯。	false
mct_patch_notes_idrinth_46_version	v0.12.0	false
mct_patch_notes_idrinth_45_notes	- 輕微清理	false
mct_patch_notes_idrinth_45_version	v0.11.2	false
mct_patch_notes_idrinth_44_notes	- 暫時移除一個衝突的twui檔案。	false
mct_patch_notes_idrinth_44_version	v0.11.1	false
mct_patch_notes_idrinth_43_notes	- 移除對資源欄覆蓋的依賴用於神聖眷顧。\\n- 理論上支援納迦許派系	false
mct_patch_notes_idrinth_43_version	v0.11.0	false
mct_patch_notes_idrinth_42_notes	- 修復網格紋理使其更具吸血鬼特色，不再顯示漂亮的粉紅色皮膚。	false
mct_patch_notes_idrinth_42_version	v0.10.6	false
mct_patch_notes_idrinth_41_notes	- 調整單位卡片圖像	false
mct_patch_notes_idrinth_41_version	v0.10.5	false
mct_patch_notes_idrinth_40_notes	- 防止載入後重新觸發招募任務。	false
mct_patch_notes_idrinth_40_version	v0.10.4	false
mct_patch_notes_idrinth_39_notes	- 移除對覆蓋核心腳本的依賴。	false
mct_patch_notes_idrinth_39_version	v0.10.3	false
mct_patch_notes_idrinth_38_notes	- 修復凱恩套裝加成附加到錯誤項目的問題。	false
mct_patch_notes_idrinth_38_version	v0.10.2	false
mct_patch_notes_idrinth_37_notes	- 修復單位名稱中的拼寫錯誤。	false
mct_patch_notes_idrinth_37_version	v0.10.1	false
mct_patch_notes_idrinth_36_notes	- 添加高等精靈和吸血鬼伯爵困境獎勵。	false
mct_patch_notes_idrinth_36_version	v0.10.0	false
mct_patch_notes_idrinth_35_notes	- 添加木精靈困境獎勵。	false
mct_patch_notes_idrinth_35_version	v0.9.0	false
mct_patch_notes_idrinth_34_notes	- 添加矮人困境獎勵。	false
mct_patch_notes_idrinth_34_version	v0.8.0	false
mct_patch_notes_idrinth_33_notes	- 添加基斯里夫困境獎勵。	false
mct_patch_notes_idrinth_33_version	v0.7.0	false
mct_patch_notes_idrinth_32_notes	- 減少高等級時神聖眷顧的增長。	false
mct_patch_notes_idrinth_32_version	v0.6.5	false
mct_patch_notes_idrinth_31_notes	- 修復回合開始時配件分配導致的崩潰。	false
mct_patch_notes_idrinth_31_version	v0.6.4	false
mct_patch_notes_idrinth_30_notes	- 減少困境中的腐化減少。	false
mct_patch_notes_idrinth_30_version	v0.6.3	false
mct_patch_notes_idrinth_29_notes	- 為帝國困境添加更多效果	false
mct_patch_notes_idrinth_29_version	v0.6.2	false
mct_patch_notes_idrinth_28_notes	- 修復困境的神聖眷顧分配。	false
mct_patch_notes_idrinth_28_version	v0.6.1	false
mct_patch_notes_idrinth_27_notes	- 為困境選項添加效果文本\\n- 將眷顧生成從5減少到1。	false
mct_patch_notes_idrinth_27_version	v0.6.0	false
mct_patch_notes_idrinth_26_notes	- 修復與載入數值和裝備配件相關的一些腳本問題。	false
mct_patch_notes_idrinth_26_version	v0.5.6	false
mct_patch_notes_idrinth_25_notes	- 更新突擊的衝鋒加成使其真正生效。	false
mct_patch_notes_idrinth_25_version	v0.5.5	false
mct_patch_notes_idrinth_24_notes	- 修復twui檔案中的多個UUID	false
mct_patch_notes_idrinth_24_version	v0.5.4	false
mct_patch_notes_idrinth_23_notes	- 修復困境中重複的凱恩獎勵。獎勵仍可能變更。	false
mct_patch_notes_idrinth_23_version	v0.5.3	false
mct_patch_notes_idrinth_22_notes	- 另一組UI相關修復	false
mct_patch_notes_idrinth_22_version	v0.5.2	false
mct_patch_notes_idrinth_21_notes	- 資源顯示修復	false
mct_patch_notes_idrinth_21_version	v0.5.1	false
mct_patch_notes_idrinth_20_notes	- 將資源添加到wh3頂部欄	false
mct_patch_notes_idrinth_20_version	v0.5.0	false
mct_patch_notes_idrinth_19_notes	- 修復困境效果不顯示的問題。效果可能變更。	false
mct_patch_notes_idrinth_19_version	v0.4.8	false
mct_patch_notes_idrinth_18_notes	- 修復因錯誤快取資料導致載入後崩潰的問題。	false
mct_patch_notes_idrinth_18_version	v0.4.7	false
mct_patch_notes_idrinth_17_notes	- 重新啟用事件重新啟用以減少崩潰。	false
mct_patch_notes_idrinth_17_version	v0.4.6	false
mct_patch_notes_idrinth_16_notes	- 移除除錯程式碼（腳本日誌）	false
mct_patch_notes_idrinth_16_version	v0.4.5	false
mct_patch_notes_idrinth_15_notes	- 移除腳本中的自動生成，那只是用於測試。	false
mct_patch_notes_idrinth_15_version	v0.4.4	false
mct_patch_notes_idrinth_14_notes	- 使密探能力更有用。	false
mct_patch_notes_idrinth_14_version	v0.4.3	false
mct_patch_notes_idrinth_13_notes	- 修復另一個崩潰情況。	false
mct_patch_notes_idrinth_13_version	v0.4.2	false
mct_patch_notes_idrinth_12_notes	- 通過更有效地抑制事件來減少崩潰。	false
mct_patch_notes_idrinth_12_version	v0.4.1	false
mct_patch_notes_idrinth_11_notes	- 引入精靈屠殺者特質來處理精靈大屠殺。	false
mct_patch_notes_idrinth_11_version	v0.4.0	false
mct_patch_notes_idrinth_10_notes	- 腳本和資料庫修復，使自訂物品在可用時正確裝備。	false
mct_patch_notes_idrinth_10_version	v0.3.4	false
mct_patch_notes_idrinth_9_notes	- 困境觸發的腳本修復。	false
mct_patch_notes_idrinth_9_version	v0.3.3	false
mct_patch_notes_idrinth_8_notes	- 修復一些與事件抑制過遲相關的崩潰。	false
mct_patch_notes_idrinth_8_version	v0.3.2	false
mct_patch_notes_idrinth_7_notes	- 改進背景故事文本。	false
mct_patch_notes_idrinth_7_version	v0.3.1	false
mct_patch_notes_idrinth_6_notes	- 為所有新物品添加背景故事和說明文本。	false
mct_patch_notes_idrinth_6_version	v0.3.0	false
mct_patch_notes_idrinth_5_notes	- 調整射擊弧度，使他真正能夠進行騷擾戰	false
mct_patch_notes_idrinth_5_version	v0.2.3	false
mct_patch_notes_idrinth_4_notes	- 正確放置神聖眷顧圖示	false
mct_patch_notes_idrinth_4_version	v0.2.2	false
mct_patch_notes_idrinth_3_notes	- 修復獲得配件時的崩潰	false
mct_patch_notes_idrinth_3_version	v0.2.1	false
mct_patch_notes_idrinth_2_notes	- 現在顯示神聖眷顧。	false
mct_patch_notes_idrinth_2_version	v0.2.0	false
mct_patch_notes_idrinth_1_notes	- 初始版本	false
mct_patch_notes_idrinth_1_version	v0.1.0	false
mct_patch_notes_idrinth_130_notes	- MCT改進，包括更新日誌	false
mct_patch_notes_idrinth_130_version	v1.6.5	false
mct_patch_notes_idrinth_131_notes	- add missing winds of magic to Idrinth's horde	false
mct_patch_notes_idrinth_131_version	v1.6.6	false
mct_patch_notes_idrinth_132_notes	- add better icons for veteran ranks	false
mct_patch_notes_idrinth_132_version	v1.7.0	false
