key	text	tooltip
#Loc;1;text/db/idrinth__.loc		
agent_culture_details_description_text_99999990	Altos Elfos que fueron convertidos en vampiros.	false
agent_culture_details_onscreen_name_99999990	Idrinth Thalui	false
agent_culture_details_description_text_99999991	Altos Elfos que fueron convertidos en vampiros.	false
agent_culture_details_onscreen_name_99999991	Idrinth Thalui	false
agent_subtypes_description_text_override_idrinth_hev_high_elf_vampires_idrinthchampion	Idrinth Thalui fue convertido contra su voluntad y usa sus nuevos poderes para cazar a los siervos del caos.	false
agent_subtypes_description_text_override_idrinth_hev_high_elf_vampires_idrinthgeneral	Idrinth Thalui fue convertido contra su voluntad y usa sus nuevos poderes para cazar a los siervos del caos.	false
ancillaries_colour_text_idrinth_anc_talisman_stone_of_dried_blood	Un talismán bendecido por Khaine, el Dios de Manos Sangrientas. Pocos han ganado suficiente favor para empuñar una herramienta como esta en su nombre. La sangre seca pulsa con poder antiguo, susurrando promesas de violencia a su portador.	false
ancillaries_explanation_text_idrinth_anc_talisman_stone_of_dried_blood	Experiencia de combate demostrada.	false
ancillaries_onscreen_name_idrinth_anc_talisman_stone_of_dried_blood	Talismán de Sangre Seca	false
ancillaries_colour_text_idrinth_anc_talisman_talisman_of_souls	Un talismán bendecido por Asuryan para mantener vivo el conocimiento de generaciones anteriores. Cuando hay silencio, puedes escuchar los susurros de antiguos sabios elfos ofreciendo sabiduría desde más allá del velo.	false
ancillaries_explanation_text_idrinth_anc_talisman_talisman_of_souls	Experiencia de combate demostrada.	false
ancillaries_onscreen_name_idrinth_anc_talisman_talisman_of_souls	Talismán de Almas	false
ancillaries_colour_text_idrinth_anc_talisman_forest_berry_wine	Un talismán de cierto tipo bendecido por Kurnous, que otorga al propietario uno de los mejores vinos de bayas del mundo entero. Un sorbo conecta al bebedor con lo salvaje, agudizando los sentidos y acelerando los reflejos como si el propio bosque guiara cada movimiento.	false
ancillaries_explanation_text_idrinth_anc_talisman_forest_berry_wine	Experiencia de combate demostrada.	false
ancillaries_onscreen_name_idrinth_anc_talisman_forest_berry_wine	Vino de Bayas del Bosque	false
ancillaries_colour_text_idrinth_anc_weapon_kurnous_blessed_hunting_bow	Un arma bendecida por Kurnous para convertir a su portador en uno de los cazadores más destacados que el mundo conoce. Aquellos marcados por sus flechas sienten un miedo primario, como si fueran cazados por la naturaleza misma en lugar de simplemente un arquero.	false
ancillaries_explanation_text_idrinth_anc_weapon_kurnous_blessed_hunting_bow	Experiencia de combate demostrada.	false
ancillaries_onscreen_name_idrinth_anc_weapon_kurnous_blessed_hunting_bow	Arco de Caza Bendecido	false
ancillaries_colour_text_idrinth_anc_armour_khaines_visage	Este yelmo revela una máscara facial que es una mezcla de terror, sed de sangre y puro deseo de violencia. El semblante transforma a su portador, despertando una rabia primaria que los enemigos pueden sentir desde lejos.	false
ancillaries_explanation_text_idrinth_anc_armour_khaines_visage	Experiencia de combate demostrada.	false
ancillaries_onscreen_name_idrinth_anc_armour_khaines_visage	Semblante de Khaine	false
ancillaries_colour_text_idrinth_anc_weapon_khaines_thirsting_sword	Una espada sedienta de sangre tanto como su amo. Con cada golpe, ansía más, volviéndose más fuerte con cada vida que reclama. El filo de la hoja nunca se embota cuando está mojado con sangre fresca.	false
ancillaries_explanation_text_idrinth_anc_weapon_khaines_thirsting_sword	Experiencia de combate demostrada.	false
ancillaries_onscreen_name_idrinth_anc_weapon_khaines_thirsting_sword	Espada Sedienta de Khaine	false
ancillaries_colour_text_idrinth_anc_weapon_asuryans_perfection_sword	Una espada tan perfecta como su portador aspira a ser. Forjada en la llama eterna del propio Asuryan, esta espada de estilo alto elfo aporta armonía al combate, permitiendo a su maestro luchar con precisión y resistencia inigualables.	false
ancillaries_explanation_text_idrinth_anc_weapon_asuryans_perfection_sword	Experiencia de combate demostrada.	false
ancillaries_onscreen_name_idrinth_anc_weapon_asuryans_perfection_sword	Espada de Perfección de Asuryan	false
ancillaries_colour_text_idrinth_anc_armour_kurnous_forest_cloak	Una armadura de diseño de Kurnous, ligera y apenas perceptible. Esta capa verde oscura lleva la esencia del bosque profundo, ocultando a su portador de los ojos enemigos mientras aumenta la conciencia de su entorno.	false
ancillaries_explanation_text_idrinth_anc_armour_kurnous_forest_cloak	Experiencia de combate demostrada.	false
ancillaries_onscreen_name_idrinth_anc_armour_kurnous_forest_cloak	Capa del Bosque de Kurnous	false
ancillaries_colour_text_idrinth_anc_armour_asuryans_destiny	Esta armadura protege a su portador mientras sirve a la raza élfica, prolongando su vida a niveles fuera de cualquier expectativa. Los encantamientos tejidos en cada placa rechazan la corrupción de la no-muerte, permitiendo al portador caminar en ambos mundos.	false
ancillaries_explanation_text_idrinth_anc_armour_asuryans_destiny	Experiencia de combate demostrada.	false
ancillaries_onscreen_name_idrinth_anc_armour_asuryans_destiny	Armadura del Destino de Asuryan	false
ancillary_sets_name_anc_set_exclusive_idrinth_khaine	Bendición de Khaine	false
ancillary_sets_name_anc_set_exclusive_idrinth_kurnous	Bendición de Kurnous	false
ancillary_sets_name_anc_set_exclusive_idrinth_asuryan	Bendición de Asuryan	false
ancillary_sets_description_anc_set_exclusive_idrinth_khaine	Los objetos bendecidos por Khaine te forjan en una fuente activa de muerte y destrucción.	false
ancillary_sets_description_anc_set_exclusive_idrinth_kurnous	Los objetos bendecidos por Kurnous te convierten en uno de los cazadores más peligrosos con vida.	false
ancillary_sets_description_anc_set_exclusive_idrinth_asuryan	Los objetos bendecidos por Asuryan definen al defensor de los indefensos,	false
building_chains_chain_tooltip_idrinth_hev_high_elf_vampires_chapel	Capilla de la Comunidad Élfica	false
building_chains_encyclopedia_description_idrinth_hev_high_elf_vampires_chapel	Una Capilla para una pequeña comunidad de exiliados, aventureros y vagabundos elfos.	false
building_chains_encyclopedia_name_idrinth_hev_high_elf_vampires_chapel	Capilla de la Comunidad Élfica	false
building_chains_encyclopedia_name_idrinth_hev_high_elf_vampires_beasts	Veterinaria Élfica	false
building_chains_encyclopedia_name_idrinth_hev_high_elf_vampires_diplomacy	Extensión Élfica	false
building_chains_encyclopedia_name_idrinth_hev_high_elf_vampires_altar	Artesanos Elfos	false
building_chains_encyclopedia_name_idrinth_hev_high_elf_vampires_horde	Campamento Élfico	false
building_chains_encyclopedia_name_idrinth_hev_high_elf_vampires_horde_healer_wagon	Sanadores Elfos	false
building_chains_encyclopedia_name_idrinth_hev_high_elf_vampires_horde_quartermaster	Intendente Élfico	false
building_chains_encyclopedia_name_idrinth_hev_high_elf_vampires_horde_trader	Comerciante Élfico	false
building_culture_variants_name_idrinth_hev_high_elf_vampires_artisan_quarters	Barrio de Artesanos	false
building_culture_variants_name_idrinth_hev_high_elf_vampires_tavern	Taberna Élfica	false
building_culture_variants_name_idrinth_hev_high_elf_vampires_library	Biblioteca Élfica	false
building_culture_variants_name_idrinth_hev_high_elf_vampires_chapel_0	Capilla Thaluiana	false
building_culture_variants_name_idrinth_hev_high_elf_vampires_chapel_1_asuryan	Capilla Thaluiana de Asuryan	false
building_culture_variants_name_idrinth_hev_high_elf_vampires_chapel_1_kurnous	Capilla Thaluiana de Kurnous	false
building_culture_variants_name_idrinth_hev_high_elf_vampires_chapel_1_khaine	Capilla Thaluiana de Khaine	false
building_culture_variants_name_idrinth_hev_high_elf_vampires_chapel_2_asuryan	Gran Capilla Thaluiana de Asuryan	false
building_culture_variants_name_idrinth_hev_high_elf_vampires_chapel_2_kurnous	Gran Capilla Thaluiana de Kurnous	false
building_culture_variants_name_idrinth_hev_high_elf_vampires_chapel_2_khaine	Gran Capilla Thaluiana de Khaine	false
building_culture_variants_name_idrinth_hev_high_elf_vampires_chapel_0_beasts	Cabaña Veterinaria	false
building_culture_variants_name_idrinth_hev_high_elf_vampires_chapel_1_beasts	Casa Veterinaria	false
building_culture_variants_name_idrinth_hev_high_elf_vampires_chapel_2_beasts	Mansión Veterinaria	false
building_culture_variants_name_idrinth_hev_high_elf_vampires_chapel_1_diplomacy	Extensión Menor	false
building_culture_variants_name_idrinth_hev_high_elf_vampires_chapel_2_diplomacy	Extensión	false
building_culture_variants_name_idrinth_hev_high_elf_vampires_chapel_2_altar	Artesanos de Altares	false
building_culture_variants_name_idrinth_hev_high_elf_vampires_horde_0	Pequeño Campamento Thaluiano	false
building_culture_variants_name_idrinth_hev_high_elf_vampires_horde_healer_wagon_0	Carromato de Sanador	false
building_culture_variants_name_idrinth_hev_high_elf_vampires_horde_quartermaster_0	Intendente	false
building_culture_variants_name_idrinth_hev_high_elf_vampires_horde_trader_0	Comerciante	false
building_culture_variants_name_idrinth_hev_high_elf_vampires_horde_1	Campamento Thaluiano	false
building_culture_variants_name_idrinth_hev_high_elf_vampires_horde_healer_wagon_1	Carromato de Sanador Maestro	false
building_culture_variants_name_idrinth_hev_high_elf_vampires_horde_quartermaster_1	Consejo del Campamento	false
building_culture_variants_name_idrinth_hev_high_elf_vampires_horde_trader_1	Mercader	false
building_culture_variants_name_idrinth_hev_high_elf_vampires_horde_2	Gran Campamento Thaluiano	false
building_culture_variants_name_idrinth_hev_high_elf_vampires_horde_healer_wagon_2	Carromato Escuela de Sanadores	false
building_culture_variants_name_idrinth_hev_high_elf_vampires_horde_quartermaster_2	Alto Consejo	false
building_culture_variants_name_idrinth_hev_high_elf_vampires_horde_trader_2	Gremio de Mercaderes	false
building_culture_variants_name_idrinth_hev_high_elf_vampires_artisan_quarters_1	Pequeño Barrio de Artesanos	false
building_culture_variants_name_idrinth_hev_high_elf_vampires_artisan_quarters_2	Barrio de Artesanos	false
building_culture_variants_name_idrinth_hev_high_elf_vampires_tavern_0	Pequeña Taberna Élfica	false
building_culture_variants_name_idrinth_hev_high_elf_vampires_tavern_1	Taberna Élfica	false
building_culture_variants_name_idrinth_hev_high_elf_vampires_tavern_2	Gran Taberna Élfica	false
building_culture_variants_name_idrinth_hev_high_elf_vampires_library_2	Biblioteca Élfica	false
building_culture_variants_name_idrinth_hev_high_elf_vampires_horde_4	Mobile Thaluian Village	false
building_culture_variants_name_idrinth_hev_high_elf_vampires_horde_healer_wagon_4	Healer Academy Wagons	false
building_culture_variants_name_idrinth_hev_high_elf_vampires_horde_quartermaster_4	Village Government	false
building_culture_variants_name_idrinth_hev_high_elf_vampires_horde_trader_4	Merchant Guild	false
building_sets_onscreen_description_idrinth_hev_high_elf_vampires_chapel	Una reunión de pícaros, exiliados y aventureros de raza élfica que se congregan alrededor de una capilla dedicada a sus deidades.	false
building_sets_onscreen_name_idrinth_hev_high_elf_vampires_chapel	Capilla de la Comunidad Élfica	false
building_sets_onscreen_name_idrinth_hev_high_elf_vampires_chapel_beast	Veterinaria Élfica	false
building_sets_onscreen_name_idrinth_hev_high_elf_vampires_chapel_diplomacy	Extensión Élfica	false
building_sets_onscreen_name_idrinth_hev_high_elf_vampires_chapel_altar	Artesanos Elfos	false
building_sets_onscreen_description_idrinth_hev_high_elf_vampires_chapel_beast	Veterinaria Élfica	false
building_sets_onscreen_description_idrinth_hev_high_elf_vampires_chapel_diplomacy	Extensión Élfica	false
building_sets_onscreen_description_idrinth_hev_high_elf_vampires_chapel_altar	Artesanos Elfos	false
building_sets_onscreen_description_idrinth_hev_high_elf_vampires_horde	Campamento Élfico	false
building_sets_onscreen_description_idrinth_hev_high_elf_vampires_horde_healer_wagon	Sanadores Elfos	false
building_sets_onscreen_description_idrinth_hev_high_elf_vampires_horde_quartermaster	Intendente Élfico	false
building_sets_onscreen_description_idrinth_hev_high_elf_vampires_horde_trader	Comerciante Élfico	false
building_sets_onscreen_name_idrinth_hev_high_elf_vampires_horde	Campamento Élfico	false
building_sets_onscreen_name_idrinth_hev_high_elf_vampires_horde_healer_wagon	Sanadores Elfos	false
building_sets_onscreen_name_idrinth_hev_high_elf_vampires_horde_quartermaster	Intendente Élfico	false
building_sets_onscreen_name_idrinth_hev_high_elf_vampires_horde_trader	Comerciante Élfico	false
building_sets_onscreen_name_idrinth_hev_high_elf_vampires_artisan_quarters	Barrio de Artesanos Elfos	false
building_sets_onscreen_name_idrinth_hev_high_elf_vampires_tavern	Taberna Élfica	false
building_sets_onscreen_name_idrinth_hev_high_elf_vampires_library	Biblioteca Élfica	false
building_sets_onscreen_description_idrinth_hev_high_elf_vampires_artisan_quarters	Barrio de Artesanos Elfos	false
building_sets_onscreen_description_idrinth_hev_high_elf_vampires_tavern	Taberna Élfica	false
building_sets_onscreen_description_idrinth_hev_high_elf_vampires_library	Biblioteca Élfica	false
building_short_description_texts_short_description_idrinth_hev_high_elf_vampires_chapel_0	Una capilla para una comunidad de pícaros, exiliados y aventureros de raza élfica. Estos elfos siguen los pasos de Idrinth como ejemplo de cómo vivir sus vidas.	false
building_short_description_texts_short_description_idrinth_hev_high_elf_vampires_chapel_1_asuryan	Una capilla para una comunidad de pícaros, exiliados y aventureros de raza élfica. Estos elfos siguen los pasos de Idrinth como ejemplo de cómo vivir sus vidas en nombre de Asuryan.	false
building_short_description_texts_short_description_idrinth_hev_high_elf_vampires_chapel_1_kurnous	Una capilla para una comunidad de pícaros, exiliados y aventureros de raza élfica. Estos elfos siguen los pasos de Idrinth como ejemplo de cómo vivir sus vidas en nombre de Kurnous.	false
building_short_description_texts_short_description_idrinth_hev_high_elf_vampires_chapel_1_khaine	Una capilla para una comunidad de pícaros, exiliados y aventureros de raza élfica. Estos elfos siguen los pasos de Idrinth como ejemplo de cómo vivir sus vidas en nombre de Khaine.	false
building_short_description_texts_short_description_idrinth_hev_high_elf_vampires_chapel_2_asuryan	Una gran capilla para una comunidad de pícaros, exiliados y aventureros de raza élfica. Estos elfos siguen los pasos de Idrinth como ejemplo de cómo vivir sus vidas en nombre de Asuryan.	false
building_short_description_texts_short_description_idrinth_hev_high_elf_vampires_chapel_2_kurnous	Una gran capilla para una comunidad de pícaros, exiliados y aventureros de raza élfica. Estos elfos siguen los pasos de Idrinth como ejemplo de cómo vivir sus vidas en nombre de Kurnous.	false
building_short_description_texts_short_description_idrinth_hev_high_elf_vampires_chapel_2_khaine	Una gran capilla para una comunidad de pícaros, exiliados y aventureros de raza élfica. Estos elfos siguen los pasos de Idrinth como ejemplo de cómo vivir sus vidas en nombre de Khaine.	false
building_short_description_texts_short_description_idrinth_hev_high_elf_vampires_chapel_0_beasts	Una pequeña cabaña de veterinarios que ayudan a animales tanto de vecinos humanos como de la naturaleza salvaje.	false
building_short_description_texts_short_description_idrinth_hev_high_elf_vampires_chapel_1_beasts	Una casa de veterinarios que ayudan a animales tanto de vecinos humanos como de la naturaleza salvaje.	false
building_short_description_texts_short_description_idrinth_hev_high_elf_vampires_chapel_2_beasts	Un gran complejo de veterinarios que ayudan a animales tanto de vecinos humanos como de la naturaleza salvaje.	false
building_short_description_texts_short_description_idrinth_hev_high_elf_vampires_chapel_1_diplomacy	Una pequeña extensión élfica, que permite una comunicación más directa con todos los reinos elfos.	false
building_short_description_texts_short_description_idrinth_hev_high_elf_vampires_chapel_2_diplomacy	Una extensión élfica, que permite una comunicación más directa con todos los reinos elfos.	false
building_short_description_texts_short_description_idrinth_hev_high_elf_vampires_chapel_2_altar	Un edificio que fabrica tanto altares normales como altares de guerra para las capillas.	false
building_short_description_texts_short_description_idrinth_hev_high_elf_vampires_horde_0	Un pequeño campamento de fuerzas de la Capilla Thaluiana y sus aliados, unidos por la propia presencia de Idrinth.	false
building_short_description_texts_short_description_idrinth_hev_high_elf_vampires_horde_healer_wagon_0	Un único carromato habitado por un sanador entrenado que puede ayudar con dolencias básicas.	false
building_short_description_texts_short_description_idrinth_hev_high_elf_vampires_horde_quartermaster_0	Un intendente que organiza la adquisición de armas y armaduras, así como el pago de salarios.	false
building_short_description_texts_short_description_idrinth_hev_high_elf_vampires_horde_trader_0	Un único carromato de un comerciante de bienes comunes, que ve beneficios en seguir a un ejército.	false
building_short_description_texts_short_description_idrinth_hev_high_elf_vampires_horde_1	Un campamento de fuerzas de la Capilla Thaluiana y sus aliados, unidos por su odio al caos y la propia presencia de Idrinth.	false
building_short_description_texts_short_description_idrinth_hev_high_elf_vampires_horde_healer_wagon_1	Un grupo de carromatos de un sanador maestro y sus aprendices, capaces de tratar la mayoría de dolencias.	false
building_short_description_texts_short_description_idrinth_hev_high_elf_vampires_horde_quartermaster_1	Un pequeño consejo de funcionarios del campamento que ayuda a organizar el campamento tanto en asuntos civiles como militares.	false
building_short_description_texts_short_description_idrinth_hev_high_elf_vampires_horde_trader_1	Múltiples carromatos de mercaderes, que ayudan a financiar el ejército además de obtener un buen beneficio para sí mismos.	false
building_short_description_texts_short_description_idrinth_hev_high_elf_vampires_horde_2	Un gran campamento de fuerzas de la Capilla Thaluiana y sus aliados, unidos por su odio al caos, el oportunismo y la propia presencia de Idrinth.	false
building_short_description_texts_short_description_idrinth_hev_high_elf_vampires_horde_healer_wagon_2	Un grupo de carromatos que contienen múltiples sanadores maestros que entrenan estudiantes juntos y curan a los necesitados.	false
building_short_description_texts_short_description_idrinth_hev_high_elf_vampires_horde_quartermaster_2	Un consejo de funcionarios del campamento liderado por Idrinth que gobierna el campamento a través de oficiales y juicios.	false
building_short_description_texts_short_description_idrinth_hev_high_elf_vampires_horde_trader_2	Un gremio organizado de mercaderes, que usan el campamento como su base de operaciones, llevando productos elfos a una amplia variedad de personas y beneficiándose económicamente.	false
building_short_description_texts_short_description_idrinth_hev_high_elf_vampires_artisan_quarters_1	Un pequeño taller que produce artesanías élficas, permitiendo a la capilla generar comercio e ingresos.	false
building_short_description_texts_short_description_idrinth_hev_high_elf_vampires_artisan_quarters_2	Un gran taller que produce artesanías élficas y objetos mágicos, permitiendo a la capilla generar comercio e ingresos.	false
building_short_description_texts_short_description_idrinth_hev_high_elf_vampires_tavern_0	Una pequeña taberna, que permite tanto a las fuerzas de la capilla como a los aliados descansar de largos días.	false
building_short_description_texts_short_description_idrinth_hev_high_elf_vampires_tavern_1	Una taberna, que permite tanto a las fuerzas de la capilla como a los aliados descansar de largos días.	false
building_short_description_texts_short_description_idrinth_hev_high_elf_vampires_tavern_2	Una gran taberna, que permite tanto a las fuerzas de la capilla como a los aliados descansar de largos días.	false
building_short_description_texts_short_description_idrinth_hev_high_elf_vampires_library_2	Una biblioteca que recopila conocimiento élfico e investiga más.	false
campaign_localised_strings_string_idrinth_godly_blessings_explanation	Elige a qué dios dedicar a Idrinth, para ganar su atención.	false
campaign_localised_strings_string_idrinth_godly_favour_explanation	Reza a los dioses para obtener bendiciones para tus aliados.	false
campaign_payload_ui_details_description_dummy_spawn_idrinth_thalui	Reclutar al extraño.	false
cdir_events_dilemma_choice_details_localised_choice_label_idrinth_unlock_choiceFIRST	Aceptar ayuda. (Héroe)	false
cdir_events_dilemma_choice_details_localised_choice_label_idrinth_unlock_choiceTHIRD	Aceptar ayuda. (General)	false
cdir_events_dilemma_choice_details_localised_choice_label_idrinth_unlock_choiceSECOND	Ahuyentar al extraño.	false
cdir_events_dilemma_choice_details_localised_choice_label_idrinth_dilemma_high_elvesFIRST	Ahuyentar al mensajero	false
cdir_events_dilemma_choice_details_localised_choice_label_idrinth_dilemma_wood_elvesFIRST	Forzarlos a encontrarse	false
cdir_events_dilemma_choice_details_localised_choice_label_idrinth_dilemma_kislevFIRST	Entregarlo a Idrinth	false
cdir_events_dilemma_choice_details_localised_choice_label_idrinth_dilemma_empireFIRST	Dejar que ella e Idrinth discutan sobre guerras pasadas	false
cdir_events_dilemma_choice_details_localised_choice_label_idrinth_dilemma_vampire_countsFIRST	Acusarlo de matar al sirviente	false
cdir_events_dilemma_choice_details_localised_choice_label_idrinth_dilemma_high_elvesSECOND	Confrontar a Idrinth	false
cdir_events_dilemma_choice_details_localised_choice_label_idrinth_dilemma_wood_elvesSECOND	Esconder a Idrinth hasta que la guardabosques desaparezca	false
cdir_events_dilemma_choice_details_localised_choice_label_idrinth_dilemma_kislevSECOND	Ejecutarlo	false
cdir_events_dilemma_choice_details_localised_choice_label_idrinth_dilemma_empireSECOND	Dejar que ella e Idrinth discutan sobre magia	false
cdir_events_dilemma_choice_details_localised_choice_label_idrinth_dilemma_vampire_countsSECOND	Preguntarle sobre el pergamino	false
cdir_events_dilemma_choice_details_localised_choice_label_idrinth_dilemma_high_elvesTHIRD	Hacer que se encuentren	false
cdir_events_dilemma_choice_details_localised_choice_label_idrinth_dilemma_wood_elvesTHIRD	Confrontar a Idrinth	false
cdir_events_dilemma_choice_details_localised_choice_label_idrinth_dilemma_kislevTHIRD	Dejarlo unirse a ti	false
cdir_events_dilemma_choice_details_localised_choice_label_idrinth_dilemma_empireTHIRD	Preguntarle sobre Idrinth	false
cdir_events_dilemma_choice_details_localised_choice_label_idrinth_dilemma_vampire_countsTHIRD	Buscar al asesino en otro lugar	false
cdir_events_dilemma_choice_details_localised_choice_label_idrinth_dilemma_dwarvesFIRST	Acercarse a los enanos para preguntar más sobre ese elfo	false
cdir_events_dilemma_choice_details_localised_choice_label_idrinth_dilemma_dwarvesSECOND	Acercarse a Idrinth sobre las guerras vampíricas	false
cdir_events_dilemma_choice_details_localised_choice_label_idrinth_dilemma_dwarvesTHIRD	Presentar a Idrinth ante los enanos	false
cdir_events_dilemma_choice_details_localised_choice_label_idrinth_dilemma_weaponFIRST	Asuryan.	false
cdir_events_dilemma_choice_details_localised_choice_label_idrinth_dilemma_weaponSECOND	Kurnous.	false
cdir_events_dilemma_choice_details_localised_choice_label_idrinth_dilemma_weaponTHIRD	Khaine.	false
cdir_events_dilemma_choice_details_localised_choice_label_idrinth_dilemma_armourFIRST	Asuryan.	false
cdir_events_dilemma_choice_details_localised_choice_label_idrinth_dilemma_armourSECOND	Kurnous.	false
cdir_events_dilemma_choice_details_localised_choice_label_idrinth_dilemma_armourTHIRD	Khaine.	false
cdir_events_dilemma_choice_details_localised_choice_label_idrinth_dilemma_talismanFIRST	Asuryan.	false
cdir_events_dilemma_choice_details_localised_choice_label_idrinth_dilemma_talismanSECOND	Kurnous.	false
cdir_events_dilemma_choice_details_localised_choice_label_idrinth_dilemma_talismanTHIRD	Khaine.	false
cdir_events_dilemma_choice_details_localised_choice_label_idrinth_mode_choiceFIRST	Fidelidad al Lore más estricta.	false
cdir_events_dilemma_choice_details_localised_choice_label_idrinth_mode_choiceSECOND	Fidelidad al Lore más flexible.	false
cdir_events_dilemma_choice_details_localised_choice_label_idrinth_dilemma_unlock_high_elvesFIRST	Que Asuryan tenga piedad de nosotros.	false
cdir_events_dilemma_choice_details_localised_choice_label_idrinth_dilemma_unlock_wood_elvesFIRST	Que Kurnous tenga piedad de nosotros.	false
cdir_events_dilemma_choice_details_localised_choice_label_idrinth_dilemma_unlock_kislevFIRST	Que Ursun nos perdone.	false
cdir_events_dilemma_choice_details_localised_choice_label_idrinth_dilemma_unlock_empireFIRST	Que Sigmar nos perdone.	false
cdir_events_dilemma_choice_details_localised_choice_label_idrinth_dilemma_unlock_vampire_countsFIRST	De acuerdo.	false
cdir_events_dilemma_choice_details_localised_choice_label_idrinth_levelMinimum_choiceFIRST	Juego Temprano	false
cdir_events_dilemma_choice_details_localised_choice_label_idrinth_levelMinimum_choiceSECOND	Juego Temprano Tardío.	false
cdir_events_dilemma_choice_details_localised_choice_label_idrinth_levelMinimum_choiceTHIRD	Inicio del Juego Medio	false
cdir_events_dilemma_choice_details_localised_choice_label_idrinth_levelMinimum_choiceFOURTH	Juego Medio	false
cdir_events_dilemma_choice_details_localised_choice_label_idrinth_chapels_choiceFIRST	Sí, Capillas.	false
cdir_events_dilemma_choice_details_localised_choice_label_idrinth_chapels_choiceSECOND	No, solo Héroe.	false
cdir_events_dilemma_choice_details_localised_choice_label_idrinth_story_dilemma_drakenhofFIRST	Bueno saberlo.	false
cdir_events_dilemma_choice_details_localised_choice_label_idrinth_story_dilemma_temple_of_khaineFIRST	Bueno saberlo.	false
cdir_events_dilemma_choice_details_localised_choice_label_idrinth_story_dilemma_shrine_of_khaineFIRST	Bueno saberlo.	false
cdir_events_dilemma_choice_details_localised_choice_label_idrinth_story_dilemma_temple_of_asuryanFIRST	Bueno saberlo.	false
cdir_events_dilemma_choice_details_localised_choice_label_idrinth_story_dilemma_temple_of_kurnousFIRST	Bueno saberlo.	false
cdir_events_dilemma_choice_details_localised_choice_label_idrinth_story_dilemma_shrine_of_loecFIRST	Bueno saberlo.	false
cdir_events_dilemma_choice_details_localised_choice_label_idrinth_story_dilemma_hel_fennFIRST	Bueno saberlo.	false
cdir_events_dilemma_choice_details_localised_choice_label_idrinth_story_dilemma_black_pyramidFIRST	Bueno saberlo.	false
cdir_events_dilemma_choice_details_localised_choice_label_idrinth_story_dilemma_vauls_anvil_ulthuanFIRST	Bueno saberlo.	false
cdir_events_dilemma_choice_details_localised_choice_label_idrinth_story_dilemma_vauls_anvil_naggarothFIRST	Bueno saberlo.	false
cdir_events_dilemma_choice_details_localised_choice_label_idrinth_story_dilemma_vauls_anvil_lorenFIRST	Bueno saberlo.	false
cdir_events_dilemma_choice_details_localised_choice_label_idrinth_story_dilemma_tower_of_hoethFIRST	Bueno saberlo.	false
cdir_events_dilemma_choice_details_localised_choice_label_idrinth_story_dilemma_blood_keepFIRST	Bueno saberlo.	false
cdir_events_dilemma_choice_details_localised_choice_label_idrinth_story_dilemma_oak_of_agesFIRST	Bueno saberlo.	false
cdir_events_dilemma_choice_details_localised_choice_label_idrinth_story_dilemma_the_galleons_graveyardFIRST	Bueno saberlo.	false
cdir_events_dilemma_choice_details_localised_choice_label_idrinth_story_dilemma_sartosaFIRST	Bueno saberlo.	false
cdir_events_dilemma_choice_details_localised_choice_label_idrinth_story_dilemma_lahmiaFIRST	Bueno saberlo.	false
cdir_events_dilemma_choice_details_localised_choice_label_idrinth_story_dilemma_ghrondFIRST	Bueno saberlo.	false
cdir_events_dilemma_choice_details_localised_choice_label_idrinth_story_choiceFIRST	Sí, Eventos de Historia.	false
cdir_events_dilemma_choice_details_localised_choice_label_idrinth_story_choiceSECOND	No, solo Héroe.	false
cdir_events_dilemma_choice_details_localised_choice_label_idrinth_dilemma_unlock_dark_elvesFIRST	Que Khaine tenga piedad de nosotros.	false
cdir_events_dilemma_choice_details_localised_choice_label_idrinth_dilemma_unlock_nagashFIRST	May the lost child serve well.	false
cdir_events_dilemma_choice_details_localised_choice_label_idrinth_dilemma_unlock_cathayFIRST	Que mantenga el equilibrio.	false
cdir_events_dilemma_choice_details_localised_choice_label_idrinth_dilemma_unlock_bretonniaFIRST	Que la Dama nos perdone.	false
cdir_events_dilemma_choice_details_localised_choice_label_idrinth_dilemma_unlock_vampire_coastFIRST	Que haya saqueo.	false
character_skills_localised_name_idrinth_wh2_main_skill_all_hero_assist_army_training	Entrenamiento del Ejército	false
character_skills_localised_name_idrinth_wh2_main_skill_all_hero_hinder_agent_assassinate	Asesinar	false
character_skills_localised_name_idrinth_wh2_main_skill_all_hero_hinder_army_assault_units	Asaltar Unidades	false
character_skills_localised_name_idrinth_wh2_main_skill_all_hero_reduce_action_cost	Especialista	false
character_skills_localised_name_idrinth_wh2_main_skill_hef_combat_valour_of_ages	Valor de las Eras	false
character_skills_localised_name_idrinth_wh2_main_skill_hef_generic_speed_of_asuryan	Velocidad de Asuryan	false
character_skills_localised_name_idrinth_wh2_main_skill_hef_generic_warding_of_hoeth	Protección de Hoeth	false
character_skills_localised_name_idrinth_wh2_main_skill_hef_generic_warding_of_loec	Protección de Loec	false
character_skills_localised_name_idrinth_wh3_dlc24_skill_all_all_self_colossal_strike	Golpe Colosal	false
character_skills_localised_name_idrinth_wh_main_skill_all_all_self_blade_master	Maestro de la Espada	false
character_skills_localised_name_idrinth_wh_main_skill_all_all_self_hard_to_hit	Difícil de Golpear	false
character_skills_localised_name_idrinth_wh_main_skill_all_dignitary_self_conviction	Convicción	false
character_skills_localised_name_idrinth_wh_main_skill_all_dignitary_self_fervour	Fervor	false
character_skills_localised_name_idrinth_wh_main_skill_all_dignitary_self_inviolable_2	Inviolable	false
character_skills_localised_name_idrinth_wh_main_skill_all_dignitary_self_tenacity_2	Tenacidad	false
character_skills_localised_name_idrinth_wh_main_skill_all_magic_all_06_evasion	Evasión	false
character_skills_localised_name_idrinth_wh_main_skill_all_magic_all_07_earthing	Conexión a Tierra	false
character_skills_localised_name_idrinth_wh_main_skill_all_magic_all_08_power_drain	Drenaje de Poder	false
character_skills_localised_name_idrinth_wh_main_skill_all_magic_all_11_arcane_conduit	Conducto Arcano	false
character_skills_localised_name_idrinth_wh_main_skill_vmp_dignitary_self_immortal_will	Voluntad Inmortal	false
character_skills_localised_name_idrinth_wh_main_skill_vmp_magic_vampires_01_invocation_of_nehek	Invocación de Nehek	false
character_skills_localised_name_idrinth_wh_main_skill_vmp_magic_vampires_02_vanhels_danse_macabre	Danza Macabra de Vanhel	false
character_skills_localised_name_idrinth_wh_main_skill_vmp_magic_vampires_04_gaze_of_nagash	Mirada de Nagash	false
character_skills_localised_name_idrinth_wh_main_skill_vmp_magic_vampires_09_curse_of_years	Maldición de los Años	false
character_skills_localised_name_idrinth_wh_main_skill_vmp_magic_vampires_10_wind_of_death	Viento de Muerte	false
character_skills_localised_description_idrinth_wh2_main_skill_all_hero_assist_army_training		false
character_skills_localised_description_idrinth_wh2_main_skill_all_hero_hinder_agent_assassinate		false
character_skills_localised_description_idrinth_wh2_main_skill_all_hero_hinder_army_assault_units		false
character_skills_localised_description_idrinth_wh2_main_skill_all_hero_reduce_action_cost		false
character_skills_localised_description_idrinth_wh2_main_skill_hef_combat_valour_of_ages		false
character_skills_localised_description_idrinth_wh2_main_skill_hef_generic_speed_of_asuryan		false
character_skills_localised_description_idrinth_wh2_main_skill_hef_generic_warding_of_hoeth		false
character_skills_localised_description_idrinth_wh2_main_skill_hef_generic_warding_of_loec		false
character_skills_localised_description_idrinth_wh3_dlc24_skill_all_all_self_colossal_strike		false
character_skills_localised_description_idrinth_wh_main_skill_all_all_self_blade_master		false
character_skills_localised_description_idrinth_wh_main_skill_all_all_self_hard_to_hit		false
character_skills_localised_description_idrinth_wh_main_skill_all_dignitary_self_conviction		false
character_skills_localised_description_idrinth_wh_main_skill_all_dignitary_self_fervour		false
character_skills_localised_description_idrinth_wh_main_skill_all_dignitary_self_inviolable_2		false
character_skills_localised_description_idrinth_wh_main_skill_all_dignitary_self_tenacity_2		false
character_skills_localised_description_idrinth_wh_main_skill_all_magic_all_06_evasion		false
character_skills_localised_description_idrinth_wh_main_skill_all_magic_all_07_earthing		false
character_skills_localised_description_idrinth_wh_main_skill_all_magic_all_08_power_drain		false
character_skills_localised_description_idrinth_wh_main_skill_all_magic_all_11_arcane_conduit		false
character_skills_localised_description_idrinth_wh_main_skill_vmp_dignitary_self_immortal_will		false
character_skills_localised_description_idrinth_wh_main_skill_vmp_magic_vampires_01_invocation_of_nehek		false
character_skills_localised_description_idrinth_wh_main_skill_vmp_magic_vampires_02_vanhels_danse_macabre		false
character_skills_localised_description_idrinth_wh_main_skill_vmp_magic_vampires_04_gaze_of_nagash		false
character_skills_localised_description_idrinth_wh_main_skill_vmp_magic_vampires_09_curse_of_years		false
character_skills_localised_description_idrinth_wh_main_skill_vmp_magic_vampires_10_wind_of_death		false
character_skills_localised_description_idrinth_wh_dlc05_skill_magic_shadow_enfeebling_foe	Al lanzarlo, este hechizo debilita las mentes enemigas; sienten el peso aplastante de la realidad cayendo sobre ellos.	false
character_skills_localised_description_idrinth_wh_dlc05_skill_magic_shadow_mystifying_miasma	El lanzador teje una niebla confusa que entumece y engaña a los enemigos, haciéndoles tropezar y tambalearse.	false
character_skills_localised_description_idrinth_wh_dlc05_skill_magic_shadow_pit_of_shades	El hechicero abre un vórtice que lleva al Pozo. Cualquier cosa atrapada dentro se perderá para siempre.	false
character_skills_localised_description_idrinth_wh_dlc05_skill_magic_shadow_the_withering	El Mago destruye a sus enemigos desde dentro, corroyendo las mentes de los enemigos con duda y crisis.	false
character_skills_localised_description_idrinth_wh_main_skill_all_magic_death_01_spirit_leech		false
character_skills_localised_description_idrinth_wh_main_skill_all_magic_death_04_soulblight		false
character_skills_localised_description_idrinth_wh_main_skill_all_magic_death_05_doom_and_darkness		false
character_skills_localised_description_idrinth_wh_main_skill_all_magic_death_09_the_fate_of_bjuna		false
character_skills_localised_name_idrinth_wh_dlc05_skill_magic_shadow_enfeebling_foe	El Enemigo Debilitado	false
character_skills_localised_name_idrinth_wh_dlc05_skill_magic_shadow_mystifying_miasma	Miasma Mistificante de Melkoth	false
character_skills_localised_name_idrinth_wh_dlc05_skill_magic_shadow_pit_of_shades	Pozo de Sombras	false
character_skills_localised_name_idrinth_wh_dlc05_skill_magic_shadow_the_withering	El Marchitamiento	false
character_skills_localised_name_idrinth_wh_main_skill_all_magic_death_01_spirit_leech	Sanguijuela Espiritual	false
character_skills_localised_name_idrinth_wh_main_skill_all_magic_death_04_soulblight	Plaga del Alma	false
character_skills_localised_name_idrinth_wh_main_skill_all_magic_death_05_doom_and_darkness	Perdición y Oscuridad	false
character_skills_localised_name_idrinth_wh_main_skill_all_magic_death_09_the_fate_of_bjuna	El Destino de Bjuna	false
character_skills_localised_name_idrinth_skill_magic_weapon_master	Maestro de Espada, Arco y Magia	false
character_skills_localised_description_idrinth_skill_magic_weapon_master	Si se puede lanzar, disparar o cortar con ello, este ha dominado todo lo que decidió aprender.	false
character_skills_localised_description_idrinth_wh_dlc05_skill_wef_army_buff_ranged_ammunition	¿Qué es un guardabosques sin una flecha? ¿Quién puede ser el mejor sin docenas?	false
character_skills_localised_description_idrinth_wh_dlc05_skill_wef_army_buff_ranged_extra_reload	Un guardabosques no debe dar respiro al enemigo. Las flechas deben caer como un diluvio, tan mortales como el rayo.	false
character_skills_localised_description_idrinth_wh_dlc05_skill_wef_army_buff_ranged_missile_damage	Que cada proyectil esté imbuido con la fuerza de Kurnous, y traiga muerte a todos sus enemigos.	false
character_skills_localised_description_idrinth_wh_dlc05_skill_wef_general_personal_buff_ranged_ability_high_tier_killer_1	Cuando la flecha vuela más lejos, puede matar más pronto, lo cual es vital en la Cacería.	false
character_skills_localised_name_idrinth_wh_dlc05_skill_wef_army_buff_ranged_ammunition	Nature's Quiver	false
character_skills_localised_name_idrinth_wh_dlc05_skill_wef_army_buff_ranged_extra_reload	Lluvia de Espinas	false
character_skills_localised_name_idrinth_wh_dlc05_skill_wef_army_buff_ranged_missile_damage	Proyectiles del Bosque	false
character_skills_localised_name_idrinth_wh_dlc05_skill_wef_general_personal_buff_ranged_ability_high_tier_killer_1	Flecha de Kurnous	false
character_skills_localised_description_idrinth_loremaster_lore_of_death	Este mago ha presenciado y causado la muerte tantas veces, que está atado al viento de la misma.	false
character_skills_localised_name_idrinth_loremaster_lore_of_death	Maestro del Saber: Muerte	false
character_skills_localised_description_idrinth_loremaster_lore_of_shadows	Este mago es un maestro en el juego de sombras.	false
character_skills_localised_name_idrinth_loremaster_lore_of_shadows	Maestro del Saber: Sombras	false
character_skills_localised_description_idrinth_loremaster_lore_of_vampires	Este mago ha dominado la nigromancia por completo.	false
character_skills_localised_name_idrinth_loremaster_lore_of_vampires	Maestro del Saber: Vampiros	false
character_skills_localised_name_idrinth_diplomat_high_elves	Parentesco a Través de las Eras	false
character_skills_localised_name_idrinth_diplomat_wood_elves	Hunting Kin	false
character_skills_localised_name_idrinth_diplomat_dark_elves	Parientes Malditos	false
character_skills_localised_name_idrinth_diplomat_vampire_coast	Parientes de Sangre y Sal	false
character_skills_localised_name_idrinth_diplomat_vampire_counts	Parientes de Sangre	false
character_skills_localised_name_idrinth_diplomat_bretonnia	Honor y Juramentos	false
character_skills_localised_name_idrinth_diplomat_norsca	La Fuerza Hace el Derecho	false
character_skills_localised_name_idrinth_diplomat_kislev	Frío Amargo	false
character_skills_localised_name_idrinth_diplomat_cathay	Planes de Equilibrio	false
character_skills_localised_name_idrinth_diplomat_empire	Por el Futuro de la Humanidad	false
character_skills_localised_name_idrinth_diplomat_lizardmen	Planes Escamosos	false
character_skills_localised_name_idrinth_diplomat_dwarves	Antiguos Juramentos	false
character_skills_localised_name_idrinth_ranger_knowledge	Conocimiento de los Guardabosques	false
character_skills_localised_name_idrinth_blade_dancing	Danza de la Espada	false
character_skills_localised_name_idrinth_unusual_training	Entrenamiento Inusual	false
character_skills_localised_name_idrinth_running_wild	Corriendo Salvaje	false
character_skills_localised_name_idrinth_veterans	Veteranos Elfos	false
character_skills_localised_name_idrinth_strong_as_stone	Fuerte como la Piedra	false
character_skills_localised_name_idrinth_beasts_of_nature	Bestias de la Naturaleza	false
character_skills_localised_description_idrinth_ranger_knowledge		false
character_skills_localised_description_idrinth_blade_dancing		false
character_skills_localised_description_idrinth_unusual_training		false
character_skills_localised_description_idrinth_running_wild		false
character_skills_localised_description_idrinth_veterans		false
character_skills_localised_description_idrinth_strong_as_stone		false
character_skills_localised_description_idrinth_beasts_of_nature		false
character_skills_localised_name_idrinth_lord_of_free_blades	Señor de las Espadas Libres	false
character_skills_localised_description_idrinth_lord_of_free_blades		false
character_skills_localised_name_idrinth_hidden_paths	Caminos Ocultos	false
character_skills_localised_description_idrinth_hidden_paths		false
character_skills_localised_name_idrinth_elven_healing	Curación Élfica	false
character_skills_localised_description_idrinth_elven_healing		false
character_skills_localised_name_idrinth_knowledge_sharing	Compartir Conocimiento	false
character_skills_localised_description_idrinth_knowledge_sharing		false
character_trait_levels_colour_text_idrinth_elf_slayer_khaine_known	Eres un conocido matador de elfos para Khaine y otros elfos.	false
character_trait_levels_explanation_text_idrinth_elf_slayer_khaine_known	Has luchado contra muchos ejércitos de elfos.	false
character_trait_levels_onscreen_name_idrinth_elf_slayer_khaine_known	Matador de Elfos Maldito por Khaine	false
character_trait_levels_removal_text_idrinth_elf_slayer_khaine_known		false
character_trait_levels_colour_text_idrinth_elf_slayer_khaine_despised	Eres un conocido matador de elfos para Khaine y otros elfos.	false
character_trait_levels_explanation_text_idrinth_elf_slayer_khaine_despised	Has luchado contra muchos ejércitos de elfos.	false
character_trait_levels_onscreen_name_idrinth_elf_slayer_khaine_despised	Matador de Elfos Maldito por Khaine Despreciado	false
character_trait_levels_removal_text_idrinth_elf_slayer_khaine_despised		false
character_trait_levels_colour_text_idrinth_elf_slayer_khaine_hated	Eres un conocido matador de elfos para Khaine y otros elfos.	false
character_trait_levels_explanation_text_idrinth_elf_slayer_khaine_hated	Has luchado contra muchos ejércitos de elfos.	false
character_trait_levels_onscreen_name_idrinth_elf_slayer_khaine_hated	Matador de Elfos Maldito por Khaine Odiado	false
character_trait_levels_removal_text_idrinth_elf_slayer_khaine_hated		false
character_trait_levels_colour_text_idrinth_elf_slayer_kurnous_known	Eres un conocido matador de elfos para Kurnous y otros elfos.	false
character_trait_levels_explanation_text_idrinth_elf_slayer_kurnous_known	Has luchado contra muchos ejércitos de elfos.	false
character_trait_levels_onscreen_name_idrinth_elf_slayer_kurnous_known	Matador de Elfos Maldito por Kurnous	false
character_trait_levels_removal_text_idrinth_elf_slayer_kurnous_known		false
character_trait_levels_colour_text_idrinth_elf_slayer_kurnous_despised	Eres un conocido matador de elfos para Kurnous y otros elfos.	false
character_trait_levels_explanation_text_idrinth_elf_slayer_kurnous_despised	Has luchado contra muchos ejércitos de elfos.	false
character_trait_levels_onscreen_name_idrinth_elf_slayer_kurnous_despised	Matador de Elfos Maldito por Kurnous Despreciado	false
character_trait_levels_removal_text_idrinth_elf_slayer_kurnous_despised		false
character_trait_levels_colour_text_idrinth_elf_slayer_kurnous_hated	Eres un conocido matador de elfos para Kurnous y otros elfos.	false
character_trait_levels_explanation_text_idrinth_elf_slayer_kurnous_hated	Has luchado contra muchos ejércitos de elfos.	false
character_trait_levels_onscreen_name_idrinth_elf_slayer_kurnous_hated	Matador de Elfos Maldito por Kurnous Odiado	false
character_trait_levels_removal_text_idrinth_elf_slayer_kurnous_hated		false
character_trait_levels_colour_text_idrinth_elf_slayer_asuryan_known	Eres un conocido matador de elfos para Asuryan y otros elfos.	false
character_trait_levels_explanation_text_idrinth_elf_slayer_asuryan_known	Has luchado contra muchos ejércitos de elfos.	false
character_trait_levels_onscreen_name_idrinth_elf_slayer_asuryan_known	Matador de Elfos Maldito por Asuryan	false
character_trait_levels_removal_text_idrinth_elf_slayer_asuryan_known		false
character_trait_levels_colour_text_idrinth_elf_slayer_asuryan_despised	Eres un conocido matador de elfos para Asuryan y otros elfos.	false
character_trait_levels_explanation_text_idrinth_elf_slayer_asuryan_despised	Has luchado contra muchos ejércitos de elfos.	false
character_trait_levels_onscreen_name_idrinth_elf_slayer_asuryan_despised	Matador de Elfos Maldito por Asuryan Despreciado	false
character_trait_levels_removal_text_idrinth_elf_slayer_asuryan_despised		false
character_trait_levels_colour_text_idrinth_elf_slayer_asuryan_hated	Eres un conocido matador de elfos para Asuryan y otros elfos.	false
character_trait_levels_explanation_text_idrinth_elf_slayer_asuryan_hated	Has luchado contra muchos ejércitos de elfos.	false
character_trait_levels_onscreen_name_idrinth_elf_slayer_asuryan_hated	Matador de Elfos Maldito por Asuryan Odiado	false
character_trait_levels_removal_text_idrinth_elf_slayer_asuryan_hated		false
character_trait_levels_onscreen_name_idrinth_killer	La venganza es mía	false
character_trait_levels_removal_text_idrinth_killer		false
character_trait_levels_explanation_text_idrinth_killer	Derrotaste a Idrinth Thalui.	false
character_trait_levels_colour_text_idrinth_killer	Derrotar a este señor legendario te ha otorgado una comprensión adicional del combate.	false
character_trait_levels_onscreen_name_idrinth_devotion_asuryan_positive_1	Devoto de Asuryan	false
character_trait_levels_onscreen_name_idrinth_devotion_asuryan_positive_2	Sacerdote de Asuryan	false
character_trait_levels_onscreen_name_idrinth_devotion_asuryan_positive_3	Fanático de Asuryan	false
character_trait_levels_onscreen_name_idrinth_devotion_asuryan_negative_1	Dudoso de Asuryan	false
character_trait_levels_onscreen_name_idrinth_devotion_asuryan_negative_2	Renegado de Asuryan	false
character_trait_levels_onscreen_name_idrinth_devotion_khaine_positive_1	Devoto de Khaine	false
character_trait_levels_onscreen_name_idrinth_devotion_khaine_positive_2	Sacerdote de Khaine	false
character_trait_levels_onscreen_name_idrinth_devotion_khaine_positive_3	Fanático de Khaine	false
character_trait_levels_onscreen_name_idrinth_devotion_khaine_negative_1	Dudoso de Khaine	false
character_trait_levels_onscreen_name_idrinth_devotion_khaine_negative_2	Renegado de Khaine	false
character_trait_levels_onscreen_name_idrinth_devotion_kurnous_positive_1	Devoto de Kurnous	false
character_trait_levels_onscreen_name_idrinth_devotion_kurnous_positive_2	Sacerdote de Kurnous	false
character_trait_levels_onscreen_name_idrinth_devotion_kurnous_positive_3	Fanático de Kurnous	false
character_trait_levels_onscreen_name_idrinth_devotion_kurnous_negative_1	Dudoso de Kurnous	false
character_trait_levels_onscreen_name_idrinth_devotion_kurnous_negative_2	Renegado de Kurnous	false
character_trait_levels_onscreen_name_idrinth_thalui_name_active	Thalui	false
cultures_frontend_description_idrinth_hev_high_elf_vampires	La red de Capillas Thaluianas abarca países con edificios de capilla raros pero poderosos que defienden asentamientos críticos y detienen las fuerzas del caos antes de que representen una amenaza mayor.	false
cultures_name_idrinth_hev_high_elf_vampires	Capilla Thaluiana	false
cultures_subcultures_battle_playstyle_description_idrinth_hev_high_elf_vampires	The Thaluian Chapels are a mixed elven group of mercenaries, adventurers and exiles. The Thaluian Chapel network spans countries with rare but powerful chapel buildings defending critical settlements and stopping chaos forces before they pose a greater threat.	false
cultures_subcultures_confederation_screen_name_idrinth_hev_high_elf_vampires		false
cultures_subcultures_confederation_summary_name_idrinth_hev_high_elf_vampires		false
cultures_subcultures_name_idrinth_hev_high_elf_vampires	Las Capillas Thaluianas	false
dilemmas_localised_description_idrinth_unlock_choice	Un extraño encapuchado aparece una noche, ofreciendo su ayuda por una pequeña tarifa. ¿Aceptas la ayuda?	false
dilemmas_localised_title_idrinth_unlock_choice	El Extraño	false
dilemmas_localised_description_idrinth_dilemma_high_elves	Un mensajero elfo llega, buscando a un Idrinth. El Idrinth que conoces lo ha evitado hasta ahora, ¿quizás podrías ayudar?	false
dilemmas_localised_description_idrinth_dilemma_wood_elves	Una guardabosques elfa silvana llega a tu campamento. Afirmando que necesita a su primo ensangrentado. Mientras Idrinth rápidamente confirma que se refería a él, se niega a encontrarse.	false
dilemmas_localised_description_idrinth_dilemma_empire	Una vieja erudita se acerca a tu campamento. Cargando libros del pasado, afirma haber encontrado conocimiento valioso para ti.	false
dilemmas_localised_description_idrinth_dilemma_kislev	De noche, mientras un viento helado tortura a tus guardias, atrapan a un kislevita intentando colarse en el campamento. Es joven y aparentemente inofensivo, pero ¿qué haces con él?	false
dilemmas_localised_description_idrinth_dilemma_vampire_counts	Una noche encuentras a uno de tus sirvientes drenado de sangre justo fuera de la tienda de Idrinth. Al entrar precipitadamente, lo encuentras leyendo un pergamino antiguo sentado en su mesa.	false
dilemmas_localised_title_idrinth_dilemma_high_elves	El Mensajero	false
dilemmas_localised_title_idrinth_dilemma_wood_elves	Primos de Sangre	false
dilemmas_localised_title_idrinth_dilemma_kislev	¡Intruso!	false
dilemmas_localised_title_idrinth_dilemma_empire	La Erudita	false
dilemmas_localised_title_idrinth_dilemma_vampire_counts	El Fin del Sirviente	false
dilemmas_localised_description_idrinth_dilemma_dwarves	Un grupo de enanos ha sido avistado cerca. Tus exploradores han escuchado sus historias sobre las guerras vampíricas. Un elfo mencionado suena sospechosamente como Idrinth.	false
dilemmas_localised_title_idrinth_dilemma_dwarves	Una vieja disputa	false
dilemmas_localised_description_idrinth_dilemma_weapon	Después de la última cacería, Idrinth se te acerca con lo que parece ser un arma élfica antigua. Te pide consejo sobre a quién dedicarla.	false
dilemmas_localised_title_idrinth_dilemma_weapon	Un Arma Bendecida	false
dilemmas_localised_description_idrinth_dilemma_armour	Después de la última batalla, Idrinth se te acerca con lo que parece ser una armadura élfica antigua. Te pide consejo sobre a quién dedicarla.	false
dilemmas_localised_title_idrinth_dilemma_armour	Una Armadura Bendecida	false
dilemmas_localised_description_idrinth_dilemma_talisman	Después de terminar el viaje del día, Idrinth se te acerca con lo que parece ser un talismán élfico antiguo. Te pide consejo sobre a quién dedicarlo.	false
dilemmas_localised_title_idrinth_dilemma_talisman	Un Talismán Bendecido	false
dilemmas_localised_description_idrinth_mode_choice	Activa la fidelidad al lore más estricta para limitar las culturas de reclutamiento para el Caballero-Erudito Idrinth Thalui a Altos Elfos, Elfos Silvanos, Kislev, El Imperio y Condes Vampiro. Elige el modo más flexible para tener también a la Costa Vampírica, Legiones de Nagash, Elfos Oscuros, Catay y Bretonia en la lista.	false
dilemmas_localised_title_idrinth_mode_choice	Modo: Fidelidad al Lore Estricta o Flexible	false
dilemmas_localised_description_idrinth_dilemma_unlock_high_elves	Después de aceptar tu moneda, el extraño se presenta como un compañero Asur llamado Idrinth. Al quitarse sus ropas de viaje ves la armadura gastada por la batalla de un maestro del saber, una espada a juego y un arco de metal cerca de ojos estoicos que insinúan brutalidades aún por cometer.	false
dilemmas_localised_title_idrinth_dilemma_unlock_high_elves	Idrinth Thalui	false
dilemmas_localised_description_idrinth_dilemma_unlock_wood_elves	Espero con ansias luchar junto a los cazadores de los bosques, primo, declara el asur en tono amistoso mientras guarda su pago y capa de viaje. Puede que no sea tan buen tirador como vosotros, pero no os retrasaré. Una leve sonrisa divertida juega alrededor de sus labios exangües antes de desaparecer. ¡Tengamos una cacería de la que se hablará durante siglos!	false
dilemmas_localised_title_idrinth_dilemma_unlock_wood_elves	Idrinth Thalui	false
dilemmas_localised_description_idrinth_dilemma_unlock_kislev	El extraño se desviste tras haber sido pagado y revela un rostro élfico y armamento élfico bajo sus ropas de viaje. Mi nombre es Idrinth, he estado luchando contra nuestros enemigos durante más tiempo del que la mayoría de vosotros habéis vivido. Disfrutaría practicando con la fuerza y enseñándoles. Una leve sonrisa juega alrededor de sus labios exangües antes de desaparecer en un rostro sin edad.	false
dilemmas_localised_title_idrinth_dilemma_unlock_kislev	Idrinth Thalui	false
dilemmas_localised_description_idrinth_dilemma_unlock_empire	He luchado y sangrado con guerreros que creen en Ulric o Sigmar. Tenemos los mismos enemigos, declara mientras se quita sus ropas de viaje, y espero con ansias hacerlos retroceder contigo. Compartir mi conocimiento para el mejoramiento del mundo. Sus ojos miran fríamente a los humanos que rezan antes de devolver su atención al general y su guardia.	false
dilemmas_localised_title_idrinth_dilemma_unlock_empire	Idrinth Thalui	false
dilemmas_localised_description_idrinth_dilemma_unlock_vampire_counts	El extraño baja su capucha, revelando rasgos élficos. No soy amigo de la destrucción, pero nuestros enemigos forzaron mi mano. Guardando sus monedas declara: Volver a la familia después de muchos años cuando están en peligro es lo correcto, sin importar quién sea esa familia. ¿No estás de acuerdo?	false
dilemmas_localised_title_idrinth_dilemma_unlock_vampire_counts	Idrinth Thalui	false
dilemmas_localised_description_idrinth_chapels_choice	¿Quieres habilitar las Capillas Thaluianas para tu campaña? Ofrecen defensas y opciones adicionales en comparación con solo tener al héroe.	false
dilemmas_localised_description_idrinth_levelMinimum_choice	Para reclutar a Idrinth Thalui, el Caballero-Erudito, necesitarás tener un general con un nivel mínimo. ¿Qué tan temprano quieres poder reclutarlo?	false
dilemmas_localised_title_idrinth_story_choice	Eventos de Historia	false
dilemmas_localised_description_idrinth_story_choice	¿Quieres habilitar eventos de historia cuando Idrinth llegue a lugares específicos e importantes?	false
dilemmas_localised_title_idrinth_chapels_choice	Las Capillas Thaluianas	false
dilemmas_localised_title_idrinth_levelMinimum_choice	Rango de Renombre	false
dilemmas_localised_title_idrinth_story_dilemma_drakenhof	Drakenhof	false
dilemmas_localised_title_idrinth_story_dilemma_temple_of_khaine	Templo de Khaine	false
dilemmas_localised_title_idrinth_story_dilemma_shrine_of_khaine	Santuario de Khaine	false
dilemmas_localised_title_idrinth_story_dilemma_temple_of_asuryan	Templo de Asuryan	false
dilemmas_localised_title_idrinth_story_dilemma_temple_of_kurnous	Templo de Kurnous	false
dilemmas_localised_title_idrinth_story_dilemma_shrine_of_loec	Santuario de Loec	false
dilemmas_localised_title_idrinth_story_dilemma_hel_fenn	Hel Fenn	false
dilemmas_localised_title_idrinth_story_dilemma_black_pyramid	Pirámide Negra de Nagash	false
dilemmas_localised_title_idrinth_story_dilemma_vauls_anvil_ulthuan	Yunque de Vaul en Ulthuan	false
dilemmas_localised_title_idrinth_story_dilemma_vauls_anvil_naggaroth	Yunque de Vaul en Naggaroth	false
dilemmas_localised_title_idrinth_story_dilemma_vauls_anvil_loren	Yunque de Vaul en Athel Loren	false
dilemmas_localised_title_idrinth_story_dilemma_tower_of_hoeth	Torre de Hoeth	false
dilemmas_localised_title_idrinth_story_dilemma_blood_keep	Fortaleza de Sangre	false
dilemmas_localised_title_idrinth_story_dilemma_oak_of_ages	Roble de las Eras	false
dilemmas_localised_title_idrinth_story_dilemma_the_galleons_graveyard	Cementerio de Galeones	false
dilemmas_localised_title_idrinth_story_dilemma_sartosa	Sartosa	false
dilemmas_localised_title_idrinth_story_dilemma_lahmia	Lahmia	false
dilemmas_localised_title_idrinth_story_dilemma_ghrond	Ghrond	false
dilemmas_localised_description_idrinth_story_dilemma_drakenhof	Las agujas negras del castillo de Drakenhof perforan la penumbra perpetua de Sylvania. Idrinth permanece inmóvil ante sus puertas, con recuerdos de las Guerras Vampíricas inundándolo sin ser invocados. Sangré aquí, susurra, y resurgí. Los Von Carstein me enseñaron en qué me había convertido—quisiera aprenderlo o no. Su mano descansa en la empuñadura de su espada. ¿Entra como pariente de sangre, o como recordatorio de lo que su ambición le costó al mundo?	false
dilemmas_localised_description_idrinth_story_dilemma_temple_of_khaine	El Templo de Khaine se eleva desde los páramos de Naggaroth, sus altares resbaladizos con ofrendas frescas. Idrinth siente la mirada del Dios del Asesinato sobre él—no con odio, sino con reconocimiento hambriento. Conoces la cuenta de mi espada, murmura a la oscuridad sangrienta. Cada engendro del caos que he acabado, cada demonio que he desterrado. ¿Eso te complace, Manos Sangrientas? ¿O simplemente esperas el día en que la vuelva contra los inocentes?	false
dilemmas_localised_description_idrinth_story_dilemma_shrine_of_khaine	La Espada de Khaine pulsa con promesa malévola, sus susurros cortando incluso la quietud no-muerta de Idrinth. Durante un largo momento, simplemente mira a la Hacedora de Viudas. Aenarion te tomó para salvar a nuestro pueblo y condenó a su linaje para siempre, dice en voz baja. Yo ya estaba condenado cuando juré mi juramento de venganza. ¿Me harías peor, o simplemente... más eficiente? Sus dedos se mueven, pero no alcanzan.	false
dilemmas_localised_description_idrinth_story_dilemma_temple_of_asuryan	Las llamas sagradas del templo de Asuryan arden eternamente, e Idrinth no se acerca más allá del patio exterior. Caminé por estos pasillos como un elfo vivo, dice, su voz vacía. Recé aquí antes de marchar a la guerra contra los no-muertos. Ahora soy lo que combatí. Observa las llamas danzar. ¿Todavía me escuchas, Señor del Fénix? ¿O mi maldición convierte mis oraciones en burla?	false
dilemmas_localised_description_idrinth_story_dilemma_temple_of_kurnous	Árboles antiguos enmarcan el santuario de caza, y el aroma de lugares salvajes llena el aire. Idrinth respira profundamente—un viejo hábito de cuando respirar significaba vida. Todavía cazo, Señor de lo Salvaje, se dirige a las piedras con astas. Aunque ya no soy parte del ciclo de la naturaleza. No tomo presas para sustento del cuerpo, solo para venganza del espíritu. ¿La caza eterna tiene lugar para alguien como yo?	false
dilemmas_localised_description_idrinth_story_dilemma_shrine_of_loec	El Santuario de Loec se desplaza en el rabillo del ojo, nunca exactamente donde parece. Idrinth se permite una rara y fría sonrisa. El Dios Embaucador. He aprendido tus artes, de cierta manera—la magia de las sombras me llegó más fácil después de la muerte que en vida. Hace una media reverencia burlona. ¿Es esa tu broma, Risueño? ¿Que bailo mejor ahora que mis pies están fríos?	false
dilemmas_localised_description_idrinth_story_dilemma_hel_fenn	Las marismas de Hel Fenn se extienden ante él, y la expresión de Idrinth se vuelve indescifrable. Aquí es donde terminó. Y comenzó. Su voz no lleva emoción. Recuerdo el barro. La sangre. La hueste de Mannfred desmoronándose a nuestro alrededor. Recuerdo pensar que habíamos ganado. Una larga pausa. No recuerdo morir. Solo despertar, tres noches después, hambriento de algo que no podía nombrar.	false
dilemmas_localised_description_idrinth_story_dilemma_black_pyramid	El monumento de Nagash se eleva contra el cielo del desierto, irradiando un poder que hace retorcerse a la maldición de Idrinth dentro de él. El padre de toda nuestra condenación, dice, ni reverente ni despectivo—simplemente declarando un hecho. Cada vampiro existe porque alcanzaste demasiado lejos, Gran Nigromante. Mi maldición fluye de tu ambición. Estudia las piedras antiguas. Me pregunto—¿apruebas cómo uso tu don? ¿Volviendo la muerte contra el Caos mismo?	false
dilemmas_localised_description_idrinth_story_dilemma_vauls_anvil_ulthuan	El santuario-forja de Vaul irradia poder antiguo, y las armas encantadas de Idrinth parecen zumbar en respuesta. Llevé armas bendecidas en forjas menores a las Guerras Vampíricas, recuerda. Se rompieron contra los no-muertos. Ahora soy no-muerto, y llevo armas que habrían matado en lo que me convertí. Sus dedos trazan el filo de su espada. Hay poesía en eso, del tipo que solo el Hacedor apreciaría.	false
dilemmas_localised_description_idrinth_story_dilemma_vauls_anvil_naggaroth	Los Elfos Oscuros reclaman su propia conexión con el Dios Herrero, sus forjas ardiendo con amarga industria. Idrinth observa sin acercarse. Primos, reflexiona. Ellos cayeron en una oscuridad, yo en otra. Sin embargo ellos eligieron su camino. A veces me pregunto si eso los hace más honestos que yo—ellos abrazaron en lo que se convirtieron, mientras yo todavía pretendo ser lo que fui.	false
dilemmas_localised_description_idrinth_story_dilemma_vauls_anvil_loren	Los Elfos Silvanos mantienen las enseñanzas de Vaul a su manera, dando forma a madera viva junto al metal muerto. Idrinth observa el trabajo artesanal con interés erudito. Vida y muerte casadas en una sola arma, observa. Los Asrai entienden algo que los otros linajes no—que la frontera es más... permeable de lo que nos gusta creer. Un fantasma de su antigua fascinación académica sale a la superficie. Debería estudiar sus técnicas.	false
dilemmas_localised_description_idrinth_story_dilemma_tower_of_hoeth	La Torre Blanca se eleva imposiblemente alta, repositorio de todo el conocimiento Alto Élfico. Idrinth se detiene en la base, incapaz—o sin querer—de entrar. Fui un Maestro del Saber, dice, con la voz quebrándose de antigua pena. Estudié dentro de esos pasillos. Conocía los caminos secretos, las bibliotecas ocultas, las secciones prohibidas. Sus ojos no parpadean. ¿Todavía hablan mi nombre? ¿O lo han borrado de los registros, pretendiendo que nunca existí?	false
dilemmas_localised_description_idrinth_story_dilemma_blood_keep	La fortaleza de los Dragones de Sangre se alza orgullosa en su bastión montañoso, un monumento al honor marcial entre los condenados. Idrinth la contempla con algo parecido al respeto. El legado de Abhorash. Vampiros que buscan superar su maldición a través de la perfección de las armas. Toca su propia espada. Entiendo el impulso. Ser algo más que un monstruo, incluso cuando el monstruo es lo que eres.	false
dilemmas_localised_description_idrinth_story_dilemma_oak_of_ages	La presencia del Árbol del Mundo es abrumadora, e Idrinth se acerca lentamente, como uno podría acercarse a un dios que juzga. El corazón de todos los bosques. La raíz del mundo. Habla apenas por encima de un susurro. Cacé en tu sombra una vez, en mis días de vida. Los elfos silvanos toleraban mi presencia como pariente. Mira hacia abajo a sus manos pálidas. ¿Me recuerdan los árboles? ¿Se retraen de lo que ahora camina entre sus raíces?	false
dilemmas_localised_description_idrinth_story_dilemma_the_galleons_graveyard	Los barcos se pudren eternamente en el Cementerio de Galeones, sus tripulaciones no-muertas manteniendo una burla de tradición marítima. Idrinth examina los restos con disgusto. Noctilus y los suyos. Vampiros que abandonaron toda pretensión de sus vidas anteriores para convertirse en algo... menor. Sacude la cabeza. Entiendo la tentación. Cuando puedes vivir para siempre, ¿por qué no convertirse en un rey pirata? Pero han olvidado contra qué deberíamos estar luchando.	false
dilemmas_localised_description_idrinth_story_dilemma_sartosa	El refugio pirata se extiende ante él, sin ley y peligroso—pero casi refrescantemente honesto al respecto. Una ciudad donde los muertos y los vivos comercian lado a lado, unidos por la codicia, observa Idrinth. Me encuentro extrañamente cómodo aquí. Nadie pretende que no soy lo que soy. Nadie exige que represente la humanidad que ya no poseo. Hace una pausa. Quizás por eso debería irme rápidamente.	false
dilemmas_localised_description_idrinth_story_dilemma_lahmia	Las ruinas de Lahmia susurran de antigua gloria y los primeros vampiros. Idrinth camina por las calles vacías con algo parecido a la reverencia. Donde todo comenzó. Neferata y su corte, los primeros en beber de la copa envenenada de Nagash. Se arrodilla junto a una estatua derribada. He estudiado las historias. Los primeros vampiros eran eruditos, reinas, guerreros de gran refinamiento. Mira en qué se convirtió su legado. Mira en qué me convertí yo.	false
dilemmas_localised_description_idrinth_story_dilemma_ghrond	La Torre del Norte de las Hechiceras se eleva oscura contra el cielo septentrional, el poder de Morathi palpable incluso a distancia. La mandíbula de Idrinth se tensa. La madre del Rey Brujo. La que trajo la adoración del Caos a la raza élfica. Su voz lleva frío odio. He matado a muchos siervos de los Poderes Oscuros. Pero esta... esta valdría cualquier costo. No se acerca. Todavía no. Paciencia. La venganza es eterna. Tengo tiempo.	false
dilemmas_localised_description_idrinth_dilemma_unlock_bretonnia	El extraño se quita su capa de viaje con gracia practicada, revelando armadura élfica debajo. He servido junto a caballeros antes, dice, inclinando la cabeza con precisión cortesana. El honor y el deber trascienden las fronteras de la raza. Tu Dama protege estas tierras, y yo las vería defendidas de la oscuridad que todo lo consume. Sus rasgos pálidos permanecen compuestos, aunque sus labios exangües no traicionan calidez. Cabalgamos contra nuestro enemigo común.	false
dilemmas_localised_title_idrinth_dilemma_unlock_bretonnia	Idrinth Thalui	false
dilemmas_localised_description_idrinth_dilemma_unlock_dark_elves	El extraño retira su capucha, revelando rasgos inconfundiblemente Asur—pero sus ojos no guardan nada de su típico desdén. Primo, dice, la palabra sin llevar ni burla ni calidez. No me importan los antiguos rencores. El Caos devora a Druchii y Asur por igual, y he aprendido que la supervivencia exige... flexibilidad. Una sonrisa sin alegría cruza sus labios exangües. Tú entiendes el pragmatismo mejor que la mayoría. ¿Lo ponemos en uso?	false
dilemmas_localised_title_idrinth_dilemma_unlock_dark_elves	Idrinth Thalui	false
dilemmas_localised_description_idrinth_dilemma_unlock_cathay	La figura encapuchada se inclina con inesperada formalidad, luego se endereza para revelar rasgos élficos bajo sus prendas de viaje. He caminado por vuestras tierras antes, en eras pasadas, declara, su voz medida y calmada. La Gran Muralla contiene horrores que conozco demasiado bien. El equilibrio debe mantenerse contra los Poderes Ruinosos. Sus ojos sin edad estudian a los oficiales de Catay con interés erudito. Ofrezco conocimiento que abarca milenios. Quizás podamos aprender el uno del otro.	false
dilemmas_localised_title_idrinth_dilemma_unlock_cathay	Idrinth Thalui	false
dilemmas_localised_description_idrinth_dilemma_unlock_nagash	La capucha del extraño cae, revelando un rostro élfico intacto por el tiempo. Sé a quién sirves, dice llanamente, encontrando la mirada de los no-muertos sin pestañear. Y sé lo que soy. No necesitamos pretender lo contrario. Ajusta el espadón en su espalda con facilidad familiar. Los enemigos de Nagash son siervos del Caos. Por ahora, esa alineación de propósito es suficiente. Sus labios exangües se tuercen en algo que se asemeja a diversión oscura. El Gran Nigromante recoge todas las cosas eventualmente. Yo simplemente elijo los términos.	false
dilemmas_localised_title_idrinth_dilemma_unlock_nagash	Idrinth Thalui	false
dilemmas_localised_description_idrinth_dilemma_unlock_vampire_coast	El extraño se quita su capa manchada de sal, revelando rasgos élficos y armadura antigua debajo. He navegado mares más oscuros que estos, comenta, mirando a la tripulación tambaleante sin disgusto. La sangre es sangre, ya sea tomada en tierra o agua. Produce su bolsa de pago, sopesándola pensativamente. Cazáis, saqueáis, sobrevivís. Respeto eso. Una sonrisa conocedora cruza su rostro pálido. Y sospecho que vuestros capitanes entienden—la inmortalidad cambia la perspectiva de uno sobre... todo.	false
dilemmas_localised_title_idrinth_dilemma_unlock_vampire_coast	Idrinth Thalui	false
effect_bundles_localised_description_idrinth_dilemma_empire_FIRST	La erudita estaba muy interesada en guerras antiguas. La discusión con Idrinth la guió a descubrir tácticas que también son útiles ahora.	false
effect_bundles_localised_description_idrinth_dilemma_empire_SECOND	La erudita e Idrinth discutieron sobre magia, encontrando algunas pequeñas mejoras para que tus magos implementen.	false
effect_bundles_localised_description_idrinth_dilemma_empire_THIRD	Preguntaste a la erudita sobre Idrinth, aprendiendo sobre su larga guerra contra el caos.	false
effect_bundles_localised_description_idrinth_dilemma_high_elves_FIRST	Ahuyentaste al mensajero, facilitando la vida de Idrinth.	false
effect_bundles_localised_description_idrinth_dilemma_high_elves_SECOND	Confrontaste a Idrinth sobre su pasado, dejándolo de humor más sombrío.	false
effect_bundles_localised_description_idrinth_dilemma_high_elves_THIRD	Idrinth se encontró con el mensajero de su antiguo pueblo, aprendiendo sobre los objetivos actuales de su familia. Parece de humor más ligero ahora.	false
effect_bundles_localised_description_idrinth_dilemma_kislev_FIRST	Entregaste al intruso a Idrinth para interrogarlo.	false
effect_bundles_localised_description_idrinth_dilemma_kislev_SECOND	Mataste al intruso, enfureciendo a la madre patria, pero previniendo algo peor.	false
effect_bundles_localised_description_idrinth_dilemma_kislev_THIRD	El intruso se unió a ti, haciendo que Idrinth se sienta profundamente incómodo.	false
effect_bundles_localised_description_idrinth_dilemma_vampire_counts_FIRST	Acusaste a Idrinth de asesinar y drenar al sirviente. Está tratando de demostrar su inocencia.	false
effect_bundles_localised_description_idrinth_dilemma_vampire_counts_SECOND	Preguntaste a Idrinth sobre el pergamino, aprendiendo sobre algunas teorías de magia antigua.	false
effect_bundles_localised_description_idrinth_dilemma_vampire_counts_THIRD	Decidiste buscar al asesino en otro lugar y tus tropas ahora están en mayor alerta.	false
effect_bundles_localised_description_idrinth_dilemma_wood_elves_FIRST	Idrinth y la guardabosques se encontraron y llegaron a las manos sobre lo que él hizo a su aldea.	false
effect_bundles_localised_description_idrinth_dilemma_wood_elves_SECOND	Escondiste a Idrinth de la guardabosques hasta que se fue. Aunque está agradecido, oscureció su humor.	false
effect_bundles_localised_description_idrinth_dilemma_wood_elves_THIRD	Confrontaste a Idrinth sobre la guardabosques, haciéndole pensar sobre su pasado y presente.	false
effect_bundles_localised_description_idrinth_dilemma_dwarves_FIRST	Preguntaste a los enanos sobre el elfo, lo que te llevó a sospechar más de Idrinth. Él a su vez está menos cómodo cerca de ti, que intentaste escarbar en su pasado.	false
effect_bundles_localised_description_idrinth_dilemma_dwarves_SECOND	Intercambiaste información sobre las Guerras Vampíricas, con información de primera mano compartida contigo.	false
effect_bundles_localised_description_idrinth_dilemma_dwarves_THIRD	Presentaste a Idrinth ante los enanos. No fue exactamente como pretendías, con ellos intentando atacar al monstruo en que se había convertido.	false
effect_bundles_localised_title_idrinth_dilemma_empire_FIRST	Discutieron guerras pasadas	false
effect_bundles_localised_title_idrinth_dilemma_empire_SECOND	Discutieron Magia	false
effect_bundles_localised_title_idrinth_dilemma_empire_THIRD	Le preguntó sobre Idrinth	false
effect_bundles_localised_title_idrinth_dilemma_high_elves_FIRST	Mensajero ahuyentado	false
effect_bundles_localised_title_idrinth_dilemma_high_elves_SECOND	Idrinth confrontado	false
effect_bundles_localised_title_idrinth_dilemma_high_elves_THIRD	Mensajero encontrado	false
effect_bundles_localised_title_idrinth_dilemma_kislev_FIRST	Intruso entregado a Idrinth	false
effect_bundles_localised_title_idrinth_dilemma_kislev_SECOND	Intruso ejecutado	false
effect_bundles_localised_title_idrinth_dilemma_kislev_THIRD	Intruso se unió	false
effect_bundles_localised_title_idrinth_dilemma_vampire_counts_FIRST	Idrinth acusado	false
effect_bundles_localised_title_idrinth_dilemma_vampire_counts_SECOND	Preguntó sobre el pergamino	false
effect_bundles_localised_title_idrinth_dilemma_vampire_counts_THIRD	Buscó asesino en otro lugar	false
effect_bundles_localised_title_idrinth_dilemma_wood_elves_FIRST	Guardabosques encontrada	false
effect_bundles_localised_title_idrinth_dilemma_wood_elves_SECOND	Idrinth escondido	false
effect_bundles_localised_title_idrinth_dilemma_wood_elves_THIRD	Idrinth confrontado	false
effect_bundles_localised_title_idrinth_dilemma_dwarves_FIRST	Preguntó a enanos sobre el elfo	false
effect_bundles_localised_title_idrinth_dilemma_dwarves_SECOND	Habló con Idrinth sobre las Guerras Vampíricas	false
effect_bundles_localised_title_idrinth_dilemma_dwarves_THIRD	Presentó a Idrinth ante los Enanos	false
effect_bundles_localised_title_idrinth_dilemma_god_favour_asuryan_large	Gran Protección de Asuryan	false
effect_bundles_localised_title_idrinth_dilemma_god_favour_kurnous_large	Guía Divina de Kurnous	false
effect_bundles_localised_title_idrinth_dilemma_god_favour_khaine_large	Marea de Sangre de Khaine	false
effect_bundles_localised_title_idrinth_dilemma_god_favour_asuryan_medium	Protección de Asuryan	false
effect_bundles_localised_title_idrinth_dilemma_god_favour_kurnous_medium	Guía de Kurnous	false
effect_bundles_localised_title_idrinth_dilemma_god_favour_khaine_medium	Ofrenda de Sangre de Khaine	false
effect_bundles_localised_title_idrinth_dilemma_god_favour_asuryan_small	Protección Menor de Asuryan	false
effect_bundles_localised_title_idrinth_dilemma_god_favour_kurnous_small	Guía Sutil de Kurnous	false
effect_bundles_localised_title_idrinth_dilemma_god_favour_khaine_small	Gota de Sangre de Khaine	false
effect_bundles_localised_description_idrinth_dilemma_god_favour_asuryan_large	Tus guerreros no solo sobresalen en evadir golpes y apenas ser alcanzados por ataques, sus heridas también sanan significativamente más rápido de lo usual.	false
effect_bundles_localised_description_idrinth_dilemma_god_favour_kurnous_large	Como cazadores naturales, tus guerreros se mueven rápida e invisiblemente mientras cazan comida y enemigos.	false
effect_bundles_localised_description_idrinth_dilemma_god_favour_khaine_large	Tus tropas y nuevos voluntarios experimentan la emoción de la batalla, haciéndolos más peligrosos para sus enemigos.	false
effect_bundles_localised_description_idrinth_dilemma_god_favour_asuryan_medium	Tus guerreros de repente sobresalen en evadir golpes y apenas ser alcanzados por ataques.	false
effect_bundles_localised_description_idrinth_dilemma_god_favour_kurnous_medium	Tus guerreros son naturalmente sigilosos mientras cazan comida y enemigos.	false
effect_bundles_localised_description_idrinth_dilemma_god_favour_khaine_medium	Tus guerreros sienten un hambre de combate en ellos, haciendo que tanto veteranos como nuevos reclutas sean más peligrosos para sus enemigos.	false
effect_bundles_localised_description_idrinth_dilemma_god_favour_asuryan_small	Tus guerreros experimentan algo de suerte evadiendo golpes y magia, aunque no es suficiente para confiar en ello.	false
effect_bundles_localised_description_idrinth_dilemma_god_favour_kurnous_small	Una pequeña cantidad de guía y suerte durante las cacerías beneficia a tus tropas.	false
effect_bundles_localised_description_idrinth_dilemma_god_favour_khaine_small	Una gota menor de sangre del puño de Khaine lleva a más voluntarios para unirse a tus tropas.	false
effect_bundles_localised_description_idrinth_dilemma_god_favour_asuryan_large_cost		false
effect_bundles_localised_description_idrinth_dilemma_god_favour_kurnous_large_cost		false
effect_bundles_localised_description_idrinth_dilemma_god_favour_khaine_large_cost		false
effect_bundles_localised_description_idrinth_dilemma_god_favour_asuryan_medium_cost		false
effect_bundles_localised_description_idrinth_dilemma_god_favour_kurnous_medium_cost		false
effect_bundles_localised_description_idrinth_dilemma_god_favour_khaine_medium_cost		false
effect_bundles_localised_description_idrinth_dilemma_god_favour_asuryan_small_cost		false
effect_bundles_localised_description_idrinth_dilemma_god_favour_kurnous_small_cost		false
effect_bundles_localised_description_idrinth_dilemma_god_favour_khaine_small_cost		false
effect_bundles_localised_title_idrinth_dilemma_god_favour_asuryan_large_cost	Costo: Gran Protección de Asuryan	false
effect_bundles_localised_title_idrinth_dilemma_god_favour_kurnous_large_cost	Costo: Guía Divina de Kurnous	false
effect_bundles_localised_title_idrinth_dilemma_god_favour_khaine_large_cost	Costo: Marea de Sangre de Khaine	false
effect_bundles_localised_title_idrinth_dilemma_god_favour_asuryan_medium_cost	Costo: Protección de Asuryan	false
effect_bundles_localised_title_idrinth_dilemma_god_favour_kurnous_medium_cost	Costo: Guía de Kurnous	false
effect_bundles_localised_title_idrinth_dilemma_god_favour_khaine_medium_cost	Costo: Ofrenda de Sangre de Khaine	false
effect_bundles_localised_title_idrinth_dilemma_god_favour_asuryan_small_cost	Costo: Protección Menor de Asuryan	false
effect_bundles_localised_title_idrinth_dilemma_god_favour_kurnous_small_cost	Costo: Guía Sutil de Kurnous	false
effect_bundles_localised_title_idrinth_dilemma_god_favour_khaine_small_cost	Costo: Gota de Sangre de Khaine	false
effect_bundles_localised_description_idrinth_vampiric_priests	Idrinth ha convertido a sus sacerdotes en vampiros. Que su sacrificio nos salve.	false
effect_bundles_localised_title_idrinth_vampiric_priests	Sacerdotes Vampíricos	false
effect_bundles_localised_title_idrinth_successful_action_army	Agente Motivado	false
effect_bundles_localised_title_idrinth_successful_action_army_critical	Agente Motivado	false
effect_bundles_localised_title_idrinth_successful_action_character	Agente Motivado	false
effect_bundles_localised_title_idrinth_successful_action_character_critical	Agente Motivado	false
effect_bundles_localised_title_idrinth_hev_high_elf_vampires_bundle_stance_army_ambush	Postura: Emboscada Magistral	false
effect_bundles_localised_title_idrinth_hev_high_elf_vampires_bundle_stance_army_channelling	Postura: Canalización	false
effect_bundles_localised_title_idrinth_hev_vampires_bundle_stance_army_default	Postura: Ninguna	false
effect_bundles_localised_title_idrinth_hev_high_elf_vampires_bundle_stance_army_raiding	Postura: Saqueo	false
effect_bundles_localised_title_idrinth_hev_vampires_bundle_stance_army_forced_march	Postura: Marcha	false
effect_bundles_localised_title_idrinth_hev_high_elf_vampires_bundle_stance_army_settlement	Postura: Acampar	false
effect_bundles_localised_title_idrinth_hev_high_elf_vampires_bundle_stance_army_tunnelling	Postura: Usar Raíces del Mundo	false
effect_bundles_localised_title_idrinth_hev_high_elf_vampires_bundle_stance_navy_blockading	Postura: Saquear los Mares	false
effect_bundles_localised_title_idrinth_hev_vampires_bundle_stance_army_garrisoned	Situación: En Guarnición	false
effect_bundles_localised_title_idrinth_hev_high_elf_vampires_bundle_stance_siege	Situación: Asediando	false
effect_bundles_localised_title_idrinth_hev_high_elf_vampires_bundle_stance_patrol	Postura: Patrulla	false
effect_bundles_localised_title_idrinth_asuryan_god_favour_cave_bats	Bendición de Asuryan	false
effect_bundles_localised_description_idrinth_asuryan_god_favour_cave_bats	Asuryan bendice a los murciélagos cavernarios para que sobrevivan más tiempo.	false
effect_bundles_localised_title_idrinth_kurnous_god_favour_cave_bats	Bendición de Kurnous	false
effect_bundles_localised_description_idrinth_kurnous_god_favour_cave_bats	Kurnous bendice a los murciélagos cavernarios para que cacen mejor.	false
effect_bundles_localised_title_idrinth_khaine_god_favour_cave_bats	Bendición de Khaine	false
effect_bundles_localised_description_idrinth_khaine_god_favour_cave_bats	Khaine bendice a los murciélagos cavernarios para que masacren a sus enemigos.	false
effect_bundles_localised_title_idrinth_asuryan_god_favour_wolves	Bendición de Asuryan	false
effect_bundles_localised_description_idrinth_asuryan_god_favour_wolves	Asuryan bendice a los lobos para que sobrevivan más tiempo.	false
effect_bundles_localised_title_idrinth_kurnous_god_favour_wolves	Bendición de Kurnous	false
effect_bundles_localised_description_idrinth_kurnous_god_favour_wolves	Kurnous bendice a los lobos para que cacen mejor.	false
effect_bundles_localised_title_idrinth_khaine_god_favour_wolves	Bendición de Khaine	false
effect_bundles_localised_description_idrinth_khaine_god_favour_wolves	Khaine bendice a los lobos para que masacren a sus enemigos.	false
effect_bundles_localised_title_idrinth_asuryan_god_favour_hawks	Bendición de Asuryan	false
effect_bundles_localised_description_idrinth_asuryan_god_favour_hawks	Asuryan bendice a los halcones para que sobrevivan más tiempo.	false
effect_bundles_localised_title_idrinth_kurnous_god_favour_hawks	Bendición de Kurnous	false
effect_bundles_localised_description_idrinth_kurnous_god_favour_hawks	Kurnous bendice a los halcones para que cacen mejor.	false
effect_bundles_localised_title_idrinth_khaine_god_favour_hawks	Bendición de Khaine	false
effect_bundles_localised_description_idrinth_khaine_god_favour_hawks	Khaine bendice a los halcones para que masacren a sus enemigos.	false
effect_bundles_localised_title_idrinth_asuryan_god_favour_great_eagles	Bendición de Asuryan	false
effect_bundles_localised_description_idrinth_asuryan_god_favour_great_eagles	Asuryan bendice al gran águila para que sobreviva más tiempo.	false
effect_bundles_localised_title_idrinth_kurnous_god_favour_great_eagles	Bendición de Kurnous	false
effect_bundles_localised_description_idrinth_kurnous_god_favour_great_eagles	Kurnous bendice al gran águila para que cace mejor.	false
effect_bundles_localised_title_idrinth_khaine_god_favour_great_eagles	Bendición de Khaine	false
effect_bundles_localised_description_idrinth_khaine_god_favour_great_eagles	Khaine bendice al gran águila para que masacre a sus enemigos.	false
effect_bundles_localised_title_idrinth_hev_high_elf_vampires_anti_chaos	Bendición Thaluiana	false
effect_bundles_localised_description_idrinth_hev_high_elf_vampires_anti_chaos	Tus dioses empoderan a las fuerzas de la Capilla Thaluiana contra todos los seguidores de los poderes ruinosos.	false
effect_bundles_localised_title_idrinth_chapel_slots_present	Espacio de Capilla Thaluiana	false
effect_bundles_localised_description_idrinth_chapel_slots_present	Este asentamiento contiene un área que ha sido santificada por Asuryan, Khaine y Kurnous y podría albergar un Complejo de Capilla Thaluiana.	false
effect_bundles_localised_title_idrinth_veteran_0	Inexperienced Recruits [[img:veteran_experience_0]]	false
effect_bundles_localised_description_idrinth_veteran_0	Inexperienced Recruits [[img:veteran_experience_0]]	false
effect_bundles_localised_title_idrinth_veteran_1	Mixed Guard Recruits [[img:veteran_experience_1]]	false
effect_bundles_localised_description_idrinth_veteran_1	Mixed Guard Recruits [[img:veteran_experience_1]]	false
effect_bundles_localised_title_idrinth_veteran_2	Mixed Guard Recruits [[img:veteran_experience_2]]	false
effect_bundles_localised_description_idrinth_veteran_2	Mixed Guard Recruits [[img:veteran_experience_2]]	false
effect_bundles_localised_title_idrinth_veteran_3	Mixed Guard Recruits [[img:veteran_experience_3]]	false
effect_bundles_localised_description_idrinth_veteran_3	Mixed Guard Recruits [[img:veteran_experience_3]]	false
effect_bundles_localised_title_idrinth_veteran_4	Mixed Guard Soldiers [[img:veteran_experience_4]]	false
effect_bundles_localised_description_idrinth_veteran_4	Mixed Guard Soldiers [[img:veteran_experience_4]]	false
effect_bundles_localised_title_idrinth_veteran_5	Mixed Guard Soldiers [[img:veteran_experience_5]]	false
effect_bundles_localised_description_idrinth_veteran_5	Mixed Guard Soldiers [[img:veteran_experience_5]]	false
effect_bundles_localised_title_idrinth_veteran_6	Mixed Guard Soldiers [[img:veteran_experience_6]]	false
effect_bundles_localised_description_idrinth_veteran_6	Mixed Guard Soldiers [[img:veteran_experience_6]]	false
effect_bundles_localised_title_idrinth_veteran_7	Mixed Guard Veteran [[img:veteran_experience_7]]	false
effect_bundles_localised_description_idrinth_veteran_7	Mixed Guard Veteran [[img:veteran_experience_7]]	false
effect_bundles_localised_title_idrinth_veteran_8	Mixed Guard Veteran [[img:veteran_experience_8]]	false
effect_bundles_localised_description_idrinth_veteran_8	Mixed Guard Veteran [[img:veteran_experience_8]]	false
effect_bundles_localised_title_idrinth_veteran_9	Mixed Guard Veteran [[img:veteran_experience_9]]	false
effect_bundles_localised_description_idrinth_veteran_9	Mixed Guard Veteran [[img:veteran_experience_9]]	false
effects_description_idrinth_effect_agent_action_assist_army_training	Acción [[col:yellow]]{{tr:agent_action_name_training}}[[/col]]: La ganancia de experiencia de la unidad aumenta en un %+n% adicional	false
effects_description_idrinth_effect_agent_action_enable_hinder_army_assault_units	Acción [[col:yellow]]{{tr:agent_action_name_assault_units}}[[/col]]: %+n% adicional de bajas infligidas	false
effects_description_idrinth_effect_agent_action_enable_hinder_agent_assassinate	Acción [[col:yellow]]{{tr:agent_action_name_assassinate}}[[/col]]: %+n% adicional de probabilidad de éxito	false
effects_description_idrinth_effect_agent_action_enable_passive_spread_corruption_vmp	Acción [[col:yellow]]{{tr:agent_action_name_spread_corruption}}[[/col]]: La corrupción vampírica aumenta en un %+n adicional	false
effects_description_idrinth_pooled_resource_khaine	Genera %+n Favor de Khaine.	false
effects_description_idrinth_pooled_resource_kurnous	Genera %+n Favor de Kurnous.	false
effects_description_idrinth_pooled_resource_asuryan	Genera %+n Favor de Asuryan.	false
effects_description_idrinth_effect_upkeep_idrinth	Mantenimiento aumentado en %+n% para Idrinth.	false
effects_description_idrinth_initiative_khaine	Seguir el camino de Khaine, el guerrero, te permite masacrar a tus enemigos.	false
effects_description_idrinth_initiative_kurnous	Seguir el camino de Kurnous, el cazador, te convierte en un mejor cazador.	false
effects_description_idrinth_initiative_asuryan	Seguir el camino de Asuryan, el protector, te protege.	false
effects_description_idrinth_chapel_khaine_charge	Khaine fortalece tu determinación y hace que Idrinth y las guarniciones de capilla sean %+n% tropas de choque.	false
effects_description_idrinth_chapel_kurnous_range	Kurnous fortalece tu arco y permite que Idrinth y las guarniciones de capilla disparen %+n% más lejos.	false
effects_description_idrinth_chapel_asuryan_ward_save	Asuryan fortalece tu mente, protegiendo a Idrinth y las guarniciones de capilla de %+n de daño con una barrera.	false
effects_description_idrinth_loremaster_lore_of_vampires	Reduce el costo, tiempo de recarga y probabilidad de error en %+n% para hechizos del saber de vampiros.	false
effects_description_idrinth_loremaster_lore_of_vampires_2	Increases range  by %+n% for lore of vampires spells.	false
effects_description_idrinth_loremaster_lore_of_shadows	Reduce el costo, tiempo de recarga y probabilidad de error en %+n% para hechizos del saber de sombras.	false
effects_description_idrinth_loremaster_lore_of_shadows_2	Increases range  by %+n% for lore of shadows spells.	false
effects_description_idrinth_loremaster_lore_of_death	Reduce el costo, tiempo de recarga y probabilidad de error en %+n% para hechizos del saber de muerte.	false
effects_description_idrinth_loremaster_lore_of_death_2	Increases range by %+n% for lore of death spells.	false
effects_description_idrinth_priests_wh_main_effect_force_stat_weapon_strength	Fuerza de arma %+n% para sacerdotes.	false
effects_description_idrinth_priests_wh_main_effect_force_stat_vigour_loss_reduction	Pérdida de vigor %+n% para sacerdotes.	false
effects_description_idrinth_priests_wh_main_effect_force_stat_speed	Velocidad %+n% para sacerdotes.	false
effects_description_idrinth_priests_wh_main_effect_force_stat_range	Alcance %+n% para sacerdotes.	false
effects_description_idrinth_priests_wh_main_effect_force_stat_melee_defence	Defensa Cuerpo a Cuerpo %+n para sacerdotes.	false
effects_description_idrinth_priests_wh_main_effect_force_stat_melee_attack_pct	Ataque Cuerpo a Cuerpo %+n para sacerdotes.	false
effects_description_idrinth_priests_wh_main_effect_force_stat_fire_resistance	Vulnerabilidad al fuego %+n% para sacerdotes.	false
effects_description_idrinth_priests_wh_main_effect_force_stat_charge_bonus_pct	Bonificación de Carga %+n% para sacerdotes.	false
effects_description_idrinth_priests_wh_main_effect_force_all_campaign_replenishment_rate	Reposición %+n% para sacerdotes.	false
effects_description_idrinth_priests_wh_main_effect_character_stat_physical_resistance	Resistencia Física %+n% para sacerdotes.	false
effects_description_idrinth_priests_wh_main_effect_character_stat_missile_resistance	Resistencia a Proyectiles %+n% para sacerdotes.	false
effects_description_idrinth_priests_wh_main_effect_character_stat_missile_damage	Daño de Proyectiles %+n% para sacerdotes.	false
effects_description_idrinth_priests_wh_main_effect_attribute_enable_causes_fear	Los sacerdotes causan miedo.	false
effects_description_idrinth_priests_wh_main_effect_ability_enable_the_hunger	Los sacerdotes tienen un hambre vampírica.	false
effects_description_idrinth_priests_wh_main_effect_ability_enable_invocation_of_nehek	Los sacerdotes conocen la Invocación de Nehek.	false
effects_description_idrinth_priests_wh2_dlc16_effect_unit_enable_attribute_undead	Los sacerdotes son no-muertos.	false
effects_description_idrinth_successful_action_motivation	La probabilidad de éxito, costo y probabilidad de crítico aumentan en %+n%.	false
effects_description_idrinth_ranger_knowledge_primary	Los elfos de las Capillas Thaluianas pueden disparar %+n% más lejos.	false
effects_description_idrinth_blade_dancing_primary	Los elfos de las Capillas Thaluianas esquivan las espadas enemigas, aumentando su Defensa Cuerpo a Cuerpo en %+n.	false
effects_description_idrinth_unusual_training_primary	Los elfos de las Capillas Thaluianas aumentan su Liderazgo en %+n.	false
effects_description_idrinth_running_wild_primary	Los elfos de las Capillas Thaluianas aumentan su Velocidad de Movimiento en %+n%.	false
effects_description_idrinth_veterans_primary	Los elfos veteranos de las Capillas Thaluianas golpean %+n% más fuerte en cuerpo a cuerpo.	false
effects_description_idrinth_strong_as_stone_primary	Las unidades animadas de las Capillas Thaluianas resisten %+n% más daño.	false
effects_description_idrinth_beasts_of_nature_primary	Las bestias de las Capillas Thaluianas son más feroces, aumentando su Ataque Cuerpo a Cuerpo en %+n.	false
effects_description_idrinth_ranger_knowledge_secondary	Los elfos de las Capillas Thaluianas aumentan su velocidad de recarga en %+n%.	false
effects_description_idrinth_blade_dancing_secondary	Los elfos de las Capillas Thaluianas esquivan las espadas enemigas, aumentando su Ataque Cuerpo a Cuerpo en %+n.	false
effects_description_idrinth_unusual_training_secondary	Los elfos de las Capillas Thaluianas aprendieron a usar su armadura más efectivamente, aumentando su calificación de armadura en %+n.	false
effects_description_idrinth_running_wild_secondary	Los elfos de las Capillas Thaluianas corren salvajemente, aumentando su carga en %+n.	false
effects_description_idrinth_veterans_secondary	Los elfos veteranos de las Capillas Thaluianas se cansan %+n% más lentamente.	false
effects_description_idrinth_strong_as_stone_secondary	Los constructos de las Capillas Thaluianas aumentan su carga en %+n.	false
effects_description_idrinth_beasts_of_nature_secondary	Las bestias de las Capillas Thaluianas están más motivadas, aumentando su Velocidad de Movimiento en %+n%.	false
effects_description_idrinth_veterans_tertiary	Los elfos veteranos de las Capillas Thaluianas han enfrentado el miedo y el peligro antes, aumentando su Liderazgo en %+n.	false
effects_description_idrinth_unit_capacity_chapel_mixed_elven_guard	%+n límite de unidades para Guardia Élfica Mixta.	false
effects_description_idrinth_unit_capacity_chapel_asuryan_guard	%+n límite de unidades para Guardia de Asuryan.	false
effects_description_idrinth_unit_capacity_chapel_khaine_guard	%+n límite de unidades para Guardia de Khaine.	false
effects_description_idrinth_unit_capacity_chapel_kurnous_guard	%+n límite de unidades para Guardia de Kurnous.	false
effects_description_idrinth_unit_capacity_chapel_asuryan_priest	%+n límite de unidades para Sacerdotes de Asuryan.	false
effects_description_idrinth_unit_capacity_chapel_khaine_priest	%+n límite de unidades para Sacerdotes de Khaine.	false
effects_description_idrinth_unit_capacity_chapel_kurnous_priest	%+n límite de unidades para Sacerdotes de Kurnous.	false
effects_description_idrinth_unit_capacity_chapel_asuryan_vampire_priest	%+n límite de unidades para Sacerdotes Vampiro de Asuryan.	false
effects_description_idrinth_unit_capacity_chapel_khaine_vampire_priest	%+n límite de unidades para Sacerdotes Vampiro de Khaine.	false
effects_description_idrinth_unit_capacity_chapel_kurnous_vampire_priest	%+n límite de unidades para Sacerdotes Vampiro de Kurnous.	false
effects_description_idrinth_unit_capacity_chapel_asuryan_varghulf	%+n límite de unidades para Varghulf de Asuryan.	false
effects_description_idrinth_unit_capacity_chapel_khaine_varghulf	%+n límite de unidades para Varghulfs de Khaine.	false
effects_description_idrinth_unit_capacity_chapel_kurnous_varghulf	%+n límite de unidades para Varghulfs de Kurnous.	false
effects_description_idrinth_unit_capacity_chapel_shrine	%+n límite de unidades para Santuarios de Asuryan, Kurnous y Khaine.	false
effects_description_idrinth_unit_capacity_chapel_stone_wolves	%+n límite de unidades para Lobos de Piedra.	false
effects_description_idrinth_unit_capacity_chapel_outriders	%+n límite de unidades para Exploradores.	false
effects_description_idrinth_chapel_units_upkeep	%+n% menos mantenimiento para todas las unidades élficas de las Capillas Thaluianas.	false
effects_description_idrinth_chapel_units_recruitment_rank	%+n rango de reclutamiento para todas las unidades élficas de las Capillas Thaluianas.	false
effects_description_idrinth_initiative_khaine_pray	Tu oración a Khaine mejoró el potencial ofensivo de tus tropas.	false
effects_description_idrinth_initiative_kurnous_pray	Tu oración a Kurnous mejoró el potencial de caza de tus tropas.	false
effects_description_idrinth_initiative_asuryan_pray	Tu oración a Asuryan mejoró el potencial de supervivencia de tus tropas.	false
effects_description_idrinth_hev_high_elf_vampires_anti_chaos_enable	Aumenta tus capacidades en batallas contra los poderes ruinosos.	false
effects_description_idrinth_chapel_beasts_upkeep	Disminuye el mantenimiento de las bestias de la Capilla Thaluiana en %+n%.	false
effects_description_idrinth_enable_thalui_name	Este personaje ha jurado venganza eterna contra los poderes ruinosos y ha adoptado el nombre Thalui por ello.	false
effects_description_idrinth_enable_knight_scholar_name	Este personaje es tanto un erudito como un caballero y es reconocido como tal en diferentes facciones.	false
effects_description_idrinth_chapel_recruitment_speedup	Recruitment duration for chapel units is reduced by %+n rounds.	false
effects_description_idrinth_hev_high_elf_vampires_disable_enemy_lightning_strike	Prevents enemies from using lightning strike against this force.	false
effects_additional_tooltip_details_localised_description_idrinth_hev_high_elf_vampires_idrinth_assist_army_training	[[col:yellow]]{{tr:agent_action_name_training}}[[/col]] (Asistir Ejército)\\nAumenta la ganancia de experiencia para las unidades que sirven en el ejército principal.	false
effects_additional_tooltip_details_localised_description_idrinth_hev_high_elf_vampires_idrinth_hinder_agent_assassinate	[[col:yellow]]{{tr:agent_action_name_assassinate}}[[/col]] (Objetivo: Héroe)\\nMata al [[img:icon_hero]][[/img]]Héroe objetivo.	false
effects_additional_tooltip_details_localised_description_idrinth_hev_high_elf_vampires_idrinth_hinder_army_assault_units	[[col:yellow]]{{tr:agent_action_name_assault_units}}[[/col]] (Objetivo: Ejército)\\nInflige daño a todas las unidades del ejército objetivo.	false
effects_additional_tooltip_details_localised_description_idrinth_hev_high_elf_vampires_idrinth_spread_corruption_vmp	[[col:yellow]]{{tr:agent_action_name_spread_corruption}}[[/col]] (Efecto Local Constante)\\nAumenta la cantidad de [[img:icon_corruption_vmp]][[/img]]Corrupción Vampírica en la provincia local.	false
factions_attack_desc_idrinth_hev_high_elf_vampires	¡Estás atacando a las Capillas Thaluianas!	false
factions_defend_desc_idrinth_hev_high_elf_vampires	¡Estás defendiéndote de las Capillas Thaluianas!	false
factions_screen_adjective_idrinth_hev_high_elf_vampires	thaluiano	false
factions_screen_name_idrinth_hev_high_elf_vampires	Las Capillas Thaluianas	false
factions_screen_name_when_rebels_idrinth_hev_high_elf_vampires	Capillas Thaluianas Rebeldes	false
initiative_sets_localised_name_idrinth_godly_favour	Dedicación	false
initiative_sets_localised_name_idrinth_godly_blessings	Bendiciones	false
initiative_sets_localised_description_idrinth_godly_favour		false
initiative_sets_localised_description_idrinth_godly_blessings		false
initiatives_localised_name_idrinth_khaine_pledge	Dedicarte a Khaine	false
initiatives_localised_name_idrinth_kurnous_pledge	Dedicarte a Kurnous	false
initiatives_localised_name_idrinth_asuryan_pledge	Dedicarte a Asuryan	false
initiatives_localised_name_idrinth_khaine_prayer	Rezar a Khaine	false
initiatives_localised_name_idrinth_kurnous_prayer	Rezar a Kurnous	false
initiatives_localised_name_idrinth_asuryan_prayer	Rezar a Asuryan	false
idrinth_khaine_pledge		false
idrinth_kurnous_pledge		false
idrinth_asuryan_pledge		false
idrinth_khaine_prayer		false
idrinth_kurnous_prayer		false
idrinth_asuryan_prayer		false
land_units_concealed_name_idrinth_hev_high_elf_vampires_idrinthchampion	Vampiro Alto Elfo	false
land_units_onscreen_name_idrinth_hev_high_elf_vampires_idrinthchampion	Idrinth Thalui	false
land_units_onscreen_name_idrinth_hev_high_elf_vampires_chapel_asuryan	Guardia de Asuryan	false
land_units_onscreen_name_idrinth_hev_high_elf_vampires_chapel_kurnous	Guardia de Kurnous	false
land_units_onscreen_name_idrinth_hev_high_elf_vampires_chapel_khaine	Guardia de Khaine	false
land_units_onscreen_name_idrinth_hev_high_elf_vampires_chapel_mixed	Guardia Élfica Mixta	false
land_units_concealed_name_idrinth_hev_high_elf_vampires_chapel_asuryan	Elfos	false
land_units_concealed_name_idrinth_hev_high_elf_vampires_chapel_kurnous	Elfos	false
land_units_concealed_name_idrinth_hev_high_elf_vampires_chapel_khaine	Elfos	false
land_units_concealed_name_idrinth_hev_high_elf_vampires_chapel_mixed	Elfos	false
land_units_onscreen_name_idrinth_hev_high_elf_vampires_chapel_kurnous_leader	Sacerdote de Kurnous	false
land_units_onscreen_name_idrinth_hev_high_elf_vampires_chapel_khaine_leader	Sacerdote de Khaine	false
land_units_onscreen_name_idrinth_hev_high_elf_vampires_chapel_asuryan_leader	Sacerdote de Asuryan	false
land_units_concealed_name_idrinth_hev_high_elf_vampires_chapel_asuryan_leader	Elfo	false
land_units_concealed_name_idrinth_hev_high_elf_vampires_chapel_kurnous_leader	Elfo	false
land_units_concealed_name_idrinth_hev_high_elf_vampires_chapel_khaine_leader	Elfo	false
land_units_onscreen_name_idrinth_hev_high_elf_vampires_chapel_shrine	Santuario de Asuryan, Kurnous y Khaine	false
land_units_onscreen_name_idrinth_hev_high_elf_vampires_chapel_wolves	Lobos Bendecidos	false
land_units_onscreen_name_idrinth_hev_high_elf_vampires_chapel_cave_bats	Murciélagos Bendecidos	false
land_units_onscreen_name_idrinth_hev_high_elf_vampires_chapel_hawks	Halcones Bendecidos	false
land_units_onscreen_name_idrinth_hev_high_elf_vampires_chapel_great_eagle	Gran Águila Bendecida	false
land_units_concealed_name_idrinth_hev_high_elf_vampires_chapel_shrine	Santuario	false
land_units_concealed_name_idrinth_hev_high_elf_vampires_chapel_wolves	Lobos	false
land_units_concealed_name_idrinth_hev_high_elf_vampires_chapel_cave_bats	Murciélagos	false
land_units_concealed_name_idrinth_hev_high_elf_vampires_chapel_hawks	Halcones	false
land_units_concealed_name_idrinth_hev_high_elf_vampires_chapel_great_eagle	Gran Águila	false
land_units_onscreen_name_idrinth_hev_high_elf_vampires_chapel_stone_wolves	Lobos de Piedra	false
land_units_concealed_name_idrinth_hev_high_elf_vampires_chapel_stone_wolves	Lobos Gigantes	false
land_units_onscreen_name_idrinth_hev_high_elf_vampires_chapel_outriders	Exploradores de la Capilla	false
land_units_concealed_name_idrinth_hev_high_elf_vampires_chapel_outriders	Jinetes	false
land_units_onscreen_name_idrinth_hev_high_elf_vampires_chapel_kurnous_leader_vampire	Sacerdote Vampiro de Kurnous	false
land_units_onscreen_name_idrinth_hev_high_elf_vampires_chapel_khaine_leader_vampire	Sacerdote Vampiro de Khaine	false
land_units_onscreen_name_idrinth_hev_high_elf_vampires_chapel_asuryan_leader_vampire	Sacerdote Vampiro de Asuryan	false
land_units_concealed_name_idrinth_hev_high_elf_vampires_chapel_asuryan_leader_vampire	Elfo	false
land_units_concealed_name_idrinth_hev_high_elf_vampires_chapel_kurnous_leader_vampire	Elfo	false
land_units_concealed_name_idrinth_hev_high_elf_vampires_chapel_khaine_leader_vampire	Elfo	false
land_units_onscreen_name_idrinth_hev_high_elf_vampires_chapel_khaine_varghulf	Perdido de Khaine	false
land_units_onscreen_name_idrinth_hev_high_elf_vampires_chapel_kurnous_varghulf	Perdido de Kurnous	false
land_units_onscreen_name_idrinth_hev_high_elf_vampires_chapel_asuryan_varghulf	Perdido de Asuryan	false
land_units_concealed_name_idrinth_hev_high_elf_vampires_chapel_khaine_varghulf	Varghulf	false
land_units_concealed_name_idrinth_hev_high_elf_vampires_chapel_kurnous_varghulf	Varghulf	false
land_units_concealed_name_idrinth_hev_high_elf_vampires_chapel_asuryan_varghulf	Varghulf	false
land_units_concealed_name_idrinth_hev_high_elf_vampires_idrinthgeneral	Vampiro Alto Elfo	false
land_units_onscreen_name_idrinth_hev_high_elf_vampires_idrinthgeneral	Idrinth Thalui	false
land_units_onscreen_name_idrinth_hev_high_elf_vampires_chapel_asuryan_large	Guardia de Asuryan	false
land_units_onscreen_name_idrinth_hev_high_elf_vampires_chapel_kurnous_large	Guardia de Kurnous	false
land_units_onscreen_name_idrinth_hev_high_elf_vampires_chapel_khaine_large	Guardia de Khaine	false
land_units_concealed_name_idrinth_hev_high_elf_vampires_chapel_asuryan_large	Elfos	false
land_units_concealed_name_idrinth_hev_high_elf_vampires_chapel_kurnous_large	Elfos	false
land_units_concealed_name_idrinth_hev_high_elf_vampires_chapel_khaine_large	Elfos	false
land_units_onscreen_name_idrinth_hev_high_elf_vampires_chapel_outriders_large	Exploradores de la Capilla	false
land_units_concealed_name_idrinth_hev_high_elf_vampires_chapel_outriders_large	Jinetes	false
mct_idrinth_title	Idrinth Thalui - El Maestro del Saber Vampiro Alto Elfo	false
mct_idrinth_author	Björn 'Idrinth' Büttner	false
mct_idrinth_description	La Historia de un Maestro del Saber Caído\\n\\nUna vez un respetado Maestro del Saber Alto Elfo, Idrinth Thalui encontró su fin mortal durante las sangrientas Guerras Vampíricas, solo para resurgir como una de las criaturas contra las que luchó. Ahora este Caballero-Erudito camina un sendero precario entre su herencia élfica y su maldición vampírica, buscando un propósito en un mundo desgarrado por el Caos.\\n\\n¿Lo guiarás hacia la redención o abrazarás la oscuridad interior? Su destino está en tus manos.	false
mct_idrinth_expanded_spawn_text	Culturas de Aparición Expandidas	false
mct_idrinth_expanded_spawn_tooltip	Permite que Idrinth aparezca también para Bretonia, Cathay, las Legiones de Nagash, Elfos Oscuros y Costa Vampírica.	false
mct_idrinth_level_adjustment_text	Requisito de Nivel	false
mct_idrinth_level_adjustment_options_null_text	Juego Temprano	false
mct_idrinth_level_adjustment_options_one_text	Final del Juego Temprano	false
mct_idrinth_level_adjustment_options_three_text	Inicio del Juego Medio	false
mct_idrinth_level_adjustment_options_six_text	Juego Medio	false
mct_idrinth_level_adjustment_tooltip	Modifica el requisito de nivel para obtener la misión de desbloqueo de Idrinth.	false
mct_idrinth_god_item_difficulty_text	Dificultad de Objetos Bendecidos por Dioses	false
mct_idrinth_god_item_difficulty_options_low_text	Requisitos Bajos	false
mct_idrinth_god_item_difficulty_options_normal_text	Requisitos Normales	false
mct_idrinth_god_item_difficulty_options_high_text	Requisitos Altos	false
mct_idrinth_god_item_difficulty_tooltip	Modifica los requisitos para recibir los objetos bendecidos por los dioses.	false
mct_idrinth_chapel_chance_text	Probabilidad de Aparición de Capillas	false
mct_idrinth_chapel_chance_options_low_text	Probabilidad Baja	false
mct_idrinth_chapel_chance_options_normal_text	Probabilidad Normal	false
mct_idrinth_chapel_chance_options_high_text	Probabilidad Alta	false
mct_idrinth_chapel_chance_tooltip	Modifica la probabilidad de que las Capillas Thaluianas aparezcan por la presencia de Idrinth.	false
mct_idrinth_story_events_text	Activar Eventos de Historia	false
mct_idrinth_story_events_tooltip	Permite que Idrinth notifique al jugador cuando alcanza regiones específicas importantes para él.	false
mct_idrinth_chapels_text	Capillas Thaluianas	false
mct_idrinth_chapels_tooltip	Permite que Idrinth funde capillas que fortalecen las defensas de las ciudades y afectan la generación de favor divino.	false
mct_idrinth_dilemma_cooldown_text	Tiempo de Espera de Dilemas	false
mct_idrinth_dilemma_cooldown_options_low_text	Bajo (1 + [1-2])	false
mct_idrinth_dilemma_cooldown_options_medium_text	Medio (2 + [1-3])	false
mct_idrinth_dilemma_cooldown_options_long_text	Largo (3 + [1-4])	false
mct_idrinth_dilemma_cooldown_tooltip	Modifica el tiempo de espera entre dilemas que requieren decisiones.	false
mct_idrinth_names_text	Renombrado de Unidades	false
mct_idrinth_names_tooltip	Cuando está marcado, las unidades obtienen un nombre personalizado al reclutar, extraído de una lista de nombres élficos.	false
mct_idrinth_logging_text	Activar Registro Propio	false
mct_idrinth_logging_tooltip	Cuando está marcado, este mod registra en el directorio raíz del juego como idrinth.*.log.	false
mct_idrinth_base_logging_text	Activar Uso del Registro del Juego Base	false
mct_idrinth_base_logging_tooltip	Cuando está marcado, este mod usa la función de registro del juego base.	false
mct_idrinth_section_idrinth_story_features_name	Opciones de Características de Historia	false
mct_idrinth_section_idrinth_game_features_name	Opciones de Características del Juego	false
mct_idrinth_section_idrinth_chances_name	Probabilidades	false
mct_idrinth_section_idrinth_spawn_name	Opciones de Aparición	false
mct_idrinth_section_idrinth_other_name	Opciones Adicionales	false
mct_idrinth_section_idrinth_cooldowns_name	Opciones de Tiempo de Espera	false
mct_idrinth_intervention_cooldown_text	Tiempo de Espera de Intervención	false
mct_idrinth_intervention_cooldown_options_low_text	Bajo (80%)	false
mct_idrinth_intervention_cooldown_options_medium_text	Medio (100%)	false
mct_idrinth_intervention_cooldown_options_long_text	Largo (120%)	false
mct_idrinth_intervention_cooldown_tooltip	Modifica el tiempo de espera entre intervenciones divinas.	false
mct_idrinth_animal_waaagh_text	WAAAGH Animal	false
mct_idrinth_animal_waaagh_tooltip	Cuando está marcado, Idrinth es seguido por un ejército WAAAGH compuesto de animales. Desactivarlo no hace desaparecer al ejército.	false
mct_idrinth_vampire_chance_text	Probabilidad de Conversión Vampírica	false
mct_idrinth_vampire_chance_options_low_text	Baja (10% de éxito base)	false
mct_idrinth_vampire_chance_options_normal_text	Normal (15% de éxito base)	false
mct_idrinth_vampire_chance_options_high_text	Alta (20% de éxito base)	false
mct_idrinth_vampire_chance_tooltip	Cambia la probabilidad de que los sacerdotes sobrevivan al ser convertidos en vampiros.	false
mct_idrinth_story_dilemma_base_chance_text	Probabilidad Base de Dilemas de Historia	false
mct_idrinth_story_dilemma_base_chance_options_low_text	Baja	false
mct_idrinth_story_dilemma_base_chance_options_normal_text	Normal	false
mct_idrinth_story_dilemma_base_chance_options_high_text	Alta	false
mct_idrinth_story_dilemma_base_chance_tooltip	Cambia la probabilidad de que se activen los dilemas de decisiones de historia.	false
mct_idrinth_god_item_base_chance_text	Probabilidad Base de Objetos Divinos	false
mct_idrinth_god_item_base_chance_options_low_text	Baja	false
mct_idrinth_god_item_base_chance_options_normal_text	Normal	false
mct_idrinth_god_item_base_chance_options_high_text	Alta	false
mct_idrinth_god_item_base_chance_tooltip	Cambia la probabilidad de que se ofrezcan objetos divinos.	false
mct_idrinth_elf_slayer_traits_text	Rasgos de Matador de Elfos	false
mct_idrinth_elf_slayer_traits_tooltip	Activa los rasgos por matar elfos. Desactivarlo no elimina los niveles de rasgos existentes.	false
mct_idrinth_devotion_traits_text	Rasgos de Devoción	false
mct_idrinth_devotion_traits_tooltip	Activa los rasgos por dedicar tiempo a un dios específico. Desactivarlo no elimina los niveles de rasgos existentes.	false
mct_idrinth_interventions_text	Activar Intervención Divina	false
mct_idrinth_interventions_tooltip	Si está activado, Asuryan, Kurnous y Khaine intervendrán cuando tu favor sea alto, usando parte de él para mejoras de toda la facción.	false
mct_idrinth_groovy_logging_text	Activar Uso del Registro Groovy	false
mct_idrinth_groovy_logging_tooltip	Cuando está marcado, este mod registra con el sistema de registro proporcionado por el MCT.	false
message_event_strings_title_idrinth_chapel_lost	Capilla Perdida	false
message_event_strings_title_idrinth_chapel_founded	Capilla Fundada	false
message_event_strings_title_idrinth_godly_intervention	The Gods Intervene	false
message_event_text_idrinth_chapel_lost	La Capilla ha sido incendiada por el nuevo dueño del asentamiento. ¿Dónde nos reuniremos ahora?	false
message_event_text_idrinth_chapel_founded	El lugar para una nueva Capilla ha sido consagrado por los dioses. Deberíamos construirla rápidamente para obtener sus bendiciones.	false
message_event_text_idrinth_godly_intervention	Idrinth te informa que sus dioses han decidido actuar para apoyar tu causa. Tus ejércitos serán más poderosos gracias a una bendición divina durante un tiempo.	false
message_event_text_idrinth_godly_intervention_subtitle	Asuryan, Khaine y Kurnous actúan.	false
missions_localised_description_idrinth_unlock_wh2_main_hef_high_elves	Hay rumores de que puedes captar la atención de una poderosa ayuda si luchas contra las fuerzas del caos. Se dice que un extraño está dispuesto a luchar a tu lado si puedes demostrar tu voluntad de luchar y sangrar...	false
missions_localised_title_idrinth_unlock_wh2_main_hef_high_elves	Un Extraño Contra el Caos	false
missions_localised_title_idrinth_unlock_wh_main_vmp_vampire_counts	Un Extraño Contra el Caos	false
missions_localised_title_idrinth_unlock_wh_main_emp_empire	Un Extraño Contra el Caos	false
missions_localised_title_idrinth_unlock_wh_dlc05_wef_wood_elves	Un Extraño Contra el Caos	false
missions_localised_title_idrinth_unlock_wh3_main_ksl_kislev	Un Extraño Contra el Caos	false
missions_localised_description_idrinth_unlock_wh_main_vmp_vampire_counts	Hay rumores de que puedes captar la atención de una poderosa ayuda si luchas contra las fuerzas del caos. Se dice que un extraño está dispuesto a luchar a tu lado si puedes demostrar tu voluntad de luchar y sangrar...	false
missions_localised_description_idrinth_unlock_wh_main_emp_empire	Hay rumores de que puedes captar la atención de una poderosa ayuda si luchas contra las fuerzas del caos. Se dice que un extraño está dispuesto a luchar a tu lado si puedes demostrar tu voluntad de luchar y sangrar...	false
missions_localised_description_idrinth_unlock_wh_dlc05_wef_wood_elves	Hay rumores de que puedes captar la atención de una poderosa ayuda si luchas contra las fuerzas del caos. Se dice que un extraño está dispuesto a luchar a tu lado si puedes demostrar tu voluntad de luchar y sangrar...	false
missions_localised_description_idrinth_unlock_wh3_main_ksl_kislev	Hay rumores de que puedes captar la atención de una poderosa ayuda si luchas contra las fuerzas del caos. Se dice que un extraño está dispuesto a luchar a tu lado si puedes demostrar tu voluntad de luchar y sangrar...	false
missions_localised_mission_completed_text_idrinth_unlock_wh2_main_hef_high_elves	Después de aceptar tu moneda, el extraño se presenta como un compañero asur llamado Idrinth. Al quitarse sus ropas de viaje ves la armadura gastada por la batalla de un maestro del saber, un espadón a juego y un arco de metal cerca de ojos estoicos que insinúan brutalidades aún por cometer.	false
missions_localised_mission_completed_text_idrinth_unlock_wh_main_vmp_vampire_counts	El extraño baja su capucha, revelando rasgos élficos. No soy amigo de la destrucción, pero nuestros enemigos forzaron mi mano. Guardando sus monedas declara: Volver a la familia después de muchos años cuando están en peligro es lo correcto, sin importar quién sea esa familia. ¿No estás de acuerdo?	false
missions_localised_mission_completed_text_idrinth_unlock_wh_main_emp_empire	He luchado y sangrado con guerreros que creen en Ulric o Sigmar. Tenemos los mismos enemigos, declara mientras se quita sus ropas de viaje, y espero con ansias hacerlos retroceder contigo. Compartir mi conocimiento para el mejoramiento del mundo. Sus ojos miran fríamente a los humanos que rezan antes de devolver su atención al general y su guardia.	false
missions_localised_mission_completed_text_idrinth_unlock_wh_dlc05_wef_wood_elves	Espero con ansias luchar junto a los cazadores de los bosques, primo, declara el asur en tono amistoso mientras guarda su pago y capa de viaje. Puede que no sea tan buen tirador como vosotros, pero no os retrasaré. Una leve sonrisa divertida juega alrededor de sus labios exangües antes de desaparecer. ¡Tengamos una cacería de la que se hablará durante siglos!	false
missions_localised_mission_completed_text_idrinth_unlock_wh3_main_ksl_kislev	El extraño se desviste tras haber sido pagado y revela un rostro élfico y armamento élfico bajo sus ropas de viaje. Mi nombre es Idrinth, he estado luchando contra nuestros enemigos durante más tiempo del que la mayoría de vosotros habéis vivido. Disfrutaría practicando con la fuerza y enseñándoles. Una leve sonrisa juega alrededor de sus labios exangües antes de desaparecer en un rostro sin edad.	false
missions_localised_title_idrinth_unlock_wh2_main_def_dark_elves	Un Extraño Contra el Caos	false
missions_localised_title_idrinth_unlock_mixer_nag_nagash	Un Extraño Contra el Caos	false
missions_localised_title_idrinth_unlock_wh2_dlc11_cst_vampire_coast	Un Extraño Contra el Caos	false
missions_localised_title_idrinth_unlock_wh_main_brt_bretonnia	Un Extraño Contra el Caos	false
missions_localised_title_idrinth_unlock_wh3_main_cth_cathay	Un Extraño Contra el Caos	false
missions_localised_description_idrinth_unlock_wh2_main_def_dark_elves	Hay rumores de que puedes captar la atención de una poderosa ayuda si luchas contra las fuerzas del caos. Se dice que un extraño está dispuesto a luchar a tu lado si puedes demostrar tu voluntad de luchar y sangrar...	false
missions_localised_description_idrinth_unlock_mixer_nag_nagash	Hay rumores de que puedes captar la atención de una poderosa ayuda si luchas contra las fuerzas del caos. Se dice que un extraño está dispuesto a luchar a tu lado si puedes demostrar tu voluntad de luchar y sangrar...	false
missions_localised_description_idrinth_unlock_wh2_dlc11_cst_vampire_coast	Hay rumores de que puedes captar la atención de una poderosa ayuda si luchas contra las fuerzas del caos. Se dice que un extraño está dispuesto a luchar a tu lado si puedes demostrar tu voluntad de luchar y sangrar...	false
missions_localised_description_idrinth_unlock_wh_main_brt_bretonnia	Hay rumores de que puedes captar la atención de una poderosa ayuda si luchas contra las fuerzas del caos. Se dice que un extraño está dispuesto a luchar a tu lado si puedes demostrar tu voluntad de luchar y sangrar...	false
missions_localised_description_idrinth_unlock_wh3_main_cth_cathay	Hay rumores de que puedes captar la atención de una poderosa ayuda si luchas contra las fuerzas del caos. Se dice que un extraño está dispuesto a luchar a tu lado si puedes demostrar tu voluntad de luchar y sangrar...	false
missions_localised_mission_completed_text_idrinth_unlock_wh2_main_def_dark_elves	El extraño retira su capucha, revelando rasgos inconfundiblemente Asur—pero sus ojos no guardan nada de su típico desdén. Primo, dice, la palabra sin llevar ni burla ni calidez. No me importan los antiguos rencores. El Caos devora a Druchii y Asur por igual, y he aprendido que la supervivencia exige... flexibilidad. Una sonrisa sin alegría cruza sus labios exangües. Tú entiendes el pragmatismo mejor que la mayoría. ¿Lo ponemos en uso?	false
missions_localised_mission_completed_text_idrinth_unlock_mixer_nag_nagash	La capucha del extraño cae, revelando un rostro élfico intacto por el tiempo. Sé a quién sirves, dice llanamente, encontrando la mirada de los no-muertos sin pestañear. Y sé lo que soy. No necesitamos pretender lo contrario. Ajusta el espadón en su espalda con facilidad familiar. Los enemigos de Nagash son siervos del Caos. Por ahora, esa alineación de propósito es suficiente. Sus labios exangües se tuercen en algo que se asemeja a diversión oscura. El Gran Nigromante recoge todas las cosas eventualmente. Yo simplemente elijo los términos.	false
missions_localised_mission_completed_text_idrinth_unlock_wh2_dlc11_cst_vampire_coast	El extraño se quita su capa manchada de sal, revelando rasgos élficos y armadura antigua debajo. He navegado mares más oscuros que estos, comenta, mirando a la tripulación tambaleante sin disgusto. La sangre es sangre, ya sea tomada en tierra o agua. Produce su bolsa de pago, sopesándola pensativamente. Cazáis, saqueáis, sobrevivís. Respeto eso. Una sonrisa conocedora cruza su rostro pálido. Y sospecho que vuestros capitanes entienden—la inmortalidad cambia la perspectiva de uno sobre... todo.	false
missions_localised_mission_completed_text_idrinth_unlock_wh_main_brt_bretonnia	El extraño se quita su capa de viaje con gracia practicada, revelando armadura élfica debajo. He servido junto a caballeros antes, dice, inclinando la cabeza con precisión cortesana. El honor y el deber trascienden las fronteras de la raza. Tu Dama protege estas tierras, y yo las vería defendidas de la oscuridad que todo lo consume. Sus rasgos pálidos permanecen compuestos, aunque sus labios exangües no traicionan calidez. Cabalgamos contra nuestro enemigo común.	false
missions_localised_mission_completed_text_idrinth_unlock_wh3_main_cth_cathay	La figura encapuchada se inclina con inesperada formalidad, luego se endereza para revelar rasgos élficos bajo sus prendas de viaje. He caminado por vuestras tierras antes, en eras pasadas, declara, su voz medida y calmada. La Gran Muralla contiene horrores que conozco demasiado bien. El equilibrio debe mantenerse contra los Poderes Ruinosos. Sus ojos sin edad estudian a los oficiales de Catay con interés erudito. Ofrezco conocimiento que abarca milenios. Quizás podamos aprender el uno del otro.	false
names_name_99990999999990	Idrinth	false
names_name_99990999999991	Thalui	false
names_name_99990999999992	Knight-Scholar	false
names_name_91003842572	Eva	false
names_name_91005248167	Plyitus	false
names_name_91012272878	Hagrene	false
names_name_91023980541	Altharloss	false
names_name_91043335079	Millen	false
names_name_91044214998	Sheeld	false
names_name_91044995477	Venola	false
names_name_91058692048	Myleere	false
names_name_91061636038	Kavinna	false
names_name_91063475665	Fonahir	false
names_name_91066656255	Waerna	false
names_name_91073720026	Hulaylian	false
names_name_91087181860	Felicion	false
names_name_91091045834	Deloria	false
names_name_910929957	Rinda	false
names_name_91096917599	Alarion	false
names_name_91119925593	Nasheer	false
names_name_9112654795	Boudicca	false
names_name_91126797147	Nightshade	false
names_name_91126820639	Caladrielle	false
names_name_91130865469	Sandrina	false
names_name_91143850849	Enna	false
names_name_91145397024	Koval	false
names_name_91147373454	Eldarion	false
names_name_91149635680	Zubaran	false
names_name_91163945081	Lorishion	false
names_name_9117103054	Vayeana	false
names_name_9119315689	Anarsis	false
names_name_91194134712	Fernhavest	false
names_name_91197705717	Saji	false
names_name_91202032358	Avelorrisas	false
names_name_91205288363	Kerthinia	false
names_name_91207993051	Hulaylian	false
names_name_912159699	Mantressa	false
names_name_91218801584	Damien	false
names_name_9122344455	Myriel	false
names_name_91225535785	Ramon	false
names_name_91226152662	Grimziyal	false
names_name_9122686813	Qintarra	false
names_name_91243883571	Rethia	false
names_name_91247905949	Jildou	false
names_name_91250574602	Bequish	false
names_name_91254391153	Alondrin	false
names_name_91261742987	Busscrone	false
names_name_91268007810	Circya	false
names_name_9128185431	Ruybiniss	false
names_name_91286859150	Ylrishen	false
names_name_91303889577	Morgan	false
names_name_91312613255	Orilon	false
names_name_91324369708	Maewhyn	false
names_name_91327343523	Jayadress	false
names_name_91327358560	Azirek	false
names_name_91327508456	Caladrielle	false
names_name_91329067400	Avelorrisas	false
names_name_9133018942	Arwenil	false
names_name_91348736263	Kelici	false
names_name_91354862277	Elysion	false
names_name_91355325317	Caydrille	false
names_name_91359526841	Aeden	false
names_name_91373918736	Bel-Nenya	false
names_name_91373928438	Ilona	false
names_name_91384300280	Elektra	false
names_name_9139274725	Klendrach	false
names_name_91396496474	Yr-Kithar	false
names_name_91397432329	Maudthekan	false
names_name_91404349694	Elise	false
names_name_91404830742	Elladan	false
names_name_91405360902	Hellespher	false
names_name_91411233647	Fhiron	false
names_name_91413240279	Relinda	false
names_name_91416443905	Lorna	false
names_name_91417301359	Lorelai	false
names_name_91421390481	Illiarch	false
names_name_91435311282	Zoltar	false
names_name_91437586017	Elladan	false
names_name_91442008725	R'Mal	false
names_name_91444170034	Lothiul	false
names_name_91449688241	Gynnash	false
names_name_91453701877	Velal	false
names_name_91462914341	Waerna	false
names_name_91469875558	Azalgorm	false
names_name_9147059091	Jayadress	false
names_name_91477685742	Laya-Quinn	false
names_name_91480988115	Tharket	false
names_name_9149095704	Ravena	false
names_name_91500935551	Kilana	false
names_name_91509126983	Senga	false
names_name_91517726071	Alizeabeth	false
names_name_91518758666	Ophillien	false
names_name_91525341994	Fandhir	false
names_name_91533578663	Bochra	false
names_name_91539784441	Omarin	false
names_name_91544419579	Jornadar	false
names_name_91548347790	Hextarian	false
names_name_91549964633	Baine	false
names_name_91553668240	Velitroth	false
names_name_91568387873	Felindre	false
names_name_91574055340	Darfayan	false
names_name_9157557480	Caydrille	false
names_name_91580975470	Lothiul	false
names_name_91596458280	Trillian	false
names_name_91599624757	Nadraxes	false
names_name_91613104460	Krogh	false
names_name_91617840855	Liandra	false
names_name_91619003680	Parthok	false
names_name_91626239518	Fortiunis	false
names_name_91631911126	Lucius	false
names_name_9163738469	Nathalia	false
names_name_91647432603	Scorpia	false
names_name_91650679308	Sabetha	false
names_name_91651253203	Velicion	false
names_name_91662293824	Feretulios	false
names_name_91662609258	Movar	false
names_name_91663124370	Lolillian	false
names_name_91674463770	Sheelda	false
names_name_91676255817	Larian	false
names_name_91676702302	Pokol-Daka	false
names_name_91678434015	Laya-Quinn	false
names_name_91685153999	Jeshia	false
names_name_91690881127	Jadus	false
names_name_91692450837	Bel-Harathoi	false
names_name_9169306801	Velissan	false
names_name_91693201541	Elliranion	false
names_name_91696520004	Noegh	false
names_name_91714437588	Koren-Bahnir	false
names_name_91723163773	Myrielh	false
names_name_91723951491	Bel-Sarathai	false
names_name_91747768786	Kerthinia	false
names_name_91749635114	Astralla	false
names_name_91759888452	Menlui-Akar	false
names_name_91767592018	Argyle	false
names_name_91772325140	Rautha	false
names_name_91778859011	Mara	false
names_name_91779790006	Vanquissh	false
names_name_9178011990	Cython-Yrel	false
names_name_91781194350	Hyther	false
names_name_91782569233	Espellba	false
names_name_91793838679	Astikar	false
names_name_91805305451	Driellen	false
names_name_91805956898	Larian	false
names_name_91818418423	Prenticly	false
names_name_9181892619	Westara	false
names_name_91819815097	Artheus	false
names_name_91822131918	Rethia	false
names_name_9182386008	Elreth	false
names_name_91824172218	Obarmon	false
names_name_91832942633	Mlendei	false
names_name_91839202249	Lolillian	false
names_name_91839293256	Kjeldilon	false
names_name_91850383583	Rhodar	false
names_name_91854561361	Sammith	false
names_name_91865779139	Chechemon	false
names_name_91870285600	Veraunn	false
names_name_91870317021	Kerestra	false
names_name_91874746780	Feniaor	false
names_name_91876393694	Najjirah	false
names_name_91878262360	Solkar	false
names_name_91878347147	Marinh	false
names_name_91879902399	Aurelius	false
names_name_91880052996	Wonellinrei	false
names_name_91884036913	Exarian	false
names_name_91900416210	Bel-Amy	false
names_name_91915072686	Fayza	false
names_name_91920209172	Trillian	false
names_name_91931576863	Rhama	false
names_name_91933701425	Omnombah	false
names_name_91935289251	Murella	false
names_name_91944479300	Lorishion	false
names_name_91946949066	Yorian	false
names_name_91948029117	Lorienne	false
names_name_91948853670	Zilnilon	false
names_name_91956855324	Gwendolyn	false
names_name_91959415982	Bel-Lecai	false
names_name_91984883343	Fydhion	false
names_name_91993506009	Elliranion	false
names_name_91997936833	Prenticly	false
names_name_92001547846	Tamarith	false
names_name_92007007269	Eville-Lyn	false
names_name_92007662807	Sethera	false
names_name_92010781226	Byre'chull	false
names_name_9201148896	Selveth	false
names_name_9201846194	Exarian	false
names_name_92019146272	Zoram	false
names_name_92028322876	Yastra	false
names_name_92044527313	Feniaor	false
names_name_92056726109	Teneska	false
names_name_92069123878	Rakal	false
names_name_92073522645	Polkesha	false
names_name_92077129249	Teneska	false
names_name_92098503774	Moransti	false
names_name_92098530624	Hellinor	false
names_name_92104549974	Mordis	false
names_name_92108748670	Yasmijn	false
names_name_92112899441	Gendalfa	false
names_name_92118818206	Sakonna	false
names_name_92121529518	Arden	false
names_name_92125052025	Ditharastara	false
names_name_92126878368	Ellendeling	false
names_name_92147352837	Morlanna	false
names_name_92147352877	Tevaril	false
names_name_92147352885	Delynna	false
names_name_92147352887	Evelyne	false
names_name_92147358991	Yavandir	false
names_name_92147358997	Thalos	false
names_name_92147359004	Arduval	false
names_name_92147359014	Amendil	false
names_name_92147359017	Ingmir	false
names_name_92147359021	Torendil	false
names_name_92147359025	Yssellal	false
names_name_92147359027	Tralan	false
names_name_92147359030	Aesrit	false
names_name_92147359031	Urdithane	false
names_name_92147359036	Strathot	false
names_name_92147359038	Dolwen	false
names_name_92147359043	Elror	false
names_name_92147359044	Dodan	false
names_name_92147359047	Dhulas	false
names_name_92147359053	Acca	false
names_name_92147359054	Dottaen	false
names_name_92147359060	Toltirin	false
names_name_92147359061	Tala	false
names_name_92147359062	Agnor	false
names_name_92147359067	Rana	false
names_name_92147359068	Vilgin	false
names_name_92147359071	Gilgalion	false
names_name_92147359076	Luren	false
names_name_92147359080	Dalos	false
names_name_92147359081	Harrond	false
names_name_92147359082	Tuduthus	false
names_name_92147359091	Circo	false
names_name_92147359093	Camring	false
names_name_92147359095	Kholis	false
names_name_92147359097	Duluric	false
names_name_92147359100	Amhas	false
names_name_92147359102	Alu	false
names_name_92147359108	Silontol	false
names_name_92147359110	Isrostot	false
names_name_92147359111	Narien	false
names_name_92147359114	Olanis	false
names_name_92147359115	Ingmir	false
names_name_92147359116	Singal	false
names_name_92147359118	Orliaruth	false
names_name_92147359121	Dhanas	false
names_name_92147359124	Valahuir	false
names_name_92147359125	Mylnel	false
names_name_92147359132	Dhehen	false
names_name_92147359134	Urdithane	false
names_name_92147359135	Foros	false
names_name_92147359139	Felnylsal	false
names_name_92147359140	Attodaeth	false
names_name_92147359143	Belaeg	false
names_name_92147359149	Ara	false
names_name_92147359158	Othiodi	false
names_name_92147359161	Catra	false
names_name_92147359169	Zaltothios	false
names_name_92147359174	Ikirin	false
names_name_92147359179	Varcio	false
names_name_92147359189	Straslaeth	false
names_name_92147359197	Iscuraa	false
names_name_92147359206	Thilvokkas	false
names_name_92147359209	Daertoc	false
names_name_92147359214	Otrolio	false
names_name_92147359220	Iarac	false
names_name_92147359222	Dhada	false
names_name_92147359231	Dhalsyth	false
names_name_92147359233	Sesteshal	false
names_name_92147359348	Selafyn	false
names_name_92147359351	Finreir	false
names_name_92147359355	Anaryll	false
names_name_92147359361	Eldril	false
names_name_92147359365	Aethis	false
names_name_92147359373	Harathrel	false
names_name_92147359376	Arandir	false
names_name_92147359377	Argalen	false
names_name_92147359387	Moranion	false
names_name_92147359388	Ferghal	false
names_name_92147359397	Antheus	false
names_name_92147359403	Inrion	false
names_name_92147359410	Hallar	false
names_name_92147359420	Cireon	false
names_name_92147359423	Erethond	false
names_name_92147359428	Eldarain	false
names_name_92147359429	Aethenor	false
names_name_92147359432	Aramir	false
names_name_92147359438	Cerion	false
names_name_92147359440	Melanar	false
names_name_92147359445	Anurell	false
names_name_92147359448	Thaindor	false
names_name_92147359449	Illidial	false
names_name_92147359455	Elon	false
names_name_92147359457	Sulphunet	false
names_name_92147359467	Kurl	false
names_name_92147359470	Vraneth	false
names_name_92147359478	Galroth	false
names_name_92147359486	Asperon	false
names_name_92147359493	Tuern	false
names_name_92147359501	Corvass	false
names_name_92147359511	Ruerl	false
names_name_92147359518	Hargan	false
names_name_92147359523	Aillion	false
names_name_92147359524	Gandrell	false
names_name_92147359527	Urian	false
names_name_92147359529	Maglan	false
names_name_92147359538	Dranack	false
names_name_92147359539	Delekth	false
names_name_92147359540	Yeurl	false
names_name_92147359548	Kaleth	false
names_name_92147359554	Khalek	false
names_name_92147359568	Girathon	false
names_name_92147359575	Girathon	false
names_name_92147359576	Furion	false
names_name_92147359586	Korhedron	false
names_name_92147359595	Khalin	false
names_name_92147359605	Ribath	false
names_name_92147359610	Sihori	false
names_name_92147359620	Sareth	false
names_name_92147359621	Vashas	false
names_name_92147359623	Lorsitel	false
names_name_92147359626	Locehon	false
names_name_92147359636	Arathar	false
names_name_92147359643	Akhaunet	false
names_name_92147359652	Velavith	false
names_name_92147359655	Sabichal	false
names_name_92147359664	Cagherosh	false
names_name_92147359673	Mittarah	false
names_name_92147359681	Virlorel	false
names_name_92147359691	Tarrerrosh	false
names_name_92147359698	Thoshelre	false
names_name_92147359706	Cirsis	false
names_name_92147359712	Cerirreh	false
names_name_92147359713	Sokhos	false
names_name_92147359720	Maveh	false
names_name_92147359721	Feisha	false
names_name_92147359724	Fecha	false
names_name_92147359729	Lecelne	false
names_name_92147359734	Hohha	false
names_name_92147359737	Cesirnoh	false
names_name_92147359741	Corvishish	false
names_name_92147359749	Massighah	false
names_name_92147359753	Merosha	false
names_name_92147359759	Hacaggil	false
names_name_92147359767	Resara	false
names_name_92147359770	Neheth	false
names_name_92147359773	Ravares	false
names_name_92147359780	Volilosh	false
names_name_92147359788	Zeloran	false
names_name_92147359792	Shakkara	false
names_name_92147359797	Shakkara	false
names_name_92147359799	Nelosi	false
names_name_92147359806	Tholre'kai	false
names_name_92147359811	Rervetoh	false
names_name_92147359818	Kakaukin	false
names_name_92147359827	Sothartah	false
names_name_92147359833	Tothauthrak	false
names_name_92147359836	Cekhullil	false
names_name_92147359840	Danoth	false
names_name_92147359843	Nocrusith	false
names_name_92147359846	Vukathan	false
names_name_92147359849	Vegmorlus	false
names_name_92147359855	Wirtha	false
names_name_92147359859	Veri'kath	false
names_name_92147359864	Khalgughun	false
names_name_92147359867	Decun'kar	false
names_name_92147359868	Tallirmoth	false
names_name_92147359877	Tehechish	false
names_name_92147359887	Werrora	false
names_name_92147359894	Calnatoth	false
names_name_92147359903	Bel-Edhanel	false
names_name_92147359910	Enthaal	false
names_name_92147359912	Zaathos	false
names_name_92147359917	Thanlutlin	false
names_name_92147359924	Deralac	false
names_name_92147359926	Dydrarus	false
names_name_92147359930	Bel-Harthur	false
names_name_92147359934	Gondil	false
names_name_92147359937	Tharhindrel	false
names_name_92147359956	Halithyar	false
names_name_92147359965	Bel-Aethlec	false
names_name_92147359969	Feyadyin	false
names_name_92147359973	Miradrin	false
names_name_92147359978	Assagiere	false
names_name_92147359986	Illenyadara	false
names_name_92147359987	Einnilize	false
names_name_92147359994	Haerrieth	false
names_name_92147359998	Licumoitta	false
names_name_92147360007	Agiella	false
names_name_92147360012	Sophiridrin	false
names_name_92147360015	Adagia	false
names_name_92147360018	Itilnae	false
names_name_92147360025	Hemmara	false
names_name_92147360031	Haennirmara	false
names_name_92147360040	Nashanra	false
names_name_92147360046	Litania	false
names_name_92147360050	Vanya	false
names_name_92147360065	Alyssa	false
names_name_92147360075	Nonens	false
names_name_92147360083	Nonus	false
names_name_92147360092	Moksha	false
names_name_92147360102	Maledicta	false
names_name_92147360109	Tilly	false
names_name_92147360118	Taira	false
names_name_92147360123	Armandis	false
names_name_92147360125	Azuma	false
names_name_92147360132	Bael'Sammon	false
names_name_92147360156	Galag	false
names_name_92147360163	Weylyn	false
names_name_92147360164	Melwin	false
names_name_92147360181	Vera	false
names_name_92147360185	Amon	false
names_name_92147360188	Sabioth	false
names_name_92147360191	Rowan	false
names_name_92147360198	Gaion	false
names_name_92147360199	Maktig	false
names_name_92147360201	Noriv	false
names_name_92147360210	Mehri	false
names_name_92147360216	Eydis	false
names_name_92147360224	Cylas	false
names_name_92147360232	Gwyndion	false
names_name_92147360242	Rodir	false
names_name_92147360248	Kychte	false
names_name_92147360256	Mychaela	false
names_name_92147360259	Azriel	false
names_name_92147360298	Maeron	false
names_name_92147360299	Shanahan	false
names_name_92147360301	Thovar	false
names_name_92147360302	Serra	false
names_name_92147360305	Leander	false
names_name_92147360312	Taodin	false
names_name_92147360316	Aphazel	false
names_name_92147360320	Aesllanan	false
names_name_92147360324	Iolair	false
names_name_92147360332	Tallanquine	false
names_name_92147360339	Aratt	false
names_name_92147360344	Arathalle	false
names_name_92147360353	Arathion	false
names_name_92147360370	Arhalien	false
names_name_92147360378	Astra	false
names_name_92147360386	Anwesu	false
names_name_92147360388	Banadl	false
names_name_92147360389	Eliandr	false
names_name_92147360397	Cuolsh	false
names_name_92147360398	Bel-Eshain	false
names_name_92147360399	Darsis	false
names_name_92147360401	Cynaeaf	false
names_name_92147360409	Delzus	false
names_name_92147360412	Tarnig	false
names_name_92147360418	Fiarel	false
names_name_92147360422	Fildrigar	false
names_name_92147360431	Gemariel	false
names_name_92147360439	Herisan	false
names_name_92147360449	Eponandilas	false
names_name_92147360452	Korhian	false
names_name_92147360456	Loth	false
names_name_92147360466	Sullandiel	false
names_name_92147360473	Siaisullainn	false
names_name_92147360483	Larithiriel	false
names_name_92147360488	Sikariel	false
names_name_92147360496	Yrtle	false
names_name_92147360497	Malmir	false
names_name_92147360505	Yavathol	false
names_name_92147360861	Valnal	false
names_name_92147360865	Valahuir	false
names_name_92147360866	Valin	false
names_name_92147360872	Halin	false
names_name_92147360880	Curufor	false
names_name_92147360887	Valanduil	false
names_name_92147360895	Gloringwe	false
names_name_92147360898	Balthinal	false
names_name_9215489877	Murdredesa	false
names_name_9221419176	Ghyrohus	false
names_name_9229702971	Orinon	false
names_name_9240319108	Morgula	false
names_name_9251206543	Merel	false
names_name_9254105579	Olana	false
names_name_9260349986	Hultressa	false
names_name_927712983	Ceyl-Thakeya	false
names_name_928191196	Yullin-Wen	false
names_name_9288906143	Tressa	false
names_name_9297603475	Kiriela	false
names_name_9299240783	Kyriela	false
names_name_9303214758	Saam	false
names_name_9307882877	Sharkia	false
names_name_9321922030	Wendrina	false
names_name_9330937663	Yenlui-Enyur	false
names_name_9337880775	Hordahn	false
names_name_9342870749	Mellindirei	false
names_name_9347628724	Rovaran	false
names_name_9350709652	Velissan	false
names_name_9355424219	Elemire	false
names_name_9363168612	Ophillien	false
names_name_9372059833	Yornh	false
names_name_9374343023	Syd	false
names_name_9375052472	Laurum	false
names_name_9391961608	Olfren	false
names_name_939359749	Sadrina	false
names_name_9396435961	Gerzhin	false
names_name_940592359	Ichinya	false
names_name_9408331728	Thina	false
names_name_9409792556	Yelgren	false
names_name_9422011688	Segales	false
names_name_9423002791	Tomalak	false
names_name_9451739357	Lautaro	false
names_name_9462808050	Tefari	false
names_name_9468983423	Bel-Eiline	false
names_name_9469563707	Yandis	false
names_name_9470237979	Yorian	false
names_name_9480060307	Ruybiniss	false
names_name_9484120234	Molgo	false
names_name_9494061521	Galdorian	false
names_name_9496860590	Hydrans	false
names_name_9506407445	Feretulios	false
names_name_9516740147	Arwenil	false
names_name_95264397	Dorian	false
names_name_9534479850	Osydin	false
names_name_9534996114	Kyrian	false
names_name_9556088774	Jolandya	false
names_name_9569655551	Leech	false
names_name_9581191811	Rinmaud	false
names_name_958209983	Fernhavest	false
names_name_9587744652	Alarion	false
names_name_9597082929	Couladin	false
names_name_9609178536	Aloisa	false
names_name_9609415243	Daeves	false
names_name_9637606852	Scarissa	false
names_name_9657027400	Edelia	false
names_name_9667799830	Izual	false
names_name_9671922100	Driellen	false
names_name_9683956364	Lovok	false
names_name_9686261355	Arspeth	false
names_name_9688987316	Deshenshar	false
names_name_9697188827	Danar	false
names_name_9709930337	Zenoria	false
names_name_9719260432	Jinquella	false
names_name_9724873043	Ilnyshon	false
names_name_9727328651	Theron	false
names_name_9741491310	Borath	false
names_name_9749892976	Ghyrohus	false
names_name_9750221586	Keevan	false
names_name_9757978914	Zamdilla	false
names_name_9762917372	Killian	false
names_name_9769215322	Barsathar	false
names_name_9778743758	Vespa	false
names_name_9794649491	Kuzu	false
names_name_9802181658	Jayden	false
names_name_9808487450	Karorn	false
names_name_9829924005	Mantressa	false
names_name_9832962557	Khalin	false
names_name_9833034999	Siamak	false
names_name_9847757873	Malarnur	false
names_name_9851662598	Cyruss	false
names_name_9859676261	Deloria	false
names_name_9868178937	Tifeon	false
names_name_9868179889	Amrifor	false
names_name_9870085407	Altharloss	false
names_name_9906324863	Luaran	false
names_name_9916939383	Scitilla	false
names_name_9924291862	Yurichmur	false
names_name_9933037566	Galathon	false
names_name_9933807514	Pardek	false
names_name_9940016733	Seraph	false
names_name_9944360972	Uriel	false
names_name_9960124450	Elena	false
names_name_9978479741	Vigilo	false
names_name_99990999999993	Idrinth	false
names_name_99990999999994	Thalui	false
names_name_99990999999995	Knight-Scholar	false
names_name_99990999999996	Idrinth	false
names_name_99990999999997	Thalui	false
names_name_99990999999998	Knight-Scholar	false
names_name_99990999999999	Idrinth	false
names_name_99991000000000	Thalui	false
names_name_99991000000001	Knight-Scholar	false
names_name_99991000000002	Idrinth	false
names_name_99991000000003	Thalui	false
names_name_99991000000004	Knight-Scholar	false
names_name_99991000000005	Idrinth	false
names_name_99991000000006	Thalui	false
names_name_99991000000007	Knight-Scholar	false
names_name_99991000000008	Idrinth	false
names_name_99991000000009	Thalui	false
names_name_99991000000010	Knight-Scholar	false
names_name_99991000000011	Idrinth	false
names_name_99991000000012	Thalui	false
names_name_99991000000013	Knight-Scholar	false
names_name_99991000000014	Idrinth	false
names_name_99991000000015	Thalui	false
names_name_99991000000016	Knight-Scholar	false
names_name_99991000000017	Idrinth	false
names_name_99991000000018	Thalui	false
names_name_99991000000019	Knight-Scholar	false
pooled_resources_description_idrinth_khaine	Reputación con Khaine	false
pooled_resources_display_name_idrinth_khaine	Favor de Khaine	false
pooled_resources_negative_factors_display_name_idrinth_khaine	Perdido	false
pooled_resources_positive_factors_display_name_idrinth_khaine	Ganado	false
pooled_resources_description_idrinth_kurnous	Reputación con Kurnous	false
pooled_resources_display_name_idrinth_kurnous	Favor de Kurnous	false
pooled_resources_negative_factors_display_name_idrinth_kurnous	Perdido	false
pooled_resources_positive_factors_display_name_idrinth_kurnous	Ganado	false
pooled_resources_description_idrinth_asuryan	Reputación con Asuryan	false
pooled_resources_display_name_idrinth_asuryan	Favor de Asuryan	false
pooled_resources_negative_factors_display_name_idrinth_asuryan	Perdido	false
pooled_resources_positive_factors_display_name_idrinth_asuryan	Ganado	false
special_ability_groups_name_idrinth_lore_thalui	Saber de los Thalui	false
special_ability_groups_name_idrinth_lore_thalui_upgraded	Saber de los Thalui	false
special_ability_phases_onscreen_name_idrinth_hev_high_elf_vampires_anti_chaos	Enemigo de los Poderes Ruinosos	false
ui_text_replacements_localised_text_idrinth_chapel_settlement_panel_tooltip	Capilla Thaluiana	false
ui_text_replacements_localised_text_idrinth_chapel_button_tooltip	Mostrar capilla thaluiana local	false
ui_unit_groupings_onscreen_idrinth_hev_high_elf_vampires_idrinth	Vampiro Alto Elfo	false
ui_unit_groupings_onscreen_idrinth_hev_high_elf_vampires_chapel_shrine	Santuario	false
ui_unit_groupings_onscreen_idrinth_hev_high_elf_vampires_chapel_guard	Guardia de Capilla	false
ui_unit_groupings_onscreen_idrinth_hev_high_elf_vampires_chapel_priest	Sacerdote de Capilla	false
uied_component_texts_localised_string_Idrinth_StateText_fc1bd77b	Actualmente Activo	false
uied_component_texts_localised_string_Idrinth_StateText_5e2400a	Desactivar las notificaciones de Caminos de Idrinth para este personaje	false
uied_component_texts_localised_string_Idrinth_StateText_5fa40ba9	Devoción de Idrinth	false
uied_component_texts_localised_string_Idrinth_StateText_6926231c	Oraciones de Idrinth	false
uied_component_texts_localised_string_Idrinth_StateText_54a33572	MARCADOR 1	false
uied_component_texts_localised_string_Idrinth_StateText_520024dc	MARCADOR 4	false
uied_component_texts_localised_string_Idrinth_StateText_7df03839	MARCADOR 6	false
uied_component_texts_localised_string_Idrinth_StateText_2ed10066	MARCADOR 7	false
uied_component_texts_localised_string_Idrinth_StateText_ad00607	MARCADOR 8	false
uied_component_texts_localised_string_Idrinth_StateText_56956138	MARCADOR 9	false
uied_component_texts_localised_string_Idrinth_StateText_2d1802d	MARCADOR 10	false
uied_component_texts_localised_string_Idrinth_StateText_97e54363	MARCADOR 11	false
uied_component_texts_localised_string_Idrinth_StateText_2d67f411	MARCADOR 12	false
uied_component_texts_localised_string_Idrinth_StateText_d12dea81	MARCADOR 16	false
uied_component_texts_localised_string_Idrinth_StateText_24667457	MARCADOR 17	false
uied_component_texts_localised_string_Idrinth_StateText_7a688d04	MARCADOR 18	false
uied_component_texts_localised_string_Idrinth_StateText_3a099911	MARCADOR 19	false
uied_component_texts_localised_string_Idrinth_StateText_3710e3f2	MARCADOR 20	false
uied_component_texts_localised_string_Idrinth_StateText_49a7b394	MARCADOR 21	false
uied_component_texts_localised_string_Idrinth_StateText_39b3dcfe	MARCADOR 22	false
uied_component_texts_localised_string_Idrinth_StateText_b7030818	MARCADOR 23	false
uied_component_texts_localised_string_Idrinth_StateText_b68b4233	MARCADOR 24	false
uied_component_texts_localised_string_Idrinth_StateText_b3139611	MARCADOR 25	false
unit_abilities_onscreen_name_idrinth_lore_thalui_oath_of_withstanding	Juramento de Resistencia	false
unit_abilities_tooltip_text_idrinth_lore_thalui_oath_of_withstanding		false
unit_abilities_onscreen_name_idrinth_lore_thalui_oath_of_withstanding_upgraded	Gran Juramento de Resistencia	false
unit_abilities_tooltip_text_idrinth_lore_thalui_oath_of_withstanding_upgraded		false
unit_abilities_onscreen_name_idrinth_lore_thalui_shadow_finger	Dedo de Sombra	false
unit_abilities_tooltip_text_idrinth_lore_thalui_shadow_finger		false
unit_abilities_onscreen_name_idrinth_lore_thalui_shadow_finger_upgraded	Gran Dedo de Sombra	false
unit_abilities_tooltip_text_idrinth_lore_thalui_shadow_finger_upgraded		false
unit_abilities_onscreen_name_idrinth_lore_thalui_shadow_dance	Danza de Sombras	false
unit_abilities_tooltip_text_idrinth_lore_thalui_shadow_dance		false
unit_abilities_onscreen_name_idrinth_lore_thalui_shadow_dance_upgraded	Gran Danza de Sombras	false
unit_abilities_tooltip_text_idrinth_lore_thalui_shadow_dance_upgraded		false
unit_abilities_onscreen_name_idrinth_lore_thalui_eternal_servitude	Servidumbre Eterna	false
unit_abilities_tooltip_text_idrinth_lore_thalui_eternal_servitude		false
unit_abilities_onscreen_name_idrinth_lore_thalui_eternal_servitude_upgraded	Gran Servidumbre Eterna	false
unit_abilities_tooltip_text_idrinth_lore_thalui_eternal_servitude_upgraded		false
unit_abilities_onscreen_name_idrinth_lore_thalui_deadly_intend	Intención Mortal	false
unit_abilities_tooltip_text_idrinth_lore_thalui_deadly_intend		false
unit_abilities_onscreen_name_idrinth_lore_thalui_deadly_intend_upgraded	Gran Intención Mortal	false
unit_abilities_tooltip_text_idrinth_lore_thalui_deadly_intend_upgraded		false
unit_abilities_onscreen_name_idrinth_lore_thalui_oath_of_vengeance	Juramento de Venganza	false
unit_abilities_tooltip_text_idrinth_lore_thalui_oath_of_vengeance		false
unit_abilities_onscreen_name_idrinth_lore_thalui_oath_of_vengeance_upgraded	Gran Juramento de Venganza	false
unit_abilities_tooltip_text_idrinth_lore_thalui_oath_of_vengeance_upgraded		false
unit_abilities_onscreen_name_idrinth_hev_high_elf_vampires_anti_chaos	Enemigo de los Poderes Ruinosos	false
unit_abilities_tooltip_text_idrinth_hev_high_elf_vampires_anti_chaos	Entrenados específicamente contra los innumerables enemigos de los poderes ruinosos, estos guerreros son excepcionales luchando contra ellos.	false
unit_description_historical_texts_text_idrinth_hev_high_elf_vampires_idrinth	Espadas blandidas con elegancia élfica y poder vampírico, arcos disparados con precisión élfica y fuerza vampírica. Estas criaturas infunden miedo en la mayoría de los corazones.	false
unit_description_historical_texts_text_idrinth_hev_high_elf_vampires_chapel_asuryan	Estos exiliados, aventureros y mercenarios desesperados protegen un santuario de Asuryan.	false
unit_description_historical_texts_text_idrinth_hev_high_elf_vampires_chapel_kurnous	Estos exiliados, aventureros y mercenarios desesperados protegen un santuario de Kurnous.	false
unit_description_historical_texts_text_idrinth_hev_high_elf_vampires_chapel_khaine	Estos exiliados, aventureros y mercenarios desesperados protegen un santuario de Khaine.	false
unit_description_historical_texts_text_idrinth_hev_high_elf_vampires_chapel_mixed	Estos exiliados, aventureros y mercenarios desesperados protegen una capilla dedicada a sus dioses.	false
unit_description_historical_texts_text_idrinth_hev_high_elf_vampires_chapel_asuryan_leader	Estos antiguos exiliados, aventureros y mercenarios protegen un santuario de Asuryan.	false
unit_description_historical_texts_text_idrinth_hev_high_elf_vampires_chapel_kurnous_leader	Estos antiguos exiliados, aventureros y mercenarios protegen un santuario de Kurnous.	false
unit_description_historical_texts_text_idrinth_hev_high_elf_vampires_chapel_khaine_leader	Estos antiguos exiliados, aventureros y mercenarios protegen un santuario de Khaine.	false
unit_description_historical_texts_text_idrinth_hev_high_elf_vampires_chapel_shrine	Este santuario improvisado y animado dedicado a Asuryan, Kurnous y Khaine protege y ayuda a los defensores a mantenerse firmes.	false
unit_description_historical_texts_text_idrinth_hev_high_elf_vampires_chapel_stone_wolves	Estas bestias hechas de piedra combinan el arte élfico con devastadores encantamientos, convirtiéndolas en una de las mejores tropas de choque disponibles para las Capillas Thaluianas.	false
unit_description_historical_texts_text_idrinth_hev_high_elf_vampires_chapel_outriders	Estos orgullosos hombres y mujeres cabalgan para asegurar caminos y flancos, usando pociones para mejorar su supervivencia y oportunidades.	false
unit_description_historical_texts_text_idrinth_hev_high_elf_vampires_chapel_asuryan_leader_vampire	Estos antiguos exiliados, aventureros y mercenarios protegen un santuario de Asuryan a pesar de su vampirismo.	false
unit_description_historical_texts_text_idrinth_hev_high_elf_vampires_chapel_kurnous_leader_vampire	Estos antiguos exiliados, aventureros y mercenarios protegen un santuario de Kurnous a pesar de su vampirismo.	false
unit_description_historical_texts_text_idrinth_hev_high_elf_vampires_chapel_khaine_leader_vampire	Estos antiguos exiliados, aventureros y mercenarios protegen un santuario de Khaine a pesar de su vampirismo.	false
unit_description_historical_texts_text_idrinth_hev_high_elf_vampires_chapel_khaine_varghulf	Estos vampiros fallidos fueron anteriormente un sacerdote de Khaine.	false
unit_description_historical_texts_text_idrinth_hev_high_elf_vampires_chapel_kurnous_varghulf	Estos vampiros fallidos fueron anteriormente un sacerdote de Kurnous.	false
unit_description_historical_texts_text_idrinth_hev_high_elf_vampires_chapel_asuryan_varghulf	Estos vampiros fallidos fueron anteriormente un sacerdote de Asuryan.	false
unit_description_short_texts_text_idrinth_hev_high_elf_vampires_idrinth	Espadas blandidas con elegancia élfica y poder vampírico, arcos disparados con precisión élfica y fuerza vampírica. Estas criaturas infunden miedo en la mayoría de los corazones.	false
unit_description_short_texts_text_idrinth_hev_high_elf_vampires_chapel_asuryan	Estos exiliados, aventureros y mercenarios desesperados protegen un santuario de Asuryan.	false
unit_description_short_texts_text_idrinth_hev_high_elf_vampires_chapel_kurnous	Estos exiliados, aventureros y mercenarios desesperados protegen un santuario de Kurnous.	false
unit_description_short_texts_text_idrinth_hev_high_elf_vampires_chapel_khaine	Estos exiliados, aventureros y mercenarios desesperados protegen un santuario de Khaine.	false
unit_description_short_texts_text_idrinth_hev_high_elf_vampires_chapel_mixed	Estos exiliados, aventureros y mercenarios desesperados protegen una capilla dedicada a sus dioses.	false
unit_description_short_texts_text_idrinth_hev_high_elf_vampires_chapel_asuryan_leader	Estos antiguos exiliados, aventureros y mercenarios protegen un santuario de Asuryan.	false
unit_description_short_texts_text_idrinth_hev_high_elf_vampires_chapel_kurnous_leader	Estos antiguos exiliados, aventureros y mercenarios protegen un santuario de Kurnous.	false
unit_description_short_texts_text_idrinth_hev_high_elf_vampires_chapel_khaine_leader	Estos antiguos exiliados, aventureros y mercenarios protegen un santuario de Khaine.	false
unit_description_short_texts_text_idrinth_hev_high_elf_vampires_chapel_shrine	Este santuario improvisado y animado dedicado a Asuryan, Kurnous y Khaine protege y ayuda a los defensores a mantenerse firmes.	false
unit_description_short_texts_text_idrinth_hev_high_elf_vampires_chapel_stone_wolves	Estas bestias hechas de piedra combinan el arte élfico con devastadores encantamientos, convirtiéndolas en una de las mejores tropas de choque disponibles para las Capillas Thaluianas.	false
unit_description_short_texts_text_idrinth_hev_high_elf_vampires_chapel_outriders	Estos orgullosos hombres y mujeres cabalgan para asegurar caminos y flancos, usando pociones para mejorar su supervivencia y oportunidades.	false
unit_description_short_texts_text_idrinth_hev_high_elf_vampires_chapel_asuryan_leader_vampire	Estos antiguos exiliados, aventureros y mercenarios protegen un santuario de Asuryan a pesar de su vampirismo.	false
unit_description_short_texts_text_idrinth_hev_high_elf_vampires_chapel_kurnous_leader_vampire	Estos antiguos exiliados, aventureros y mercenarios protegen un santuario de Kurnous a pesar de su vampirismo.	false
unit_description_short_texts_text_idrinth_hev_high_elf_vampires_chapel_khaine_leader_vampire	Estos antiguos exiliados, aventureros y mercenarios protegen un santuario de Khaine a pesar de su vampirismo.	false
unit_description_short_texts_text_idrinth_hev_high_elf_vampires_chapel_khaine_varghulf	Estos vampiros fallidos fueron anteriormente un sacerdote de Khaine.	false
unit_description_short_texts_text_idrinth_hev_high_elf_vampires_chapel_kurnous_varghulf	Estos vampiros fallidos fueron anteriormente un sacerdote de Kurnous.	false
unit_description_short_texts_text_idrinth_hev_high_elf_vampires_chapel_asuryan_varghulf	Estos vampiros fallidos fueron anteriormente un sacerdote de Asuryan.	false
upgrade_tooltips_idrinth_unit_asuryan	Mejora la Guardia Élfica Mixta a Guardia de Asuryan por 300 de Oro.	false
upgrade_tooltips_idrinth_priest_asuryan	Intenta convertir a este sacerdote en vampiro por 1000 de Oro y 250 de Favor. Esto puede fallar y en el peor de los casos simplemente matarlo.	false
upgrade_tooltips_idrinth_unit_khaine	Mejora la Guardia Élfica Mixta a Guardia de Khaine por 300 de Oro.	false
upgrade_tooltips_idrinth_priest_khaine	Intenta convertir a este sacerdote en vampiro por 1000 de Oro y 250 de Favor. Esto puede fallar y en el peor de los casos simplemente matarlo.	false
upgrade_tooltips_idrinth_unit_kurnous	Mejora la Guardia Élfica Mixta a Guardia de Kurnous por 300 de Oro.	false
upgrade_tooltips_idrinth_priest_kurnous	Intenta convertir a este sacerdote en vampiro por 1000 de Oro y 250 de Favor. Esto puede fallar y en el peor de los casos simplemente matarlo.	false
upgrade_tooltips_idrinth_animal_kurnous_eagle	Bendice al gran águila en nombre de Kurnous por 125 de oro y 70 de favor.	false
upgrade_tooltips_idrinth_animal_khaine_eagle	Bendice al gran águila en nombre de Khaine por 125 de oro y 70 de favor.	false
upgrade_tooltips_idrinth_animal_asuryan_eagle	Bendice al gran águila en nombre de Asuryan por 125 de oro y 70 de favor.	false
upgrade_tooltips_idrinth_animal_kurnous_hawks	Bendice a los halcones en nombre de Kurnous por 100 de oro y 40 de favor.	false
upgrade_tooltips_idrinth_animal_khaine_hawks	Bendice a los halcones en nombre de Khaine por 100 de oro y 40 de favor.	false
upgrade_tooltips_idrinth_animal_asuryan_hawks	Bendice a los halcones en nombre de Asuryan por 100 de oro y 40 de favor.	false
upgrade_tooltips_idrinth_animal_kurnous_bats	Bendice a los murciélagos en nombre de Kurnous por 50 de oro y 20 de favor.	false
upgrade_tooltips_idrinth_animal_khaine_bats	Bendice a los murciélagos en nombre de Khaine por 50 de oro y 20 de favor.	false
upgrade_tooltips_idrinth_animal_asuryan_bats	Bendice a los murciélagos en nombre de Asuryan por 50 de oro y 20 de favor.	false
upgrade_tooltips_idrinth_animal_kurnous_wolves	Bendice a los lobos en nombre de Kurnous por 75 de oro y 30 de favor.	false
upgrade_tooltips_idrinth_animal_khaine_wolves	Bendice a los lobos en nombre de Khaine por 75 de oro y 30 de favor.	false
upgrade_tooltips_idrinth_animal_asuryan_wolves	Bendice a los lobos en nombre de Asuryan por 75 de oro y 30 de favor.	false
upgrade_tooltips_idrinth_size_outriders	Aumenta el número de Exploradores de la Capilla en 5 por 250 de oro. Los rangos se conservan.	false
upgrade_tooltips_idrinth_size_kurnous	Aumenta el número de la Guardia de Kurnous en 15 por 300 de oro. Los rangos y el estatus de veterano se conservan.	false
upgrade_tooltips_idrinth_size_khaine	Aumenta el número de la Guardia de Khaine en 15 por 300 de oro. Los rangos y el estatus de veterano se conservan.	false
upgrade_tooltips_idrinth_size_asuryan	Aumenta el número de la Guardia de Asuryan en 15 por 300 de oro. Los rangos y el estatus de veterano se conservan.	false
mct_patch_notes_idrinth_129_notes	- corrección de costos del tesoro para mejoras que daban dinero en lugar de costar	false
mct_patch_notes_idrinth_129_version	v1.6.4	false
mct_patch_notes_idrinth_128_notes	- código reescrito para mayor estabilidad\\n- más opciones en la herramienta de configuración del mod\\n- muchas correcciones pequeñas	false
mct_patch_notes_idrinth_128_version	v1.6.3	false
mct_patch_notes_idrinth_127_notes	- mejoras de rendimiento para llamadas de funciones retrasadas	false
mct_patch_notes_idrinth_127_version	v1.6.2	false
mct_patch_notes_idrinth_126_notes	- corrección de nowAndThen disparándose demasiado frecuentemente causando bloqueos	false
mct_patch_notes_idrinth_126_version	v1.6.1	false
mct_patch_notes_idrinth_125_notes	- mejoras de tamaño de unidad\\n- rediseño de mejoras de bestias	false
mct_patch_notes_idrinth_125_version	v1.6.0	false
mct_patch_notes_idrinth_124_notes	- prevención del spam de eventos de eliminación de rasgos	false
mct_patch_notes_idrinth_124_version	v1.5.2	false
mct_patch_notes_idrinth_123_notes	- corrección de anti golpe relámpago	false
mct_patch_notes_idrinth_123_version	v1.5.1	false
mct_patch_notes_idrinth_122_notes	- mejoras de unidades para unidades élficas disponibles	false
mct_patch_notes_idrinth_122_version	v1.5.0	false
mct_patch_notes_idrinth_121_notes	- limpiezas de código	false
mct_patch_notes_idrinth_121_version	v1.4.6	false
mct_patch_notes_idrinth_120_notes	- corrección de pérdida de nombre al asignar un "cargo gubernamental" de Costa Vampírica	false
mct_patch_notes_idrinth_120_version	v1.4.5	false
mct_patch_notes_idrinth_119_notes	- correcciones de recursos de batalla\\n- optimizaciones de código	false
mct_patch_notes_idrinth_119_version	v1.4.4	false
mct_patch_notes_idrinth_118_notes	- corrección de un caso donde el panel de mejora de unidades no se mostraba después de hacer clic en el botón	false
mct_patch_notes_idrinth_118_version	v1.4.3	false
mct_patch_notes_idrinth_117_notes	- corrección de un caso donde el panel de mejora de unidades no se mostraba después de hacer clic en el botón	false
mct_patch_notes_idrinth_117_version	v1.4.2	false
mct_patch_notes_idrinth_116_notes	- añadidas pistas para el uso de unidades	false
mct_patch_notes_idrinth_116_version	v1.4.1	false
mct_patch_notes_idrinth_115_notes	- bendiciones de unidades para animales waaagh funcionan ahora\\n- reequilibrio de edificios de horda	false
mct_patch_notes_idrinth_115_version	v1.4.0	false
mct_patch_notes_idrinth_114_notes	- correcciones para conjuntos de unidades que no incluían todo lo requerido	false
mct_patch_notes_idrinth_114_version	v1.3.5	false
mct_patch_notes_idrinth_113_notes	- correcciones para conjuntos de unidades que no incluían todo lo requerido	false
mct_patch_notes_idrinth_113_version	v1.3.4	false
mct_patch_notes_idrinth_112_notes	- correcciones para conjuntos de unidades que no incluían todo lo requerido	false
mct_patch_notes_idrinth_112_version	v1.3.3	false
mct_patch_notes_idrinth_111_notes	- corrección de detección de iniciativas de personaje	false
mct_patch_notes_idrinth_111_version	v1.3.2	false
mct_patch_notes_idrinth_110_notes	- corrección de una causa de bloqueo	false
mct_patch_notes_idrinth_110_version	v1.3.1	false
mct_patch_notes_idrinth_109_notes	- reescritura mayor para rendimiento	false
mct_patch_notes_idrinth_109_version	v1.3.0	false
mct_patch_notes_idrinth_108_notes	- corrección del número de versión	false
mct_patch_notes_idrinth_108_version	v1.2.2	false
mct_patch_notes_idrinth_107_notes	- corrección del manejo de anti-rasgos	false
mct_patch_notes_idrinth_107_version	v1.2.1	false
mct_patch_notes_idrinth_106_notes	- icono en asentamiento cuando las capillas están disponibles\\n- muchas limpiezas de código\\n- mejoras del sistema de devoción con celos de dioses	false
mct_patch_notes_idrinth_106_version	v1.2.0	false
mct_patch_notes_idrinth_105_notes	- correcciones de recursos mal ubicados en la interfaz	false
mct_patch_notes_idrinth_105_version	v1.1.18	false
mct_patch_notes_idrinth_104_notes	- otra corrección de interfaz de asentamiento	false
mct_patch_notes_idrinth_104_version	v1.1.17	false
mct_patch_notes_idrinth_103_notes	- corrección del manejo de botones en vista de asentamiento	false
mct_patch_notes_idrinth_103_version	v1.1.16	false
mct_patch_notes_idrinth_102_notes	- corrección del almacenamiento/recuperación del estado de objetos para prevenir obtener múltiples conjuntos	false
mct_patch_notes_idrinth_102_version	v1.1.15	false
mct_patch_notes_idrinth_101_notes	- corrección del auto-equipamiento de objetos únicos	false
mct_patch_notes_idrinth_101_version	v1.1.14	false
mct_patch_notes_idrinth_100_notes	- títulos de señor y cargo mostrados correctamente durante el reclutamiento\\n- prevención de aparición dual (esperamos)	false
mct_patch_notes_idrinth_100_version	v1.1.13	false
mct_patch_notes_idrinth_99_notes	- corrección de dos casos de dilemas disparándose para la(s) facción(es) incorrecta(s)	false
mct_patch_notes_idrinth_99_version	v1.1.12	false
mct_patch_notes_idrinth_98_notes	- corrección de otro problema en la entrega de objetos	false
mct_patch_notes_idrinth_98_version	v1.1.11	false
mct_patch_notes_idrinth_97_notes	- correcciones de script de reclutamiento\\n- correcciones de interfaz\\n- correcciones de script de objetos	false
mct_patch_notes_idrinth_97_version	v1.1.10	false
mct_patch_notes_idrinth_96_notes	- corrección del código de entrega de objetos	false
mct_patch_notes_idrinth_96_version	v1.1.9	false
mct_patch_notes_idrinth_95_notes	- algunas tareas de limpieza	false
mct_patch_notes_idrinth_95_version	v1.1.8	false
mct_patch_notes_idrinth_94_notes	- corrección de ajustes en multijugador apareciendo para el jugador incorrecto	false
mct_patch_notes_idrinth_94_version	v1.1.7	false
mct_patch_notes_idrinth_93_notes	- corrección del número de versión	false
mct_patch_notes_idrinth_93_version	v1.1.6	false
mct_patch_notes_idrinth_92_notes	- prevención de facciones NPC obteniendo eventos de ubicación e historia	false
mct_patch_notes_idrinth_92_version	v1.1.5	false
mct_patch_notes_idrinth_91_notes	- correcciones en obtención de objetos	false
mct_patch_notes_idrinth_91_version	v1.1.4	false
mct_patch_notes_idrinth_90_notes	- correcciones de interfaz	false
mct_patch_notes_idrinth_90_version	v1.1.3	false
mct_patch_notes_idrinth_89_notes	- incremento del número de versión	false
mct_patch_notes_idrinth_89_version	v1.1.2	false
mct_patch_notes_idrinth_88_notes	- pequeñas correcciones de script	false
mct_patch_notes_idrinth_88_version	v1.1.1	false
mct_patch_notes_idrinth_87_notes	- refactorización\\n- devoción desbloqueada\\n- mejoras mayores al general\\n- añadida mecánica waaagh animal al general	false
mct_patch_notes_idrinth_87_version	v1.1.0	false
mct_patch_notes_idrinth_86_notes	- spam de misiones de desbloqueo probablemente corregido\\n- los exploradores ya no montan animales extraños\\n- pequeños ajustes de claridad de texto	false
mct_patch_notes_idrinth_86_version	v1.0.15	false
mct_patch_notes_idrinth_85_notes	- corrección de inmunidades a desgaste faltantes en la versión de señor	false
mct_patch_notes_idrinth_85_version	v1.0.14	false
mct_patch_notes_idrinth_84_notes	- corrección de recursos de favor no actualizándose en la interfaz durante el turno	false
mct_patch_notes_idrinth_84_version	v1.0.13	false
mct_patch_notes_idrinth_83_notes	- acampar ya no cuesta movimiento	false
mct_patch_notes_idrinth_83_version	v1.0.12	false
mct_patch_notes_idrinth_82_notes	- corrección del interruptor de evento de historia disparándose múltiples veces	false
mct_patch_notes_idrinth_82_version	v1.0.11	false
mct_patch_notes_idrinth_81_notes	- añadidas clasificaciones de tipo de unidad faltantes	false
mct_patch_notes_idrinth_81_version	v1.0.10	false
mct_patch_notes_idrinth_80_notes	- añadidos efectos positivos olvidados a rasgos de matador de elfos\\n- asegurar que los modelos usen máximo 5 variantes por archivo	false
mct_patch_notes_idrinth_80_version	v1.0.9	false
mct_patch_notes_idrinth_79_notes	- corrección del seguimiento de batalla\\n- corrección del daño de arma a distancia de sacerdotes e Idrinth	false
mct_patch_notes_idrinth_79_version	v1.0.8	false
mct_patch_notes_idrinth_78_notes	- corrección del error de generación de recursos\\n- añadida habilidad olvidada a la línea de habilidades del general	false
mct_patch_notes_idrinth_78_version	v1.0.7	false
mct_patch_notes_idrinth_77_notes	- corrección de localización para rasgos de matador de elfos	false
mct_patch_notes_idrinth_77_version	v1.0.6	false
mct_patch_notes_idrinth_76_notes	- correcciones de la cadena de edificios de capilla de taberna	false
mct_patch_notes_idrinth_76_version	v1.0.5	false
mct_patch_notes_idrinth_75_notes	- corrección del reclutamiento de unidades para Imrik, Morathi, Sartosa	false
mct_patch_notes_idrinth_75_version	v1.0.4	false
mct_patch_notes_idrinth_74_notes	- corrección del reclutamiento para Drycha	false
mct_patch_notes_idrinth_74_version	v1.0.3	false
mct_patch_notes_idrinth_73_notes	- corrección del alcance de crecimiento de horda	false
mct_patch_notes_idrinth_73_version	v1.0.2	false
mct_patch_notes_idrinth_72_notes	- corrección del límite de reclutamiento de 0 debido a alcance incorrecto	false
mct_patch_notes_idrinth_72_version	v1.0.1	false
mct_patch_notes_idrinth_71_notes	- opción de señor en modo horda\\n- tres edificios más de ranura extranjera\\n- reequilibrio mayor\\n- nueva unidad (exploradores)\\n- correcciones de alcances de habilidades	false
mct_patch_notes_idrinth_71_version	v1.0.0	false
mct_patch_notes_idrinth_70_notes	- corrección de títulos y descripciones de misiones faltantes para culturas expandidas	false
mct_patch_notes_idrinth_70_version	v0.19.3	false
mct_patch_notes_idrinth_69_notes	- prevención de spam de entrega de objetos	false
mct_patch_notes_idrinth_69_version	v0.19.2	false
mct_patch_notes_idrinth_68_notes	- corrección de comparación de nivel para verificaciones de objetos	false
mct_patch_notes_idrinth_68_version	v0.19.1	false
mct_patch_notes_idrinth_67_notes	- soporte para Herramienta de Configuración de Mod\\n- nuevos eventos basados en ubicación\\n- ligero reequilibrio\\n- reclutamiento mejor implementado mediante reclutamiento de Cultura expandida	false
mct_patch_notes_idrinth_67_version	v0.19.0	false
mct_patch_notes_idrinth_66_notes	- prevención de eventos disparándose mientras Idrinth está herido	false
mct_patch_notes_idrinth_66_version	v0.18.3	false
mct_patch_notes_idrinth_65_notes	- muchas limpiezas	false
mct_patch_notes_idrinth_65_version	v0.18.2	false
mct_patch_notes_idrinth_64_notes	- la reducción de pérdida de vigor ahora reduce en lugar de aumentar\\n- el tipo de Idrinth ya no es reclutable (aunque su categoría nunca fue desbloqueada)	false
mct_patch_notes_idrinth_64_version	v0.18.1	false
mct_patch_notes_idrinth_63_notes	- expansión de asentamientos de capilla\\n- expansión del roster de facción	false
mct_patch_notes_idrinth_63_version	v0.18.0	false
mct_patch_notes_idrinth_62_notes	- corrección de defensa contra grandes faltante en guardias\\n- ligero aumento del peso de unidades	false
mct_patch_notes_idrinth_62_version	v0.17.1	false
mct_patch_notes_idrinth_61_notes	- añadidas habilidades a distancia y facción de batalla personalizada más distintiva	false
mct_patch_notes_idrinth_61_version	v0.17.0	false
mct_patch_notes_idrinth_60_notes	- añadido estandarte e icono para la Capilla Thaluiana para batallas personalizadas	false
mct_patch_notes_idrinth_60_version	v0.16.0	false
mct_patch_notes_idrinth_59_notes	- nuevo nivel de templo (defensores héroe-sacerdote)\\n- opción de escalado de nivel para desbloqueos (nv 5, nv 6, nv 8, nv 11)\\n- algunas correcciones de templos\\n- correcciones de erratas para dilemas\\n- facción separada para escaramuzas	false
mct_patch_notes_idrinth_59_version	v0.15.0	false
mct_patch_notes_idrinth_58_notes	- reducción del costo base de 550 a 400	false
mct_patch_notes_idrinth_58_version	v0.14.4	false
mct_patch_notes_idrinth_57_notes	- corrección de costos de recursos de favor no aplicándose correctamente	false
mct_patch_notes_idrinth_57_version	v0.14.3	false
mct_patch_notes_idrinth_56_notes	- corrección de modificadores diplomáticos olvidados para capillas élficas	false
mct_patch_notes_idrinth_56_version	v0.14.2	false
mct_patch_notes_idrinth_55_notes	- erratas y correcciones para la cadena de capilla élfica	false
mct_patch_notes_idrinth_55_version	v0.14.1	false
mct_patch_notes_idrinth_54_notes	- añadidas capillas élficas fundadas por Idrinth, versión básica, más por venir.	false
mct_patch_notes_idrinth_54_version	v0.14.0	false
mct_patch_notes_idrinth_53_notes	- esperamos prevenir el disparo doble de misiones para jugadores más lentos.	false
mct_patch_notes_idrinth_53_version	v0.13.4	false
mct_patch_notes_idrinth_52_notes	- valores de auto-resolución ajustados.	false
mct_patch_notes_idrinth_52_version	v0.13.3	false
mct_patch_notes_idrinth_51_notes	- correcciones de ganancias de recursos y bendiciones de dioses aleatorias.	false
mct_patch_notes_idrinth_51_version	v0.13.2	false
mct_patch_notes_idrinth_50_notes	- algunas erratas corregidas, principalmente mayúsculas.	false
mct_patch_notes_idrinth_50_version	v0.13.1	false
mct_patch_notes_idrinth_49_notes	- añadidos textos de dilema de desbloqueo específicos de cultura para todas las culturas principales.	false
mct_patch_notes_idrinth_49_version	v0.13.0	false
mct_patch_notes_idrinth_48_notes	- corrección de pregunta de modo apareciendo múltiples veces por recargar.	false
mct_patch_notes_idrinth_48_version	v0.12.2	false
mct_patch_notes_idrinth_47_notes	- corrección de casos de imágenes de respaldo apareciendo.	false
mct_patch_notes_idrinth_47_version	v0.12.1	false
mct_patch_notes_idrinth_46_notes	- restaurada lógica para oraciones y devoción.	false
mct_patch_notes_idrinth_46_version	v0.12.0	false
mct_patch_notes_idrinth_45_notes	- limpiezas ligeras	false
mct_patch_notes_idrinth_45_version	v0.11.2	false
mct_patch_notes_idrinth_44_notes	- eliminado el archivo twui conflictivo por ahora.	false
mct_patch_notes_idrinth_44_version	v0.11.1	false
mct_patch_notes_idrinth_43_notes	- eliminada dependencia de sobrescribir la barra de recursos para favor divino.\\n- soporte teórico para facción de Nagash	false
mct_patch_notes_idrinth_43_version	v0.11.0	false
mct_patch_notes_idrinth_42_notes	- texturas de malla corregidas para ser más vampíricas y no mostrar una piel rosada bonita.	false
mct_patch_notes_idrinth_42_version	v0.10.6	false
mct_patch_notes_idrinth_41_notes	- imagen de carta de unidad ajustada	false
mct_patch_notes_idrinth_41_version	v0.10.5	false
mct_patch_notes_idrinth_40_notes	- prevención de re-disparo de misión de reclutamiento después de cargar.	false
mct_patch_notes_idrinth_40_version	v0.10.4	false
mct_patch_notes_idrinth_39_notes	- eliminada dependencia de sobrescribir scripts del núcleo.	false
mct_patch_notes_idrinth_39_version	v0.10.3	false
mct_patch_notes_idrinth_38_notes	- corrección de bonificaciones del conjunto de Khaine adjuntas a cosas incorrectas.	false
mct_patch_notes_idrinth_38_version	v0.10.2	false
mct_patch_notes_idrinth_37_notes	- corrección de una errata en los nombres de unidades.	false
mct_patch_notes_idrinth_37_version	v0.10.1	false
mct_patch_notes_idrinth_36_notes	- añadidas recompensas de dilema de altos elfos y condes vampiro.	false
mct_patch_notes_idrinth_36_version	v0.10.0	false
mct_patch_notes_idrinth_35_notes	- añadidas recompensas de dilema de elfos silvanos.	false
mct_patch_notes_idrinth_35_version	v0.9.0	false
mct_patch_notes_idrinth_34_notes	- añadidas recompensas de dilema de enanos.	false
mct_patch_notes_idrinth_34_version	v0.8.0	false
mct_patch_notes_idrinth_33_notes	- añadidas recompensas de dilema de Kislev.	false
mct_patch_notes_idrinth_33_version	v0.7.0	false
mct_patch_notes_idrinth_32_notes	- reducción del crecimiento de favor divino en niveles altos.	false
mct_patch_notes_idrinth_32_version	v0.6.5	false
mct_patch_notes_idrinth_31_notes	- corrección de bloqueo en asignación de accesorios al inicio de ronda.	false
mct_patch_notes_idrinth_31_version	v0.6.4	false
mct_patch_notes_idrinth_30_notes	- reducción de la reducción de corrupción del dilema.	false
mct_patch_notes_idrinth_30_version	v0.6.3	false
mct_patch_notes_idrinth_29_notes	- añadidos más efectos para el dilema del imperio	false
mct_patch_notes_idrinth_29_version	v0.6.2	false
mct_patch_notes_idrinth_28_notes	- corrección de asignaciones de favor divino para dilemas.	false
mct_patch_notes_idrinth_28_version	v0.6.1	false
mct_patch_notes_idrinth_27_notes	- añadidos textos de efectos a opciones de dilema\\n- reducida generación de favor de 5 a 1.	false
mct_patch_notes_idrinth_27_version	v0.6.0	false
mct_patch_notes_idrinth_26_notes	- corregidos algunos problemas de script relacionados con cargar valores y equipar accesorios.	false
mct_patch_notes_idrinth_26_version	v0.5.6	false
mct_patch_notes_idrinth_25_notes	- actualizado bono de carga para asalto para que realmente tenga efecto.	false
mct_patch_notes_idrinth_25_version	v0.5.5	false
mct_patch_notes_idrinth_24_notes	- corregidos múltiples UUIDs en los archivos twui	false
mct_patch_notes_idrinth_24_version	v0.5.4	false
mct_patch_notes_idrinth_23_notes	- corrección de recompensas de Khaine duplicadas para dilemas. Las recompensas aún pueden cambiar.	false
mct_patch_notes_idrinth_23_version	v0.5.3	false
mct_patch_notes_idrinth_22_notes	- otro conjunto de correcciones relacionadas con la interfaz	false
mct_patch_notes_idrinth_22_version	v0.5.2	false
mct_patch_notes_idrinth_21_notes	- correcciones de visualización de recursos	false
mct_patch_notes_idrinth_21_version	v0.5.1	false
mct_patch_notes_idrinth_20_notes	- recursos añadidos a la barra superior de wh3	false
mct_patch_notes_idrinth_20_version	v0.5.0	false
mct_patch_notes_idrinth_19_notes	- corrección de efectos de dilemas no mostrándose. Los efectos pueden cambiar.	false
mct_patch_notes_idrinth_19_version	v0.4.8	false
mct_patch_notes_idrinth_18_notes	- corrección de bloqueo después de cargar debido a datos en caché incorrectos.	false
mct_patch_notes_idrinth_18_version	v0.4.7	false
mct_patch_notes_idrinth_17_notes	- reactivación de re-habilitación de eventos para reducir bloqueos.	false
mct_patch_notes_idrinth_17_version	v0.4.6	false
mct_patch_notes_idrinth_16_notes	- eliminado código de depuración (registro de script)	false
mct_patch_notes_idrinth_16_version	v0.4.5	false
mct_patch_notes_idrinth_15_notes	- eliminada aparición automática del script, eso era solo para pruebas.	false
mct_patch_notes_idrinth_15_version	v0.4.4	false
mct_patch_notes_idrinth_14_notes	- habilidades de agente hechas un poco más útiles.	false
mct_patch_notes_idrinth_14_version	v0.4.3	false
mct_patch_notes_idrinth_13_notes	- otro caso de bloqueo corregido.	false
mct_patch_notes_idrinth_13_version	v0.4.2	false
mct_patch_notes_idrinth_12_notes	- bloqueos reducidos suprimiendo eventos más efectivamente.	false
mct_patch_notes_idrinth_12_version	v0.4.1	false
mct_patch_notes_idrinth_11_notes	- introducidos rasgos de matador de elfos para manejar masacres de elfos.	false
mct_patch_notes_idrinth_11_version	v0.4.0	false
mct_patch_notes_idrinth_10_notes	- correcciones de script y base de datos, para que objetos personalizados se equipen correctamente cuando estén disponibles.	false
mct_patch_notes_idrinth_10_version	v0.3.4	false
mct_patch_notes_idrinth_9_notes	- correcciones de script para disparo de dilemas.	false
mct_patch_notes_idrinth_9_version	v0.3.3	false
mct_patch_notes_idrinth_8_notes	- corregidos algunos bloqueos relacionados con supresión tardía de eventos.	false
mct_patch_notes_idrinth_8_version	v0.3.2	false
mct_patch_notes_idrinth_7_notes	- textos de lore mejorados.	false
mct_patch_notes_idrinth_7_version	v0.3.1	false
mct_patch_notes_idrinth_6_notes	- añadidos textos de lore y explicación a todos los objetos nuevos.	false
mct_patch_notes_idrinth_6_version	v0.3.0	false
mct_patch_notes_idrinth_5_notes	- ajustes al arco de disparo, para que realmente pueda escaramuzar	false
mct_patch_notes_idrinth_5_version	v0.2.3	false
mct_patch_notes_idrinth_4_notes	- iconos de favor divino colocados correctamente	false
mct_patch_notes_idrinth_4_version	v0.2.2	false
mct_patch_notes_idrinth_3_notes	- corregidos bloqueos al obtener accesorios	false
mct_patch_notes_idrinth_3_version	v0.2.1	false
mct_patch_notes_idrinth_2_notes	- mostrando favor divino ahora.	false
mct_patch_notes_idrinth_2_version	v0.2.0	false
mct_patch_notes_idrinth_1_notes	- versión inicial	false
mct_patch_notes_idrinth_1_version	v0.1.0	false
mct_patch_notes_idrinth_130_notes	- mejoras de MCT, incluyendo notas de parche	false
mct_patch_notes_idrinth_130_version	v1.6.5	false
mct_patch_notes_idrinth_131_notes	- add missing winds of magic to Idrinth's horde	false
mct_patch_notes_idrinth_131_version	v1.6.6	false
mct_patch_notes_idrinth_132_notes	- add better icons for veteran ranks	false
mct_patch_notes_idrinth_132_version	v1.7.0	false
