key	text	tooltip
#Loc;1;text/db/idrinth__.loc		
agent_culture_details_description_text_99999990	Vampirlere dönüştürülmüş Yüksek Elfler.	false
agent_culture_details_onscreen_name_99999990	Idrinth Thalui	false
agent_culture_details_description_text_99999991	Vampirlere dönüştürülmüş Yüksek Elfler.	false
agent_culture_details_onscreen_name_99999991	Idrinth Thalui	false
agent_subtypes_description_text_override_idrinth_hev_high_elf_vampires_idrinthchampion	Idrinth Thalui kendi iradesi dışında dönüştürüldü ve yeni kazandığı güçleri kaos hizmetkarlarını avlamak için kullanıyor.	false
agent_subtypes_description_text_override_idrinth_hev_high_elf_vampires_idrinthgeneral	Idrinth Thalui kendi iradesi dışında dönüştürüldü ve yeni kazandığı güçleri kaos hizmetkarlarını avlamak için kullanıyor.	false
ancillaries_colour_text_idrinth_anc_talisman_stone_of_dried_blood	Kan Elli Tanrı Khaine tarafından kutsanmış bir tılsım. Çok azı onun adına böyle bir aracı kullanacak kadar lütuf kazandı. Kurumuş kan kadim güçle titreşiyor, taşıyıcısına şiddet vaatleri fısıldıyor.	false
ancillaries_explanation_text_idrinth_anc_talisman_stone_of_dried_blood	Kanıtlanmış savaş deneyimi.	false
ancillaries_onscreen_name_idrinth_anc_talisman_stone_of_dried_blood	Kurumuş Kan Tılsımı	false
ancillaries_colour_text_idrinth_anc_talisman_talisman_of_souls	Önceki nesillerin bilgisini canlı tutmak için Asuryan tarafından kutsanmış bir tılsım. Sessizken, perdenin ötesinden bilgelik sunan kadim elf bilgelerinin fısıltılarını duyabilirsiniz.	false
ancillaries_explanation_text_idrinth_anc_talisman_talisman_of_souls	Kanıtlanmış savaş deneyimi.	false
ancillaries_onscreen_name_idrinth_anc_talisman_talisman_of_souls	Ruhlar Tılsımı	false
ancillaries_colour_text_idrinth_anc_talisman_forest_berry_wine	Kurnous tarafından kutsanmış bir çeşit tılsım, sahibine dünyanın en iyi böğürtlen şarabını veriyor. Bir yudum içen kişiyi vahşi doğaya bağlar, sanki ormanın kendisi her hareketi yönlendiriyormuş gibi duyuları keskinleştirir ve refleksleri hızlandırır.	false
ancillaries_explanation_text_idrinth_anc_talisman_forest_berry_wine	Kanıtlanmış savaş deneyimi.	false
ancillaries_onscreen_name_idrinth_anc_talisman_forest_berry_wine	Orman Böğürtlen Şarabı	false
ancillaries_colour_text_idrinth_anc_weapon_kurnous_blessed_hunting_bow	Kurnous tarafından kutsanmış, kullanıcısını dünyanın en önde gelen avcılarından biri yapan bir silah. Oklarıyla işaretlenenler, sadece bir okçu tarafından değil, doğanın kendisi tarafından avlanıyormuş gibi ilkel bir korku hisseder.	false
ancillaries_explanation_text_idrinth_anc_weapon_kurnous_blessed_hunting_bow	Kanıtlanmış savaş deneyimi.	false
ancillaries_onscreen_name_idrinth_anc_weapon_kurnous_blessed_hunting_bow	Kutsal Av Yayı	false
ancillaries_colour_text_idrinth_anc_armour_khaines_visage	Bu miğfer, terör, kan hırsı ve saf şiddet arzusunun bir karışımı olan bir yüz maskesi ortaya çıkarır. Bu görünüm taşıyıcısını dönüştürür, düşmanların uzaktan hissedebileceği ilkel bir öfke uyandırır.	false
ancillaries_explanation_text_idrinth_anc_armour_khaines_visage	Kanıtlanmış savaş deneyimi.	false
ancillaries_onscreen_name_idrinth_anc_armour_khaines_visage	Khaine'in Görünümü	false
ancillaries_colour_text_idrinth_anc_weapon_khaines_thirsting_sword	Efendisi kadar kan için susayan bir kılıç. Her vuruşla daha fazlasını ister, aldığı her canla güçlenir. Kılıcın ağzı taze kanla ıslandığında asla körelmez.	false
ancillaries_explanation_text_idrinth_anc_weapon_khaines_thirsting_sword	Kanıtlanmış savaş deneyimi.	false
ancillaries_onscreen_name_idrinth_anc_weapon_khaines_thirsting_sword	Khaine'in Susayan Kılıcı	false
ancillaries_colour_text_idrinth_anc_weapon_asuryans_perfection_sword	Kullanıcısının olmaya çabaladığı kadar mükemmel bir kılıç. Asuryan'ın ebedi alevinde dövülmüş bu yüksek elf tarzı kılıç, savaşa uyum getirir ve ustasının eşsiz hassasiyet ve dayanıklılıkla savaşmasını sağlar.	false
ancillaries_explanation_text_idrinth_anc_weapon_asuryans_perfection_sword	Kanıtlanmış savaş deneyimi.	false
ancillaries_onscreen_name_idrinth_anc_weapon_asuryans_perfection_sword	Asuryan'ın Mükemmellik Kılıcı	false
ancillaries_colour_text_idrinth_anc_armour_kurnous_forest_cloak	Kurnous tasarımı bir zırh, hafif ve neredeyse fark edilmez. Bu koyu yeşil pelerin derin ormanın özünü taşır, taşıyıcısını düşman gözlerinden gizlerken çevresine olan farkındalığını artırır.	false
ancillaries_explanation_text_idrinth_anc_armour_kurnous_forest_cloak	Kanıtlanmış savaş deneyimi.	false
ancillaries_onscreen_name_idrinth_anc_armour_kurnous_forest_cloak	Kurnous'un Orman Pelerini	false
ancillaries_colour_text_idrinth_anc_armour_asuryans_destiny	Bu zırh, taşıyıcısını elf ırkına hizmet ederken korur, ömrünü tüm beklentilerin ötesine uzatır. Her levhaya işlenmiş büyüler ölümsüzlüğün yozlaşmasını reddeder, taşıyıcının her iki dünyada da yürümesini sağlar.	false
ancillaries_explanation_text_idrinth_anc_armour_asuryans_destiny	Kanıtlanmış savaş deneyimi.	false
ancillaries_onscreen_name_idrinth_anc_armour_asuryans_destiny	Asuryan'ın Kader Zırhı	false
ancillary_sets_name_anc_set_exclusive_idrinth_khaine	Khaine'in Kutsaması	false
ancillary_sets_name_anc_set_exclusive_idrinth_kurnous	Kurnous'un Kutsaması	false
ancillary_sets_name_anc_set_exclusive_idrinth_asuryan	Asuryan'ın Kutsaması	false
ancillary_sets_description_anc_set_exclusive_idrinth_khaine	Khaine'in kutsal eşyaları seni çalışan bir ölüm ve yıkım kaynağına dönüştürür.	false
ancillary_sets_description_anc_set_exclusive_idrinth_kurnous	Kurnous'un kutsal eşyaları seni yaşayan en tehlikeli avcılardan biri yapar.	false
ancillary_sets_description_anc_set_exclusive_idrinth_asuryan	Asuryan'ın kutsal eşyaları çaresizlerin savunucusunu tanımlar,	false
building_chains_chain_tooltip_idrinth_hev_high_elf_vampires_chapel	Elf Topluluk Şapeli	false
building_chains_encyclopedia_description_idrinth_hev_high_elf_vampires_chapel	Küçük bir elf sürgünler, maceracılar ve serseriler topluluğu için bir Şapel.	false
building_chains_encyclopedia_name_idrinth_hev_high_elf_vampires_chapel	Elf Topluluk Şapeli	false
building_chains_encyclopedia_name_idrinth_hev_high_elf_vampires_beasts	Elf Veterinerliği	false
building_chains_encyclopedia_name_idrinth_hev_high_elf_vampires_diplomacy	Elf Sosyal Yardımı	false
building_chains_encyclopedia_name_idrinth_hev_high_elf_vampires_altar	Elf Zanaatkarları	false
building_chains_encyclopedia_name_idrinth_hev_high_elf_vampires_horde	Elf Kampı	false
building_chains_encyclopedia_name_idrinth_hev_high_elf_vampires_horde_healer_wagon	Elf Şifacıları	false
building_chains_encyclopedia_name_idrinth_hev_high_elf_vampires_horde_quartermaster	Elf Levazımcısı	false
building_chains_encyclopedia_name_idrinth_hev_high_elf_vampires_horde_trader	Elf Tüccarı	false
building_culture_variants_name_idrinth_hev_high_elf_vampires_artisan_quarters	Zanaatkar Mahallesi	false
building_culture_variants_name_idrinth_hev_high_elf_vampires_tavern	Elf Tavernası	false
building_culture_variants_name_idrinth_hev_high_elf_vampires_library	Elf Kütüphanesi	false
building_culture_variants_name_idrinth_hev_high_elf_vampires_chapel_0	Thalui Şapeli	false
building_culture_variants_name_idrinth_hev_high_elf_vampires_chapel_1_asuryan	Asuryan'ın Thalui Şapeli	false
building_culture_variants_name_idrinth_hev_high_elf_vampires_chapel_1_kurnous	Kurnous'un Thalui Şapeli	false
building_culture_variants_name_idrinth_hev_high_elf_vampires_chapel_1_khaine	Khaine'in Thalui Şapeli	false
building_culture_variants_name_idrinth_hev_high_elf_vampires_chapel_2_asuryan	Asuryan'ın Thalui Büyük Şapeli	false
building_culture_variants_name_idrinth_hev_high_elf_vampires_chapel_2_kurnous	Kurnous'un Thalui Büyük Şapeli	false
building_culture_variants_name_idrinth_hev_high_elf_vampires_chapel_2_khaine	Khaine'in Thalui Büyük Şapeli	false
building_culture_variants_name_idrinth_hev_high_elf_vampires_chapel_0_beasts	Veteriner Kulübesi	false
building_culture_variants_name_idrinth_hev_high_elf_vampires_chapel_1_beasts	Veteriner Evi	false
building_culture_variants_name_idrinth_hev_high_elf_vampires_chapel_2_beasts	Veteriner Malikanesi	false
building_culture_variants_name_idrinth_hev_high_elf_vampires_chapel_1_diplomacy	Küçük Sosyal Yardım	false
building_culture_variants_name_idrinth_hev_high_elf_vampires_chapel_2_diplomacy	Sosyal Yardım	false
building_culture_variants_name_idrinth_hev_high_elf_vampires_chapel_2_altar	Sunak Zanaatkarları	false
building_culture_variants_name_idrinth_hev_high_elf_vampires_horde_0	Küçük Thalui Kampı	false
building_culture_variants_name_idrinth_hev_high_elf_vampires_horde_healer_wagon_0	Şifacı Arabası	false
building_culture_variants_name_idrinth_hev_high_elf_vampires_horde_quartermaster_0	Levazımcı	false
building_culture_variants_name_idrinth_hev_high_elf_vampires_horde_trader_0	Tüccar	false
building_culture_variants_name_idrinth_hev_high_elf_vampires_horde_1	Thalui Kampı	false
building_culture_variants_name_idrinth_hev_high_elf_vampires_horde_healer_wagon_1	Usta Şifacı Arabası	false
building_culture_variants_name_idrinth_hev_high_elf_vampires_horde_quartermaster_1	Kamp Konseyi	false
building_culture_variants_name_idrinth_hev_high_elf_vampires_horde_trader_1	Tüccar	false
building_culture_variants_name_idrinth_hev_high_elf_vampires_horde_2	Büyük Thalui Kampı	false
building_culture_variants_name_idrinth_hev_high_elf_vampires_horde_healer_wagon_2	Şifacı Okulu Arabası	false
building_culture_variants_name_idrinth_hev_high_elf_vampires_horde_quartermaster_2	Yüksek Konsey	false
building_culture_variants_name_idrinth_hev_high_elf_vampires_horde_trader_2	Tüccar Meclisi	false
building_culture_variants_name_idrinth_hev_high_elf_vampires_artisan_quarters_1	Küçük Zanaatkar Mahallesi	false
building_culture_variants_name_idrinth_hev_high_elf_vampires_artisan_quarters_2	Zanaatkar Mahallesi	false
building_culture_variants_name_idrinth_hev_high_elf_vampires_tavern_0	Küçük Elf Tavernası	false
building_culture_variants_name_idrinth_hev_high_elf_vampires_tavern_1	Elf Tavernası	false
building_culture_variants_name_idrinth_hev_high_elf_vampires_tavern_2	Büyük Elf Tavernası	false
building_culture_variants_name_idrinth_hev_high_elf_vampires_library_2	Elf Kütüphanesi	false
building_culture_variants_name_idrinth_hev_high_elf_vampires_horde_4	Seyyar Thalui Köyü	false
building_culture_variants_name_idrinth_hev_high_elf_vampires_horde_healer_wagon_4	Şifacı Akademisi Arabaları	false
building_culture_variants_name_idrinth_hev_high_elf_vampires_horde_quartermaster_4	Köy Yönetimi	false
building_culture_variants_name_idrinth_hev_high_elf_vampires_horde_trader_4	Tüccar Loncası	false
building_sets_onscreen_description_idrinth_hev_high_elf_vampires_chapel	Tanrılarına adanmış bir şapel etrafında toplanan haydutlar, sürgünler ve maceracılardan oluşan bir elf topluluğu.	false
building_sets_onscreen_name_idrinth_hev_high_elf_vampires_chapel	Elf Topluluk Şapeli	false
building_sets_onscreen_name_idrinth_hev_high_elf_vampires_chapel_beast	Elf Veterinerliği	false
building_sets_onscreen_name_idrinth_hev_high_elf_vampires_chapel_diplomacy	Elf Sosyal Yardımı	false
building_sets_onscreen_name_idrinth_hev_high_elf_vampires_chapel_altar	Elf Zanaatkarları	false
building_sets_onscreen_description_idrinth_hev_high_elf_vampires_chapel_beast	Elf Veterinerliği	false
building_sets_onscreen_description_idrinth_hev_high_elf_vampires_chapel_diplomacy	Elf Sosyal Yardımı	false
building_sets_onscreen_description_idrinth_hev_high_elf_vampires_chapel_altar	Elf Zanaatkarları	false
building_sets_onscreen_description_idrinth_hev_high_elf_vampires_horde	Elf Kampı	false
building_sets_onscreen_description_idrinth_hev_high_elf_vampires_horde_healer_wagon	Elf Şifacıları	false
building_sets_onscreen_description_idrinth_hev_high_elf_vampires_horde_quartermaster	Elf Levazımcısı	false
building_sets_onscreen_description_idrinth_hev_high_elf_vampires_horde_trader	Elf Tüccarı	false
building_sets_onscreen_name_idrinth_hev_high_elf_vampires_horde	Elf Kampı	false
building_sets_onscreen_name_idrinth_hev_high_elf_vampires_horde_healer_wagon	Elf Şifacıları	false
building_sets_onscreen_name_idrinth_hev_high_elf_vampires_horde_quartermaster	Elf Levazımcısı	false
building_sets_onscreen_name_idrinth_hev_high_elf_vampires_horde_trader	Elf Tüccarı	false
building_sets_onscreen_name_idrinth_hev_high_elf_vampires_artisan_quarters	Elf Zanaatkar Mahallesi	false
building_sets_onscreen_name_idrinth_hev_high_elf_vampires_tavern	Elf Tavernası	false
building_sets_onscreen_name_idrinth_hev_high_elf_vampires_library	Elf Kütüphanesi	false
building_sets_onscreen_description_idrinth_hev_high_elf_vampires_artisan_quarters	Elf Zanaatkar Mahallesi	false
building_sets_onscreen_description_idrinth_hev_high_elf_vampires_tavern	Elf Tavernası	false
building_sets_onscreen_description_idrinth_hev_high_elf_vampires_library	Elf Kütüphanesi	false
building_short_description_texts_short_description_idrinth_hev_high_elf_vampires_chapel_0	Haydutlar, sürgünler ve maceracılardan oluşan bir elf topluluğu için bir şapel. Bu elfler, hayatlarını nasıl yaşayacaklarına dair bir örnek olarak Idrinth'in izinden giderler.	false
building_short_description_texts_short_description_idrinth_hev_high_elf_vampires_chapel_1_asuryan	Haydutlar, sürgünler ve maceracılardan oluşan bir elf topluluğu için bir şapel. Bu elfler, Asuryan'ın adına hayatlarını nasıl yaşayacaklarına dair bir örnek olarak Idrinth'in izinden giderler.	false
building_short_description_texts_short_description_idrinth_hev_high_elf_vampires_chapel_1_kurnous	Haydutlar, sürgünler ve maceracılardan oluşan bir elf topluluğu için bir şapel. Bu elfler, Kurnous'un adına hayatlarını nasıl yaşayacaklarına dair bir örnek olarak Idrinth'in izinden giderler.	false
building_short_description_texts_short_description_idrinth_hev_high_elf_vampires_chapel_1_khaine	Haydutlar, sürgünler ve maceracılardan oluşan bir elf topluluğu için bir şapel. Bu elfler, Khaine'in adına hayatlarını nasıl yaşayacaklarına dair bir örnek olarak Idrinth'in izinden giderler.	false
building_short_description_texts_short_description_idrinth_hev_high_elf_vampires_chapel_2_asuryan	Haydutlar, sürgünler ve maceracılardan oluşan bir elf topluluğu için büyük bir şapel. Bu elfler, Asuryan'ın adına hayatlarını nasıl yaşayacaklarına dair bir örnek olarak Idrinth'in izinden giderler.	false
building_short_description_texts_short_description_idrinth_hev_high_elf_vampires_chapel_2_kurnous	Haydutlar, sürgünler ve maceracılardan oluşan bir elf topluluğu için büyük bir şapel. Bu elfler, Kurnous'un adına hayatlarını nasıl yaşayacaklarına dair bir örnek olarak Idrinth'in izinden giderler.	false
building_short_description_texts_short_description_idrinth_hev_high_elf_vampires_chapel_2_khaine	Haydutlar, sürgünler ve maceracılardan oluşan bir elf topluluğu için büyük bir şapel. Bu elfler, Khaine'in adına hayatlarını nasıl yaşayacaklarına dair bir örnek olarak Idrinth'in izinden giderler.	false
building_short_description_texts_short_description_idrinth_hev_high_elf_vampires_chapel_0_beasts	Hem insan komşuların hem de vahşi doğanın hayvanlarına yardım eden veterinerlerin küçük bir kulübesi.	false
building_short_description_texts_short_description_idrinth_hev_high_elf_vampires_chapel_1_beasts	Hem insan komşuların hem de vahşi doğanın hayvanlarına yardım eden veterinerlerin bir evi.	false
building_short_description_texts_short_description_idrinth_hev_high_elf_vampires_chapel_2_beasts	Hem insan komşuların hem de vahşi doğanın hayvanlarına yardım eden veterinerlerin büyük bir kompleksi.	false
building_short_description_texts_short_description_idrinth_hev_high_elf_vampires_chapel_1_diplomacy	Tüm elf diyarlarıyla daha doğrudan iletişim sağlayan küçük bir elf sosyal yardım merkezi.	false
building_short_description_texts_short_description_idrinth_hev_high_elf_vampires_chapel_2_diplomacy	Tüm elf diyarlarıyla daha doğrudan iletişim sağlayan bir elf sosyal yardım merkezi.	false
building_short_description_texts_short_description_idrinth_hev_high_elf_vampires_chapel_2_altar	Şapeller için hem normal sunaklar hem de savaş sunakları üreten bir bina.	false
building_short_description_texts_short_description_idrinth_hev_high_elf_vampires_horde_0	Idrinth'in kendi varlığıyla bir arada tutulan Thalui Şapeli kuvvetleri ve müttefiklerinin küçük bir kampı.	false
building_short_description_texts_short_description_idrinth_hev_high_elf_vampires_horde_healer_wagon_0	Temel rahatsızlıklara karşı yardım edebilecek eğitimli bir şifacının yaşadığı tek bir araba.	false
building_short_description_texts_short_description_idrinth_hev_high_elf_vampires_horde_quartermaster_0	Silah ve zırh tedarikini ve maaş ödemelerini organize eden bir levazımcı.	false
building_short_description_texts_short_description_idrinth_hev_high_elf_vampires_horde_trader_0	Bir orduyu takip etmenin faydalarını gören sıradan bir mal tüccarının tek bir arabası.	false
building_short_description_texts_short_description_idrinth_hev_high_elf_vampires_horde_1	Kaos nefreti ve Idrinth'in kendi varlığıyla bir arada tutulan Thalui Şapeli kuvvetleri ve müttefiklerinin bir kampı.	false
building_short_description_texts_short_description_idrinth_hev_high_elf_vampires_horde_healer_wagon_1	Çoğu rahatsızlıkla başa çıkabilen bir usta şifacı ve çıraklarının araba grubu.	false
building_short_description_texts_short_description_idrinth_hev_high_elf_vampires_horde_quartermaster_1	Kampı hem sivil hem de askeri konularda organize etmeye yardımcı olan küçük bir kamp görevlileri konseyi.	false
building_short_description_texts_short_description_idrinth_hev_high_elf_vampires_horde_trader_1	Orduyu finanse etmeye yardım eden ve kendileri için de güzel bir kar eden tüccarların birden fazla arabası.	false
building_short_description_texts_short_description_idrinth_hev_high_elf_vampires_horde_2	Kaos nefreti, fırsatçılık ve Idrinth'in kendi varlığıyla bir arada tutulan Thalui Şapeli kuvvetleri ve müttefiklerinin büyük bir kampı.	false
building_short_description_texts_short_description_idrinth_hev_high_elf_vampires_horde_healer_wagon_2	Birlikte öğrenci yetiştiren ve ihtiyacı olanları iyileştiren birden fazla usta şifacıyı barındıran bir araba grubu.	false
building_short_description_texts_short_description_idrinth_hev_high_elf_vampires_horde_quartermaster_2	Kampı görevliler ve kararlar aracılığıyla yöneten, Idrinth liderliğindeki kamp görevlileri konseyi.	false
building_short_description_texts_short_description_idrinth_hev_high_elf_vampires_horde_trader_2	Kampı ana üs olarak kullanan, elf mallarını çeşitli insanlara ulaştıran ve finansal olarak fayda sağlayan organize bir tüccarlar loncası.	false
building_short_description_texts_short_description_idrinth_hev_high_elf_vampires_artisan_quarters_1	Şapelin ticaret ve gelir elde etmesini sağlayan elf el sanatları üreten küçük bir atölye.	false
building_short_description_texts_short_description_idrinth_hev_high_elf_vampires_artisan_quarters_2	Şapelin ticaret ve gelir elde etmesini sağlayan elf el sanatları ve büyülü eşyalar üreten büyük bir atölye.	false
building_short_description_texts_short_description_idrinth_hev_high_elf_vampires_tavern_0	Hem şapel kuvvetlerinin hem de müttefiklerin uzun günlerden dinlenmesini sağlayan küçük bir taverna.	false
building_short_description_texts_short_description_idrinth_hev_high_elf_vampires_tavern_1	Hem şapel kuvvetlerinin hem de müttefiklerin uzun günlerden dinlenmesini sağlayan bir taverna.	false
building_short_description_texts_short_description_idrinth_hev_high_elf_vampires_tavern_2	Hem şapel kuvvetlerinin hem de müttefiklerin uzun günlerden dinlenmesini sağlayan büyük bir taverna.	false
building_short_description_texts_short_description_idrinth_hev_high_elf_vampires_library_2	Elf bilgisini toplayan ve daha fazlasını araştıran bir kütüphane.	false
campaign_localised_strings_string_idrinth_godly_blessings_explanation	Idrinth'i hangi tanrıya adayacağınızı seçin, böylece onların ilgisini kazanın.	false
campaign_localised_strings_string_idrinth_godly_favour_explanation	Müttefikleriniz için lütuflar kazanmak üzere tanrılara dua edin.	false
campaign_payload_ui_details_description_dummy_spawn_idrinth_thalui	Yabancıyı işe al.	false
cdir_events_dilemma_choice_details_localised_choice_label_idrinth_unlock_choiceFIRST	Yardımı kabul et. (Kahraman)	false
cdir_events_dilemma_choice_details_localised_choice_label_idrinth_unlock_choiceTHIRD	Yardımı kabul et. (General)	false
cdir_events_dilemma_choice_details_localised_choice_label_idrinth_unlock_choiceSECOND	Yabancıyı kov.	false
cdir_events_dilemma_choice_details_localised_choice_label_idrinth_dilemma_high_elvesFIRST	Ulağı kov	false
cdir_events_dilemma_choice_details_localised_choice_label_idrinth_dilemma_wood_elvesFIRST	Buluşmalarını zorla	false
cdir_events_dilemma_choice_details_localised_choice_label_idrinth_dilemma_kislevFIRST	Idrinth'e teslim et	false
cdir_events_dilemma_choice_details_localised_choice_label_idrinth_dilemma_empireFIRST	Geçmiş savaşları Idrinth ile tartışmasına izin ver	false
cdir_events_dilemma_choice_details_localised_choice_label_idrinth_dilemma_vampire_countsFIRST	Hizmetkarı öldürmekle suçla	false
cdir_events_dilemma_choice_details_localised_choice_label_idrinth_dilemma_high_elvesSECOND	Idrinth'le yüzleş	false
cdir_events_dilemma_choice_details_localised_choice_label_idrinth_dilemma_wood_elvesSECOND	Korucu gidene kadar Idrinth'i sakla	false
cdir_events_dilemma_choice_details_localised_choice_label_idrinth_dilemma_kislevSECOND	İdam et	false
cdir_events_dilemma_choice_details_localised_choice_label_idrinth_dilemma_empireSECOND	Büyü hakkında Idrinth ile tartışmasına izin ver	false
cdir_events_dilemma_choice_details_localised_choice_label_idrinth_dilemma_vampire_countsSECOND	Parşömen hakkında sor	false
cdir_events_dilemma_choice_details_localised_choice_label_idrinth_dilemma_high_elvesTHIRD	Buluşmalarını sağla	false
cdir_events_dilemma_choice_details_localised_choice_label_idrinth_dilemma_wood_elvesTHIRD	Idrinth'le yüzleş	false
cdir_events_dilemma_choice_details_localised_choice_label_idrinth_dilemma_kislevTHIRD	Katılmasına izin ver	false
cdir_events_dilemma_choice_details_localised_choice_label_idrinth_dilemma_empireTHIRD	Idrinth hakkında sor	false
cdir_events_dilemma_choice_details_localised_choice_label_idrinth_dilemma_vampire_countsTHIRD	Katili başka yerde ara	false
cdir_events_dilemma_choice_details_localised_choice_label_idrinth_dilemma_dwarvesFIRST	O elf hakkında daha fazla bilgi almak için cücelere yaklaş	false
cdir_events_dilemma_choice_details_localised_choice_label_idrinth_dilemma_dwarvesSECOND	Vampir savaşları hakkında Idrinth'e yaklaş	false
cdir_events_dilemma_choice_details_localised_choice_label_idrinth_dilemma_dwarvesTHIRD	Idrinth'i cücelere tanıt	false
cdir_events_dilemma_choice_details_localised_choice_label_idrinth_dilemma_weaponFIRST	Asuryan.	false
cdir_events_dilemma_choice_details_localised_choice_label_idrinth_dilemma_weaponSECOND	Kurnous.	false
cdir_events_dilemma_choice_details_localised_choice_label_idrinth_dilemma_weaponTHIRD	Khaine.	false
cdir_events_dilemma_choice_details_localised_choice_label_idrinth_dilemma_armourFIRST	Asuryan.	false
cdir_events_dilemma_choice_details_localised_choice_label_idrinth_dilemma_armourSECOND	Kurnous.	false
cdir_events_dilemma_choice_details_localised_choice_label_idrinth_dilemma_armourTHIRD	Khaine.	false
cdir_events_dilemma_choice_details_localised_choice_label_idrinth_dilemma_talismanFIRST	Asuryan.	false
cdir_events_dilemma_choice_details_localised_choice_label_idrinth_dilemma_talismanSECOND	Kurnous.	false
cdir_events_dilemma_choice_details_localised_choice_label_idrinth_dilemma_talismanTHIRD	Khaine.	false
cdir_events_dilemma_choice_details_localised_choice_label_idrinth_mode_choiceFIRST	Daha Katı Lore Uyumluluğu.	false
cdir_events_dilemma_choice_details_localised_choice_label_idrinth_mode_choiceSECOND	Daha Gevşek Lore Uyumluluğu.	false
cdir_events_dilemma_choice_details_localised_choice_label_idrinth_dilemma_unlock_high_elvesFIRST	Asuryan bizlere merhamet etsin.	false
cdir_events_dilemma_choice_details_localised_choice_label_idrinth_dilemma_unlock_wood_elvesFIRST	Kurnous bizlere merhamet etsin.	false
cdir_events_dilemma_choice_details_localised_choice_label_idrinth_dilemma_unlock_kislevFIRST	Ursun bizi affetsin.	false
cdir_events_dilemma_choice_details_localised_choice_label_idrinth_dilemma_unlock_empireFIRST	Sigmar bizi affetsin.	false
cdir_events_dilemma_choice_details_localised_choice_label_idrinth_dilemma_unlock_vampire_countsFIRST	Tamam.	false
cdir_events_dilemma_choice_details_localised_choice_label_idrinth_levelMinimum_choiceFIRST	Erken Oyun	false
cdir_events_dilemma_choice_details_localised_choice_label_idrinth_levelMinimum_choiceSECOND	Geç Erken Oyun.	false
cdir_events_dilemma_choice_details_localised_choice_label_idrinth_levelMinimum_choiceTHIRD	Erken Orta Oyun	false
cdir_events_dilemma_choice_details_localised_choice_label_idrinth_levelMinimum_choiceFOURTH	Orta Oyun	false
cdir_events_dilemma_choice_details_localised_choice_label_idrinth_chapels_choiceFIRST	Evet, Şapeller.	false
cdir_events_dilemma_choice_details_localised_choice_label_idrinth_chapels_choiceSECOND	Hayır, sadece Kahraman.	false
cdir_events_dilemma_choice_details_localised_choice_label_idrinth_story_dilemma_drakenhofFIRST	Bilmek güzel.	false
cdir_events_dilemma_choice_details_localised_choice_label_idrinth_story_dilemma_temple_of_khaineFIRST	Bilmek güzel.	false
cdir_events_dilemma_choice_details_localised_choice_label_idrinth_story_dilemma_shrine_of_khaineFIRST	Bilmek güzel.	false
cdir_events_dilemma_choice_details_localised_choice_label_idrinth_story_dilemma_temple_of_asuryanFIRST	Bilmek güzel.	false
cdir_events_dilemma_choice_details_localised_choice_label_idrinth_story_dilemma_temple_of_kurnousFIRST	Bilmek güzel.	false
cdir_events_dilemma_choice_details_localised_choice_label_idrinth_story_dilemma_shrine_of_loecFIRST	Bilmek güzel.	false
cdir_events_dilemma_choice_details_localised_choice_label_idrinth_story_dilemma_hel_fennFIRST	Bilmek güzel.	false
cdir_events_dilemma_choice_details_localised_choice_label_idrinth_story_dilemma_black_pyramidFIRST	Bilmek güzel.	false
cdir_events_dilemma_choice_details_localised_choice_label_idrinth_story_dilemma_vauls_anvil_ulthuanFIRST	Bilmek güzel.	false
cdir_events_dilemma_choice_details_localised_choice_label_idrinth_story_dilemma_vauls_anvil_naggarothFIRST	Bilmek güzel.	false
cdir_events_dilemma_choice_details_localised_choice_label_idrinth_story_dilemma_vauls_anvil_lorenFIRST	Bilmek güzel.	false
cdir_events_dilemma_choice_details_localised_choice_label_idrinth_story_dilemma_tower_of_hoethFIRST	Bilmek güzel.	false
cdir_events_dilemma_choice_details_localised_choice_label_idrinth_story_dilemma_blood_keepFIRST	Bilmek güzel.	false
cdir_events_dilemma_choice_details_localised_choice_label_idrinth_story_dilemma_oak_of_agesFIRST	Bilmek güzel.	false
cdir_events_dilemma_choice_details_localised_choice_label_idrinth_story_dilemma_the_galleons_graveyardFIRST	Bilmek güzel.	false
cdir_events_dilemma_choice_details_localised_choice_label_idrinth_story_dilemma_sartosaFIRST	Bilmek güzel.	false
cdir_events_dilemma_choice_details_localised_choice_label_idrinth_story_dilemma_lahmiaFIRST	Bilmek güzel.	false
cdir_events_dilemma_choice_details_localised_choice_label_idrinth_story_dilemma_ghrondFIRST	Bilmek güzel.	false
cdir_events_dilemma_choice_details_localised_choice_label_idrinth_story_choiceFIRST	Evet, Hikaye Olayları.	false
cdir_events_dilemma_choice_details_localised_choice_label_idrinth_story_choiceSECOND	Hayır, sadece Kahraman.	false
cdir_events_dilemma_choice_details_localised_choice_label_idrinth_dilemma_unlock_dark_elvesFIRST	Khaine bizlere merhamet etsin.	false
cdir_events_dilemma_choice_details_localised_choice_label_idrinth_dilemma_unlock_nagashFIRST	Kayıp çocuk iyi hizmet etsin.	false
cdir_events_dilemma_choice_details_localised_choice_label_idrinth_dilemma_unlock_cathayFIRST	Dengeyi korusun.	false
cdir_events_dilemma_choice_details_localised_choice_label_idrinth_dilemma_unlock_bretonniaFIRST	Hanımefendi bizi affetsin.	false
cdir_events_dilemma_choice_details_localised_choice_label_idrinth_dilemma_unlock_vampire_coastFIRST	Yağma olsun.	false
character_skills_localised_name_idrinth_wh2_main_skill_all_hero_assist_army_training	Ordu Eğitimi	false
character_skills_localised_name_idrinth_wh2_main_skill_all_hero_hinder_agent_assassinate	Suikast	false
character_skills_localised_name_idrinth_wh2_main_skill_all_hero_hinder_army_assault_units	Birliklere Saldır	false
character_skills_localised_name_idrinth_wh2_main_skill_all_hero_reduce_action_cost	Uzman	false
character_skills_localised_name_idrinth_wh2_main_skill_hef_combat_valour_of_ages	Çağların Cesareti	false
character_skills_localised_name_idrinth_wh2_main_skill_hef_generic_speed_of_asuryan	Asuryan'ın Hızı	false
character_skills_localised_name_idrinth_wh2_main_skill_hef_generic_warding_of_hoeth	Hoeth'in Koruması	false
character_skills_localised_name_idrinth_wh2_main_skill_hef_generic_warding_of_loec	Loec'in Koruması	false
character_skills_localised_name_idrinth_wh3_dlc24_skill_all_all_self_colossal_strike	Devasa Darbe	false
character_skills_localised_name_idrinth_wh_main_skill_all_all_self_blade_master	Kılıç Ustası	false
character_skills_localised_name_idrinth_wh_main_skill_all_all_self_hard_to_hit	Zor Hedef	false
character_skills_localised_name_idrinth_wh_main_skill_all_dignitary_self_conviction	Kanaat	false
character_skills_localised_name_idrinth_wh_main_skill_all_dignitary_self_fervour	Şevk	false
character_skills_localised_name_idrinth_wh_main_skill_all_dignitary_self_inviolable_2	Dokunulmaz	false
character_skills_localised_name_idrinth_wh_main_skill_all_dignitary_self_tenacity_2	Azim	false
character_skills_localised_name_idrinth_wh_main_skill_all_magic_all_06_evasion	Kaçınma	false
character_skills_localised_name_idrinth_wh_main_skill_all_magic_all_07_earthing	Topraklama	false
character_skills_localised_name_idrinth_wh_main_skill_all_magic_all_08_power_drain	Güç Emilimi	false
character_skills_localised_name_idrinth_wh_main_skill_all_magic_all_11_arcane_conduit	Gizemli Kanal	false
character_skills_localised_name_idrinth_wh_main_skill_vmp_dignitary_self_immortal_will	Ölümsüz İrade	false
character_skills_localised_name_idrinth_wh_main_skill_vmp_magic_vampires_01_invocation_of_nehek	Nehek'in Çağrısı	false
character_skills_localised_name_idrinth_wh_main_skill_vmp_magic_vampires_02_vanhels_danse_macabre	Vanhel'in Ölüm Dansı	false
character_skills_localised_name_idrinth_wh_main_skill_vmp_magic_vampires_04_gaze_of_nagash	Nagash'ın Bakışı	false
character_skills_localised_name_idrinth_wh_main_skill_vmp_magic_vampires_09_curse_of_years	Yılların Laneti	false
character_skills_localised_name_idrinth_wh_main_skill_vmp_magic_vampires_10_wind_of_death	Ölüm Rüzgarı	false
character_skills_localised_description_idrinth_wh2_main_skill_all_hero_assist_army_training		false
character_skills_localised_description_idrinth_wh2_main_skill_all_hero_hinder_agent_assassinate		false
character_skills_localised_description_idrinth_wh2_main_skill_all_hero_hinder_army_assault_units		false
character_skills_localised_description_idrinth_wh2_main_skill_all_hero_reduce_action_cost		false
character_skills_localised_description_idrinth_wh2_main_skill_hef_combat_valour_of_ages		false
character_skills_localised_description_idrinth_wh2_main_skill_hef_generic_speed_of_asuryan		false
character_skills_localised_description_idrinth_wh2_main_skill_hef_generic_warding_of_hoeth		false
character_skills_localised_description_idrinth_wh2_main_skill_hef_generic_warding_of_loec		false
character_skills_localised_description_idrinth_wh3_dlc24_skill_all_all_self_colossal_strike		false
character_skills_localised_description_idrinth_wh_main_skill_all_all_self_blade_master		false
character_skills_localised_description_idrinth_wh_main_skill_all_all_self_hard_to_hit		false
character_skills_localised_description_idrinth_wh_main_skill_all_dignitary_self_conviction		false
character_skills_localised_description_idrinth_wh_main_skill_all_dignitary_self_fervour		false
character_skills_localised_description_idrinth_wh_main_skill_all_dignitary_self_inviolable_2		false
character_skills_localised_description_idrinth_wh_main_skill_all_dignitary_self_tenacity_2		false
character_skills_localised_description_idrinth_wh_main_skill_all_magic_all_06_evasion		false
character_skills_localised_description_idrinth_wh_main_skill_all_magic_all_07_earthing		false
character_skills_localised_description_idrinth_wh_main_skill_all_magic_all_08_power_drain		false
character_skills_localised_description_idrinth_wh_main_skill_all_magic_all_11_arcane_conduit		false
character_skills_localised_description_idrinth_wh_main_skill_vmp_dignitary_self_immortal_will		false
character_skills_localised_description_idrinth_wh_main_skill_vmp_magic_vampires_01_invocation_of_nehek		false
character_skills_localised_description_idrinth_wh_main_skill_vmp_magic_vampires_02_vanhels_danse_macabre		false
character_skills_localised_description_idrinth_wh_main_skill_vmp_magic_vampires_04_gaze_of_nagash		false
character_skills_localised_description_idrinth_wh_main_skill_vmp_magic_vampires_09_curse_of_years		false
character_skills_localised_description_idrinth_wh_main_skill_vmp_magic_vampires_10_wind_of_death		false
character_skills_localised_description_idrinth_wh_dlc05_skill_magic_shadow_enfeebling_foe	Bu büyü yapıldığında düşman zihinlerini güçsüzleştirir; gerçekliğin ezici ağırlığını üzerlerinde hissederler.	false
character_skills_localised_description_idrinth_wh_dlc05_skill_magic_shadow_mystifying_miasma	Büyücü, düşmanları uyuşturan ve aldatan kafa karıştırıcı bir sis örer, tökezleyip sendelemelerine neden olur.	false
character_skills_localised_description_idrinth_wh_dlc05_skill_magic_shadow_pit_of_shades	Büyücü Çukura açılan bir girdap açar. İçine düşen her şey sonsuza dek kaybolur.	false
character_skills_localised_description_idrinth_wh_dlc05_skill_magic_shadow_the_withering	Büyücü düşmanlarını içeriden yok eder, düşman zihinlerini şüphe ve krizle aşındırır.	false
character_skills_localised_description_idrinth_wh_main_skill_all_magic_death_01_spirit_leech		false
character_skills_localised_description_idrinth_wh_main_skill_all_magic_death_04_soulblight		false
character_skills_localised_description_idrinth_wh_main_skill_all_magic_death_05_doom_and_darkness		false
character_skills_localised_description_idrinth_wh_main_skill_all_magic_death_09_the_fate_of_bjuna		false
character_skills_localised_name_idrinth_wh_dlc05_skill_magic_shadow_enfeebling_foe	Güçsüzleştirici Düşman	false
character_skills_localised_name_idrinth_wh_dlc05_skill_magic_shadow_mystifying_miasma	Melkoth'un Şaşırtıcı Miazması	false
character_skills_localised_name_idrinth_wh_dlc05_skill_magic_shadow_pit_of_shades	Gölgeler Çukuru	false
character_skills_localised_name_idrinth_wh_dlc05_skill_magic_shadow_the_withering	Soldurma	false
character_skills_localised_name_idrinth_wh_main_skill_all_magic_death_01_spirit_leech	Ruh Sülüğü	false
character_skills_localised_name_idrinth_wh_main_skill_all_magic_death_04_soulblight	Ruh Hastalığı	false
character_skills_localised_name_idrinth_wh_main_skill_all_magic_death_05_doom_and_darkness	Kıyamet ve Karanlık	false
character_skills_localised_name_idrinth_wh_main_skill_all_magic_death_09_the_fate_of_bjuna	Bjuna'nın Kaderi	false
character_skills_localised_name_idrinth_skill_magic_weapon_master	Kılıç, Yay ve Büyü Ustası	false
character_skills_localised_description_idrinth_skill_magic_weapon_master	Büyülenebilen, atılabilen veya kesilebilen her şeyde, öğrenmeye karar verdiği her şeyi ustaca uygular.	false
character_skills_localised_description_idrinth_wh_dlc05_skill_wef_army_buff_ranged_ammunition	Ok olmadan korucu ne işe yarar? Düzinelerce ok olmadan en iyi nasıl olunabilir?	false
character_skills_localised_description_idrinth_wh_dlc05_skill_wef_army_buff_ranged_extra_reload	Bir korucu düşmana soluk aldırmamalıdır. Oklar, şimşek kadar ölümcül bir sel gibi yağmalıdır.	false
character_skills_localised_description_idrinth_wh_dlc05_skill_wef_army_buff_ranged_missile_damage	Her ok Kurnous'un gücüyle dolu olsun ve tüm düşmanlarına ölüm getirsin.	false
character_skills_localised_description_idrinth_wh_dlc05_skill_wef_general_personal_buff_ranged_ability_high_tier_killer_1	Ok daha uzağa uçtuğunda, daha erken öldürebilir, bu da Avda hayati önem taşır.	false
character_skills_localised_name_idrinth_wh_dlc05_skill_wef_army_buff_ranged_ammunition	Doğanın Sadağı	false
character_skills_localised_name_idrinth_wh_dlc05_skill_wef_army_buff_ranged_extra_reload	Diken Yağmuru	false
character_skills_localised_name_idrinth_wh_dlc05_skill_wef_army_buff_ranged_missile_damage	Orman Okları	false
character_skills_localised_name_idrinth_wh_dlc05_skill_wef_general_personal_buff_ranged_ability_high_tier_killer_1	Kurnous'un Oku	false
character_skills_localised_description_idrinth_loremaster_lore_of_death	Bu büyücü ölümü o kadar çok tanık olmuş ve neden olmuştur ki, onun rüzgarına bağlıdır.	false
character_skills_localised_name_idrinth_loremaster_lore_of_death	Bilge Usta: Ölüm	false
character_skills_localised_description_idrinth_loremaster_lore_of_shadows	Bu büyücü gölge oyunlarında ustadır.	false
character_skills_localised_name_idrinth_loremaster_lore_of_shadows	Bilge Usta: Gölge	false
character_skills_localised_description_idrinth_loremaster_lore_of_vampires	Bu büyücü nekromansiyi tamamen ustalaşmıştır.	false
character_skills_localised_name_idrinth_loremaster_lore_of_vampires	Bilge Usta: Vampir	false
character_skills_localised_name_idrinth_diplomat_high_elves	Çağlar Boyunca Akrabalık	false
character_skills_localised_name_idrinth_diplomat_wood_elves	Avcı Akrabalar	false
character_skills_localised_name_idrinth_diplomat_dark_elves	Lanetli Akrabalar	false
character_skills_localised_name_idrinth_diplomat_vampire_coast	Kan ve Tuz Akrabaları	false
character_skills_localised_name_idrinth_diplomat_vampire_counts	Kan Akrabaları	false
character_skills_localised_name_idrinth_diplomat_bretonnia	Onur ve Yeminler	false
character_skills_localised_name_idrinth_diplomat_norsca	Güç Haklıdır	false
character_skills_localised_name_idrinth_diplomat_kislev	Acı Soğuk	false
character_skills_localised_name_idrinth_diplomat_cathay	Denge Planları	false
character_skills_localised_name_idrinth_diplomat_empire	İnsanlığın Geleceği İçin	false
character_skills_localised_name_idrinth_diplomat_lizardmen	Pullu Planlar	false
character_skills_localised_name_idrinth_diplomat_dwarves	Eski Yeminler	false
character_skills_localised_name_idrinth_ranger_knowledge	Korucu Bilgisi	false
character_skills_localised_name_idrinth_blade_dancing	Kılıç Dansı	false
character_skills_localised_name_idrinth_unusual_training	Olağandışı Eğitim	false
character_skills_localised_name_idrinth_running_wild	Vahşi Koşu	false
character_skills_localised_name_idrinth_veterans	Elf Kıdemlileri	false
character_skills_localised_name_idrinth_strong_as_stone	Taş Gibi Güçlü	false
character_skills_localised_name_idrinth_beasts_of_nature	Doğanın Canavarları	false
character_skills_localised_description_idrinth_ranger_knowledge		false
character_skills_localised_description_idrinth_blade_dancing		false
character_skills_localised_description_idrinth_unusual_training		false
character_skills_localised_description_idrinth_running_wild		false
character_skills_localised_description_idrinth_veterans		false
character_skills_localised_description_idrinth_strong_as_stone		false
character_skills_localised_description_idrinth_beasts_of_nature		false
character_skills_localised_name_idrinth_lord_of_free_blades	Özgür Kılıçların Lordu	false
character_skills_localised_description_idrinth_lord_of_free_blades		false
character_skills_localised_name_idrinth_hidden_paths	Gizli Yollar	false
character_skills_localised_description_idrinth_hidden_paths		false
character_skills_localised_name_idrinth_elven_healing	Elf Şifacılığı	false
character_skills_localised_description_idrinth_elven_healing		false
character_skills_localised_name_idrinth_knowledge_sharing	Bilgi Paylaşımı	false
character_skills_localised_description_idrinth_knowledge_sharing		false
character_trait_levels_colour_text_idrinth_elf_slayer_khaine_known	Khaine ve diğer elfler tarafından bilinen bir elf katilisin.	false
character_trait_levels_explanation_text_idrinth_elf_slayer_khaine_known	Birçok elf ordusuna karşı savaştın.	false
character_trait_levels_onscreen_name_idrinth_elf_slayer_khaine_known	Khaine-Lanetli Elf Katili	false
character_trait_levels_removal_text_idrinth_elf_slayer_khaine_known		false
character_trait_levels_colour_text_idrinth_elf_slayer_khaine_despised	Khaine ve diğer elfler tarafından bilinen bir elf katilisin.	false
character_trait_levels_explanation_text_idrinth_elf_slayer_khaine_despised	Birçok elf ordusuna karşı savaştın.	false
character_trait_levels_onscreen_name_idrinth_elf_slayer_khaine_despised	Hor Görülen Khaine-Lanetli Elf Katili	false
character_trait_levels_removal_text_idrinth_elf_slayer_khaine_despised		false
character_trait_levels_colour_text_idrinth_elf_slayer_khaine_hated	Khaine ve diğer elfler tarafından bilinen bir elf katilisin.	false
character_trait_levels_explanation_text_idrinth_elf_slayer_khaine_hated	Birçok elf ordusuna karşı savaştın.	false
character_trait_levels_onscreen_name_idrinth_elf_slayer_khaine_hated	Nefret Edilen Khaine-Lanetli Elf Katili	false
character_trait_levels_removal_text_idrinth_elf_slayer_khaine_hated		false
character_trait_levels_colour_text_idrinth_elf_slayer_kurnous_known	Kurnous ve diğer elfler tarafından bilinen bir elf katilisin.	false
character_trait_levels_explanation_text_idrinth_elf_slayer_kurnous_known	Birçok elf ordusuna karşı savaştın.	false
character_trait_levels_onscreen_name_idrinth_elf_slayer_kurnous_known	Kurnous-Lanetli Elf Katili	false
character_trait_levels_removal_text_idrinth_elf_slayer_kurnous_known		false
character_trait_levels_colour_text_idrinth_elf_slayer_kurnous_despised	Kurnous ve diğer elfler tarafından bilinen bir elf katilisin.	false
character_trait_levels_explanation_text_idrinth_elf_slayer_kurnous_despised	Birçok elf ordusuna karşı savaştın.	false
character_trait_levels_onscreen_name_idrinth_elf_slayer_kurnous_despised	Hor Görülen Kurnous-Lanetli Elf Katili	false
character_trait_levels_removal_text_idrinth_elf_slayer_kurnous_despised		false
character_trait_levels_colour_text_idrinth_elf_slayer_kurnous_hated	Kurnous ve diğer elfler tarafından bilinen bir elf katilisin.	false
character_trait_levels_explanation_text_idrinth_elf_slayer_kurnous_hated	Birçok elf ordusuna karşı savaştın.	false
character_trait_levels_onscreen_name_idrinth_elf_slayer_kurnous_hated	Nefret Edilen Kurnous-Lanetli Elf Katili	false
character_trait_levels_removal_text_idrinth_elf_slayer_kurnous_hated		false
character_trait_levels_colour_text_idrinth_elf_slayer_asuryan_known	Asuryan ve diğer elfler tarafından bilinen bir elf katilisin.	false
character_trait_levels_explanation_text_idrinth_elf_slayer_asuryan_known	Birçok elf ordusuna karşı savaştın.	false
character_trait_levels_onscreen_name_idrinth_elf_slayer_asuryan_known	Asuryan-Lanetli Elf Katili	false
character_trait_levels_removal_text_idrinth_elf_slayer_asuryan_known		false
character_trait_levels_colour_text_idrinth_elf_slayer_asuryan_despised	Asuryan ve diğer elfler tarafından bilinen bir elf katilisin.	false
character_trait_levels_explanation_text_idrinth_elf_slayer_asuryan_despised	Birçok elf ordusuna karşı savaştın.	false
character_trait_levels_onscreen_name_idrinth_elf_slayer_asuryan_despised	Hor Görülen Asuryan-Lanetli Elf Katili	false
character_trait_levels_removal_text_idrinth_elf_slayer_asuryan_despised		false
character_trait_levels_colour_text_idrinth_elf_slayer_asuryan_hated	Asuryan ve diğer elfler tarafından bilinen bir elf katilisin.	false
character_trait_levels_explanation_text_idrinth_elf_slayer_asuryan_hated	Birçok elf ordusuna karşı savaştın.	false
character_trait_levels_onscreen_name_idrinth_elf_slayer_asuryan_hated	Nefret Edilen Asuryan-Lanetli Elf Katili	false
character_trait_levels_removal_text_idrinth_elf_slayer_asuryan_hated		false
character_trait_levels_onscreen_name_idrinth_killer	İntikam Benimdir	false
character_trait_levels_removal_text_idrinth_killer		false
character_trait_levels_explanation_text_idrinth_killer	Idrinth Thalui'yi yendin.	false
character_trait_levels_colour_text_idrinth_killer	Bu efsanevi lordu yenmek sana savaş hakkında ek anlayış kazandırdı.	false
character_trait_levels_onscreen_name_idrinth_devotion_asuryan_positive_1	Asuryan Adananı	false
character_trait_levels_onscreen_name_idrinth_devotion_asuryan_positive_2	Asuryan Rahibi	false
character_trait_levels_onscreen_name_idrinth_devotion_asuryan_positive_3	Asuryan Fanatiği	false
character_trait_levels_onscreen_name_idrinth_devotion_asuryan_negative_1	Asuryan Şüphecisi	false
character_trait_levels_onscreen_name_idrinth_devotion_asuryan_negative_2	Asuryan Renegadı	false
character_trait_levels_onscreen_name_idrinth_devotion_khaine_positive_1	Khaine Adananı	false
character_trait_levels_onscreen_name_idrinth_devotion_khaine_positive_2	Khaine Rahibi	false
character_trait_levels_onscreen_name_idrinth_devotion_khaine_positive_3	Khaine Fanatiği	false
character_trait_levels_onscreen_name_idrinth_devotion_khaine_negative_1	Khaine Şüphecisi	false
character_trait_levels_onscreen_name_idrinth_devotion_khaine_negative_2	Khaine Renegadı	false
character_trait_levels_onscreen_name_idrinth_devotion_kurnous_positive_1	Kurnous Adananı	false
character_trait_levels_onscreen_name_idrinth_devotion_kurnous_positive_2	Kurnous Rahibi	false
character_trait_levels_onscreen_name_idrinth_devotion_kurnous_positive_3	Kurnous Fanatiği	false
character_trait_levels_onscreen_name_idrinth_devotion_kurnous_negative_1	Kurnous Şüphecisi	false
character_trait_levels_onscreen_name_idrinth_devotion_kurnous_negative_2	Kurnous Renegadı	false
character_trait_levels_onscreen_name_idrinth_thalui_name_active	Thalui	false
cultures_frontend_description_idrinth_hev_high_elf_vampires	Thalui Şapeli ağı, kritik yerleşimleri savunan ve kaos güçlerini daha büyük bir tehdit oluşturmadan durduran nadir ama güçlü şapel binaları ile ülkelere yayılmaktadır.	false
cultures_name_idrinth_hev_high_elf_vampires	Thalui Şapeli	false
cultures_subcultures_battle_playstyle_description_idrinth_hev_high_elf_vampires	Thalui Şapelleri, paralı askerler, maceracılar ve sürgünlerden oluşan karma bir elf grubudur. Thalui Şapeli ağı, kritik yerleşimleri savunan ve kaos güçlerini daha büyük bir tehdit oluşturmadan durduran nadir ama güçlü şapel binaları ile ülkelere yayılmaktadır.	false
cultures_subcultures_confederation_screen_name_idrinth_hev_high_elf_vampires		false
cultures_subcultures_confederation_summary_name_idrinth_hev_high_elf_vampires		false
cultures_subcultures_name_idrinth_hev_high_elf_vampires	Thalui Şapelleri	false
dilemmas_localised_description_idrinth_unlock_choice	Bir gece cüppeli bir yabancı belirir ve küçük bir ücret karşılığında yardımını sunar. Yardımı kabul ediyor musun?	false
dilemmas_localised_title_idrinth_unlock_choice	Yabancı	false
dilemmas_localised_description_idrinth_dilemma_high_elves	Bir elf ulağı gelir, bir Idrinth arıyor. Tanıdığın Idrinth şimdiye kadar onu atlatıyor, belki yardım edebilirsin?	false
dilemmas_localised_description_idrinth_dilemma_wood_elves	Kamp yerine bir orman elf korucusu gelir. Kanlı kuzeni için burada olduğunu belirtir. Idrinth, kendisinin kastedildiğini hızlıca onaylasa da, buluşmayı reddeder.	false
dilemmas_localised_description_idrinth_dilemma_empire	Yaşlı bir bilgin kampına yaklaşır. Geçmişin kitaplarını taşıyarak, sizin için değerli bilgi bulduğunu iddia eder.	false
dilemmas_localised_description_idrinth_dilemma_kislev	Gece, buzlu bir rüzgar nöbetçilerinize işkence ederken, kampa gizlice girmeye çalışan bir kislevliyi yakalarlar. Genç ve görünüşte zararsız, ama onunla ne yaparsın?	false
dilemmas_localised_description_idrinth_dilemma_vampire_counts	Bir gece hizmetkarlarından birini Idrinth'in çadırının hemen dışında kanı emilmiş olarak bulursunuz. İçeri koştuğunuzda, onu masasında oturmuş eski bir parşömen okurken bulursunuz.	false
dilemmas_localised_title_idrinth_dilemma_high_elves	Ulak	false
dilemmas_localised_title_idrinth_dilemma_wood_elves	Kan Kuzenleri	false
dilemmas_localised_title_idrinth_dilemma_kislev	Davetsiz Misafir!	false
dilemmas_localised_title_idrinth_dilemma_empire	Bilgin	false
dilemmas_localised_title_idrinth_dilemma_vampire_counts	Hizmetkarın Sonu	false
dilemmas_localised_description_idrinth_dilemma_dwarves	Yakınlarda bir grup cüce görülmüş. Keşifçileriniz vampir savaşları hakkındaki hikayelerini dinledi. Bahsedilen bir elf şüpheli bir şekilde Idrinth'e benziyor.	false
dilemmas_localised_title_idrinth_dilemma_dwarves	Eski Bir Husumet	false
dilemmas_localised_description_idrinth_dilemma_weapon	Son avdan sonra Idrinth, kadim bir elf silahı gibi görünen bir şeyle size yaklaşır. Kime adayacağı konusunda tavsiyenizi ister.	false
dilemmas_localised_title_idrinth_dilemma_weapon	Kutsanmış Bir Silah	false
dilemmas_localised_description_idrinth_dilemma_armour	Son savaştan sonra Idrinth, kadim bir elf zırhı gibi görünen bir şeyle size yaklaşır. Kime adayacağı konusunda tavsiyenizi ister.	false
dilemmas_localised_title_idrinth_dilemma_armour	Kutsanmış Bir Zırh	false
dilemmas_localised_description_idrinth_dilemma_talisman	Günün yolculuğunu bitirdikten sonra Idrinth, kadim bir elf tılsımı gibi görünen bir şeyle size yaklaşır. Kime adayacağı konusunda tavsiyenizi ister.	false
dilemmas_localised_title_idrinth_dilemma_talisman	Kutsanmış Bir Tılsım	false
dilemmas_localised_description_idrinth_mode_choice	Şövalye-Bilgin Idrinth Thalui için işe alan kültürleri Yüksek Elfler, Orman Elfleri, Kislev, İmparatorluk ve Vampir Kontlarıyla sınırlamak için daha katı lore uyumluluğunu etkinleştirin. Vampir Kıyısı, Nagash Lejyonları, Karanlık Elfler, Cathay ve Bretonnia'yı da listeye eklemek için gevşek modu seçin.	false
dilemmas_localised_title_idrinth_mode_choice	Mod: Daha Katı veya Gevşek Lore Uyumluluğu	false
dilemmas_localised_description_idrinth_dilemma_unlock_high_elves	Paranızı kabul ettikten sonra yabancı, kendisini Idrinth adında bir Asur olarak tanıtır. Seyahat cüppesini çıkardığında, bir bilge ustanın savaşta yıpranmış zırhını, uyumlu bir büyük kılıcı ve henüz işlenecek vahşetlere işaret eden sert gözlerin yanında metal bir yay görürsünüz.	false
dilemmas_localised_title_idrinth_dilemma_unlock_high_elves	Idrinth Thalui	false
dilemmas_localised_description_idrinth_dilemma_unlock_wood_elves	Orman avcılarının yanında savaşmayı dört gözle bekliyorum, kuzen, diye belirtiyor asur, dostça bir tonla ödeme ve seyahat pelerinini toplarken. Sizin kadar iyi bir atıcı olmayabilirim, ama sizi yavaşlatmam. Kansız dudaklarında hafif bir eğlenceli gülümseme belirir ve kaybolur. Yüzyıllar sonra bile anlatılacak bir av yapalım!	false
dilemmas_localised_title_idrinth_dilemma_unlock_wood_elves	Idrinth Thalui	false
dilemmas_localised_description_idrinth_dilemma_unlock_kislev	Yabancı ödendikten sonra cüppesini çıkarır ve seyahat cüppelerinin altında elf yüzü ve elf silahlarını ortaya çıkarır. Adım Idrinth, düşmanlarımıza çoğunuzun yaşadığından daha uzun süredir savaşıyorum. Güçle pratik yapmaktan ve onlara öğretmekten zevk alırım. Yaşlanmamış bir yüzde kaybolmadan önce kansız dudaklarında hafif bir gülümseme oynar.	false
dilemmas_localised_title_idrinth_dilemma_unlock_kislev	Idrinth Thalui	false
dilemmas_localised_description_idrinth_dilemma_unlock_empire	Ulfic veya Sigmar'a inanan savaşçılarla savaştım ve kanadım. Aynı düşmanlarımız var, diye belirtiyor seyahat cüppelerini çıkarırken ve sizinle onları geri sürmek için sabırsızlanıyorum. Bilgimi dünyanın iyiliği için paylaşıyorum. Gözleri, dua eden insanlara soğukça bakar ve ardından dikkatini generale ve muhafızlarına geri döndürür.	false
dilemmas_localised_title_idrinth_dilemma_unlock_empire	Idrinth Thalui	false
dilemmas_localised_description_idrinth_dilemma_unlock_vampire_counts	Yabancı kapüşonunu indirir, elf özelliklerini ortaya çıkarır. Yıkımın dostu değilim, ama düşmanlarımız elimi zorladı. Paralarını cebine koyarken, Tehlike altındaki aileye yıllar sonra geri dönmek doğrudur, o aile kim olursa olsun. Katılmıyor musun?	false
dilemmas_localised_title_idrinth_dilemma_unlock_vampire_counts	Idrinth Thalui	false
dilemmas_localised_description_idrinth_chapels_choice	Kampanyanız için Thalui Şapellerini etkinleştirmek istiyor musunuz? Sadece kahramana sahip olmaya kıyasla daha fazla savunma ve seçenek sunarlar.	false
dilemmas_localised_description_idrinth_levelMinimum_choice	Şövalye-Bilgin Idrinth Thalui'yi işe almak için minimum seviyede bir generale ihtiyacınız olacak. Onu ne kadar erken işe alabilmek istiyorsunuz?	false
dilemmas_localised_title_idrinth_story_choice	Hikaye Olayları	false
dilemmas_localised_description_idrinth_story_choice	Idrinth belirli önemli yerlere ulaştığında hikaye olaylarını etkinleştirmek istiyor musunuz?	false
dilemmas_localised_title_idrinth_chapels_choice	Thalui Şapelleri	false
dilemmas_localised_title_idrinth_levelMinimum_choice	Şöhret Rütbesi	false
dilemmas_localised_title_idrinth_story_dilemma_drakenhof	Drakenhof	false
dilemmas_localised_title_idrinth_story_dilemma_temple_of_khaine	Khaine Tapınağı	false
dilemmas_localised_title_idrinth_story_dilemma_shrine_of_khaine	Khaine Türbesi	false
dilemmas_localised_title_idrinth_story_dilemma_temple_of_asuryan	Asuryan Tapınağı	false
dilemmas_localised_title_idrinth_story_dilemma_temple_of_kurnous	Kurnous Tapınağı	false
dilemmas_localised_title_idrinth_story_dilemma_shrine_of_loec	Loec Türbesi	false
dilemmas_localised_title_idrinth_story_dilemma_hel_fenn	Hel Fenn	false
dilemmas_localised_title_idrinth_story_dilemma_black_pyramid	Nagash'ın Kara Piramidi	false
dilemmas_localised_title_idrinth_story_dilemma_vauls_anvil_ulthuan	Ulthuan'daki Vaul'un Örsü	false
dilemmas_localised_title_idrinth_story_dilemma_vauls_anvil_naggaroth	Naggaroth'taki Vaul'un Örsü	false
dilemmas_localised_title_idrinth_story_dilemma_vauls_anvil_loren	Athel Loren'deki Vaul'un Örsü	false
dilemmas_localised_title_idrinth_story_dilemma_tower_of_hoeth	Hoeth Kulesi	false
dilemmas_localised_title_idrinth_story_dilemma_blood_keep	Kan Kalesi	false
dilemmas_localised_title_idrinth_story_dilemma_oak_of_ages	Çağların Meşesi	false
dilemmas_localised_title_idrinth_story_dilemma_the_galleons_graveyard	Kalyonların Mezarlığı	false
dilemmas_localised_title_idrinth_story_dilemma_sartosa	Sartosa	false
dilemmas_localised_title_idrinth_story_dilemma_lahmia	Lahmia	false
dilemmas_localised_title_idrinth_story_dilemma_ghrond	Ghrond	false
dilemmas_localised_description_idrinth_story_dilemma_drakenhof	Drakenhof kalesinin kara kuleleri Silvaniya'nın sürekli karanlığını deliyor. Idrinth, Vampir Savaşlarının anıları kontrolsüzce geri dönerken kapılarının önünde hareketsiz duruyor. "Burada kanadım," diye fısıldıyor, "ve yeniden yükseldim. Von Carstein'lar bana ne olduğumu öğretti—öğrenmek istesem de istemesem de." Eli kılıcının kabzasında dinleniyor. Bir kan akrabası olarak mı giriyor yoksa hırslarının dünyaya neye mal olduğunun hatırlatıcısı olarak mı?	false
dilemmas_localised_description_idrinth_story_dilemma_temple_of_khaine	Khaine Tapınağı Naggaroth çöllerinden yükseliyor, sunakları taze sunularla kaygan. Idrinth, Cinayet Tanrısının bakışını üzerinde hissediyor—nefretle değil, aç bir tanımayla. "Kılıcımın sayısını biliyorsun," diye mırıldanıyor kanlı karanlığa. "Yok ettiğim her kaos yaratığını, kovduğum her demonu. Bu seni memnun ediyor mu, Kanlı Elli Olan? Yoksa sadece onu masuma çevireceğim günü mü bekliyorsun?"	false
dilemmas_localised_description_idrinth_story_dilemma_shrine_of_khaine	Khaine'in Kılıcı kötücül bir vaatle atıyor, fısıltıları Idrinth'in ölümsüz durgunluğunu bile kesiyor. Uzun bir an sadece Dul Yapıcıya bakıyor. "Aenarion seni halkımızı kurtarmak için aldı ve soyunu sonsuza dek lanetledi," diyor sessizce. "Ben intikam yeminimi ettiğimde zaten lanetliydim. Beni daha kötü mü yaparsın, yoksa sadece... daha verimli mi?" Parmakları seğiriyor ama uzanmıyor.	false
dilemmas_localised_description_idrinth_story_dilemma_temple_of_asuryan	Asuryan tapınağının kutsal alevleri sonsuza dek yanıyor ve Idrinth dış avludan öteye yaklaşmıyor. "Bu salonlarda yaşayan bir elf olarak yürüdüm," diyor, sesi boş. "Ölümsüzlere karşı savaşa gitmeden önce burada dua ettim. Şimdi savaştığım şeyim." Alevlerin dansını izliyor. "Hâlâ beni duyuyor musun, Anka Kuşunun Lordu? Yoksa lanetim dualarımı alaya mı çeviriyor?"	false
dilemmas_localised_description_idrinth_story_dilemma_temple_of_kurnous	Kadim ağaçlar av türbesini çerçeveliyor ve vahşi yerlerin kokusu havayı dolduruyor. Idrinth derin nefes alıyor—nefes hayat demekken eski bir alışkanlık. "Hâlâ avlıyorum, Vahşinin Lordu," diye sesleniyor boynuzlu taşlara. "Artık doğanın döngüsünün bir parçası olmamama rağmen. Bedenin besinlenmesi için av almıyorum, sadece ruhun intikamı için. Sonsuz avın benim gibilere yeri var mı?"	false
dilemmas_localised_description_idrinth_story_dilemma_shrine_of_loec	Loec Türbesi bakışın köşesinde kayıyor, hiçbir zaman göründüğü yerde değil. Idrinth kendine nadir, soğuk bir gülümseme veriyor. "Hileci Tanrı. Senin sanatlarını öğrendim, bir bakıma—gölge büyüsü ölümden sonra hayattakinden daha kolay geldi." Alaycı bir yarım eğilme yapıyor. "Şakan bu mu, Gülen Olan? Ayaklarım soğukken daha iyi dans ediyorum?"	false
dilemmas_localised_description_idrinth_story_dilemma_hel_fenn	Hel Fenn bataklıkları önünde uzanıyor ve Idrinth'in ifadesi okunamaz hale geliyor. "Burası bittiği yer. Ve başladığı." Sesi hiç duygu taşımıyor. "Çamuru hatırlıyorum. Kanı. Mannfred'in ordusunun etrafımızda çöküşünü. Kazandığımızı düşündüğümü hatırlıyorum." Uzun bir duraklama. "Ölmeyi hatırlamıyorum. Sadece üç gece sonra adını koyamadığım bir şeye açlıkla uyanmayı."	false
dilemmas_localised_description_idrinth_story_dilemma_black_pyramid	Nagash'ın anıtı çöl gökyüzüne karşı yükseliyor, Idrinth'in lanetinin içinde kıvranmasına neden olan güç yayıyor. "Tüm lanetlerimizin babası," diyor, ne saygılı ne de küçümseyici—sadece bir gerçeği belirtiyor. "Sen çok ileri uzandığın için her vampir var olur, Büyük Nekromancer. Lanetim senin hırsından akıyor." Kadim taşları inceliyor. "Merak ediyorum—hediyeni nasıl kullandığımı onaylıyor musun? Ölümü Kaosun kendisine çevirmek?"	false
dilemmas_localised_description_idrinth_story_dilemma_vauls_anvil_ulthuan	Vaul'un demirci-türbesi kadim güç yayıyor ve Idrinth'in büyülü silahları yanıt olarak uğulduyor gibi görünüyor. "Daha az demirhanelerde kutsanmış silahlar taşıyarak Vampir Savaşlarına gittim," diye hatırlıyor. "Ölümsüzlere karşı kırıldılar. Şimdi ölümsüzüm ve olduğum şeyi öldürecek silahlar taşıyorum." Parmaklarıyla kılıcının ağzını takip ediyor. "Bunda şiir var, sadece Yapıcının takdir edeceği türden."	false
dilemmas_localised_description_idrinth_story_dilemma_vauls_anvil_naggaroth	Karanlık Elfler Demirci Tanrıyla kendi bağlantılarını iddia ediyorlar, demirhanaleri acı bir çalışkanlıkla yanıyor. Idrinth yaklaşmadan gözlemliyor. "Kuzenler," diye düşünüyor. "Onlar bir karanlığa düştüler, ben başka birine. Yine de yollarını seçtiler. Bazen merak ediyorum bu onları benden daha dürüst mü yapıyor—olanı kucakladılar, ben hâlâ olduğumu numara yapıyorum."	false
dilemmas_localised_description_idrinth_story_dilemma_vauls_anvil_loren	Orman Elfleri Vaul'un öğretilerini kendi yollarıyla sürdürüyorlar, ölü metalle birlikte canlı ağaç şekillendiriyorlar. Idrinth zanaatı bilgin merakıyla izliyor. "Tek bir silahta evlenen yaşam ve ölüm," diye gözlemliyor. "Asrai, diğer akrabaların anlamadığı bir şeyi anlıyor—sınırın inandığımızdan daha... geçirgen olduğunu." Eski akademik merakının hayaleti yüzeye çıkıyor. "Tekniklerini çalışmalıyım."	false
dilemmas_localised_description_idrinth_story_dilemma_tower_of_hoeth	Beyaz Kule imkansız derecede yükseğe uzanıyor, tüm Yüksek Elf bilgisinin deposu. Idrinth tabanda duruyor, giremez—ya da girmek istemez. "Bir Bilge Ustaydım," diyor, sesi kadim kederle çatlıyor. "O salonlarda çalıştım. Gizli yolları, gizli kütüphaneleri, yasak bölümleri biliyordum." Gözleri kırpmıyor. "Hâlâ adımı söylüyorlar mı? Yoksa kayıtlardan sildiler mi, hiç var olmamış gibi davranarak?"	false
dilemmas_localised_description_idrinth_story_dilemma_blood_keep	Kan Ejderhalarının kalesi dağ sığınağında gurur duyularak duruyor, lanetliler arasında askeri onura bir anıt. Idrinth ona saygıya yakın bir şeyle bakıyor. "Abhorash'ın mirası. Silahların mükemmelleştirilmesiyle lanetlerini aşmaya çalışan vampirler." Kendi kılıcına dokunuyor. "Dürtüyü anlıyorum. Bir canavardan fazlası olmak, canavar olduğun şey olsa bile."	false
dilemmas_localised_description_idrinth_story_dilemma_oak_of_ages	Dünya Ağacının varlığı bunaltıcı ve Idrinth yavaşça yaklaşıyor, yargılayan bir tanrıya yaklaşır gibi. "Tüm ormanların kalbi. Dünyanın kökü." Fısıltının biraz üzerinde konuşuyor. "Yaşayan günlerimde gölgende avladım. Orman elfleri varlığıma akraba olarak tahammül etti." Solgun ellerine bakıyor. "Ağaçlar beni hatırlıyor mu? Kökleri arasında şimdi yürüyenden geri mi çekiliyorlar?"	false
dilemmas_localised_description_idrinth_story_dilemma_the_galleons_graveyard	Gemiler Kalyonların Mezarlığında sonsuza dek çürüyor, ölümsüz mürettebatları denizcilik geleneğinin bir parodisini sürdürüyor. Idrinth enkazı tiksinti ile inceliyor. "Noctilus ve tayfası. Eski yaşamlarının tüm görünüşünü terk edip... daha az bir şeye dönüşen vampirler." Başını sallıyor. "Cazibeyi anlıyorum. Sonsuza dek yaşayabiliyorsan, neden korsan kralı olmayasın? Ama savaşmamız gereken şeyi unuttular."	false
dilemmas_localised_description_idrinth_story_dilemma_sartosa	Korsan sığınağı önünde yayılıyor, kanunsuz ve tehlikeli—ama neredeyse bu konuda ferahlatıcı derecede dürüst. "Ölü ve dirinin yan yana ticaret yaptığı, açgözlülükle birleştiği bir şehir," diye gözlemliyor Idrinth. "Kendimi burada tuhaf bir şekilde rahat buluyorum. Kimse ne olduğumu değilmiş gibi davranmıyor. Kimse artık sahip olmadığım insanlığı oynamama talep etmiyor." Duraklar. "Belki de bu yüzden hızlıca ayrılmalıyım."	false
dilemmas_localised_description_idrinth_story_dilemma_lahmia	Lahmia'nın harabeleri kadim ihtişamı ve ilk vampirleri fısıldıyor. Idrinth boş sokakları saygıya yakın bir şeyle yürüyor. "Her şeyin başladığı yer. Neferata ve sarayı, Nagash'ın zehirli kupasından ilk içenler." Devrilmiş bir heykelin yanında diz çöküyor. "Tarihleri çalıştım. İlk vampirler bilginler, kraliçeler, büyük inceliğin savaşçılarıydı. Miraslarının ne hale geldiğine bak. Benim ne olduğuma bak."	false
dilemmas_localised_description_idrinth_story_dilemma_ghrond	Büyücülerin Kuzey Kulesi kuzey gökyüzüne karşı karanlık görünüyor, Morathi'nin gücü uzaktan bile hissedilebilir. Idrinth'in çenesi sıkılıyor. "Cadı Kralın annesi. Kaos tapıncılığını elf soyuna getiren o." Sesi soğuk nefret taşıyor. "Karanlık Güçlerin birçok hizmetkarını öldürdüm. Ama bu... bu herhangi bir bedele değer olurdu." Yaklaşmıyor. Henüz değil. "Sabır. İntikam sonsuzdur. Zamanım var."	false
dilemmas_localised_description_idrinth_dilemma_unlock_bretonnia	Yabancı seyahat pelerinini pratik bir zarafetle çıkarıyor, altında elf zırhını ortaya koyuyor. "Daha önce şövalyelerle birlikte hizmet ettim," diyor, saray hassasiyetiyle başını eğerek. "Onur ve görev ırk sınırlarını aşar. Hanımefendiniz bu toprakları koruyor ve onları her şeyi tüketen karanlıktan savunulduğunu görmek istiyorum." Soluk yüzü sakin kalıyor, kansız dudakları sıcaklık vermese de. "Ortak düşmanımıza karşı birleri sürmeye gidelim."	false
dilemmas_localised_title_idrinth_dilemma_unlock_bretonnia	Idrinth Thalui	false
dilemmas_localised_description_idrinth_dilemma_unlock_dark_elves	Yabancı kapüşonunu geri çekiyor, açıkça Asur olan özellikleri ortaya çıkarıyor—ancak gözleri tipik küçümsemelerini barındırmıyor. "Kuzen," diyor, kelime ne alay ne de sıcaklık taşıyor. "Kadim düşmanlıklar umurumda değil. Kaos Druchii ve Asur'u eşit şekilde yutuyor ve hayatta kalmanın... esneklik gerektirdiğini öğrendim." Kansız dudaklarında neşesiz bir gülümseme geçiyor. "Pragmatizmi çoğundan daha iyi anlıyorsunuz. Kullanıma koyalım mı?"	false
dilemmas_localised_title_idrinth_dilemma_unlock_dark_elves	Idrinth Thalui	false
dilemmas_localised_description_idrinth_dilemma_unlock_cathay	Cüppeli figür beklenmedik bir resmiyet ile eğiliyor, sonra seyahat giysilerinin altında elf özelliklerini ortaya çıkarmak için doğruluyor. "Geçmiş çağlarda topraklarınızda yürüdüm," diye belirtiyor, sesi ölçülü ve sakin. "Büyük Sur çok iyi bildiğim korkuları geri tutuyor. Yıkım Güçlerine karşı denge korunmalıdır." Yaşlanmamış gözleri Cathay yetkililerini bilgin merakıyla inceliyor. "Bin yıllara yayılan bilgi sunuyorum. Belki birbirimizden öğrenebiliriz."	false
dilemmas_localised_title_idrinth_dilemma_unlock_cathay	Idrinth Thalui	false
dilemmas_localised_description_idrinth_dilemma_unlock_nagash	Yabancının kapüşonu düşüyor, zamandan dokunulmamış bir elf yüzünü ortaya koyuyor. "Kime hizmet ettiğinizi biliyorum," diyor dümdüz, ölümsüzlerin bakışına çekinmeden. "Ve ne olduğumu biliyorum. Başka türlü davranmamıza gerek yok." Sırtındaki büyük kılıcı tanıdık bir kolaylıkla ayarlıyor. "Nagash'ın düşmanları Kaos'un hizmetkarlarıdır. Şimdilik, bu amaç uyumu yeterli." Kansız dudakları karanlık bir eğlenceye benzeyen bir şeye bükülüyor. "Büyük Nekromancer sonunda her şeyi toplar. Ben sadece şartları seçiyorum."	false
dilemmas_localised_title_idrinth_dilemma_unlock_nagash	Idrinth Thalui	false
dilemmas_localised_description_idrinth_dilemma_unlock_vampire_coast	Yabancı tuz lekeli pelerinini çıkarıyor, altında elf özelliklerini ve kadim zırhı ortaya koyuyor. "Bunlardan daha karanlık denizlerde yüzdüm," diye söylüyor, sallanan mürettebatı tiksintisiz inceleyerek. "Kan kandır, karada veya denizde alınmış." Ödeme kesesini çıkarıyor, düşünceli bir şekilde tartıyor. "Avlıyorsunuz, yağmalıyorsunuz, hayatta kalıyorsunuz. Buna saygı duyuyorum." Solgun yüzünde bilen bir gülümseme geçiyor. "Ve şüpheleniyorum ki kaptanlarınız anlıyor—ölümsüzlük bakış açısını... her şeyde değiştiriyor."	false
dilemmas_localised_title_idrinth_dilemma_unlock_vampire_coast	Idrinth Thalui	false
effect_bundles_localised_description_idrinth_dilemma_empire_FIRST	Araştırmacı eski savaşlarla çok ilgileniyordu. Idrinth ile yapılan tartışma, onu şimdi de işe yarar taktikler keşfetmeye yönlendirdi.	false
effect_bundles_localised_description_idrinth_dilemma_empire_SECOND	Araştırmacı ve Idrinth büyüyü tartıştı, büyücülerinizin uygulayabileceği bazı küçük iyileştirmeler buldu.	false
effect_bundles_localised_description_idrinth_dilemma_empire_THIRD	Araştırmacıya Idrinth hakkında sordunuz, onun kaosa karşı uzun savaşını öğrendiniz.	false
effect_bundles_localised_description_idrinth_dilemma_high_elves_FIRST	Ulağı kovdunuz, Idrinth'in hayatını kolaylaştırdınız.	false
effect_bundles_localised_description_idrinth_dilemma_high_elves_SECOND	Idrinth'i geçmişi hakkında sorguladınız, onu daha karamsar bir ruh haline bıraktınız.	false
effect_bundles_localised_description_idrinth_dilemma_high_elves_THIRD	Idrinth eski halkından gelen ulakla buluştu, ailesinin mevcut hedeflerini öğrendi. Şimdi daha neşeli görünüyor.	false
effect_bundles_localised_description_idrinth_dilemma_kislev_FIRST	Davetsiz misafiri sorgulanmak üzere Idrinth'e teslim ettiniz.	false
effect_bundles_localised_description_idrinth_dilemma_kislev_SECOND	Davetsiz misafiri öldürdünüz, anavatanı kızdırdınız ama daha kötüsünü önlediniz.	false
effect_bundles_localised_description_idrinth_dilemma_kislev_THIRD	Davetsiz misafir size katıldı, Idrinth'i derinden rahatsız etti.	false
effect_bundles_localised_description_idrinth_dilemma_vampire_counts_FIRST	Idrinth'i hizmetkarı öldürmek ve kanını emmekle suçladınız. Masumiyetini kanıtlamaya çalışıyor.	false
effect_bundles_localised_description_idrinth_dilemma_vampire_counts_SECOND	Idrinth'e parşömen hakkında sordunuz, bazı kadim büyü teorilerini öğrendiniz.	false
effect_bundles_localised_description_idrinth_dilemma_vampire_counts_THIRD	Katili başka yerde aramaya karar verdiniz ve birlikleriniz artık daha tetikte.	false
effect_bundles_localised_description_idrinth_dilemma_wood_elves_FIRST	Idrinth ve korucu buluştu ve onun köyüne yaptıkları yüzünden kavga ettiler.	false
effect_bundles_localised_description_idrinth_dilemma_wood_elves_SECOND	Korucu gidene kadar Idrinth'i sakladınız. Minnettar olsa da ruh hali karardı.	false
effect_bundles_localised_description_idrinth_dilemma_wood_elves_THIRD	Idrinth'i korucu hakkında sorguladınız, onu geçmişi ve şimdiki hali üzerine düşünmeye sevk ettiniz.	false
effect_bundles_localised_description_idrinth_dilemma_dwarves_FIRST	Cücelere elf hakkında sordunuz, Idrinth'ten daha çok şüphelenmenize yol açtı. O da geçmişini araştırmaya çalışan sizden daha az rahat.	false
effect_bundles_localised_description_idrinth_dilemma_dwarves_SECOND	Vampir Savaşları hakkında bilgi alışverişinde bulundunuz, ilk elden bilgiler paylaşıldı.	false
effect_bundles_localised_description_idrinth_dilemma_dwarves_THIRD	Idrinth'i cücelere tanıttınız. Beklediğiniz gibi gitmedi, dönüştüğü canavara saldırmaya çalıştılar.	false
effect_bundles_localised_title_idrinth_dilemma_empire_FIRST	Geçmiş savaşları tartıştı	false
effect_bundles_localised_title_idrinth_dilemma_empire_SECOND	Büyüyü tartıştı	false
effect_bundles_localised_title_idrinth_dilemma_empire_THIRD	Ona Idrinth hakkında sordu	false
effect_bundles_localised_title_idrinth_dilemma_high_elves_FIRST	Ulak kovuldu	false
effect_bundles_localised_title_idrinth_dilemma_high_elves_SECOND	Idrinth sorgulandı	false
effect_bundles_localised_title_idrinth_dilemma_high_elves_THIRD	Ulakla buluşuldu	false
effect_bundles_localised_title_idrinth_dilemma_kislev_FIRST	Davetsiz misafir Idrinth'e teslim edildi	false
effect_bundles_localised_title_idrinth_dilemma_kislev_SECOND	Davetsiz misafir öldürüldü	false
effect_bundles_localised_title_idrinth_dilemma_kislev_THIRD	Davetsiz misafirin katılmasına izin verildi	false
effect_bundles_localised_title_idrinth_dilemma_vampire_counts_FIRST	Idrinth suçlandı	false
effect_bundles_localised_title_idrinth_dilemma_vampire_counts_SECOND	Parşömen hakkında soruldu	false
effect_bundles_localised_title_idrinth_dilemma_vampire_counts_THIRD	Katil başka yerde arandı	false
effect_bundles_localised_title_idrinth_dilemma_wood_elves_FIRST	Korucuyla buluşuldu	false
effect_bundles_localised_title_idrinth_dilemma_wood_elves_SECOND	Idrinth saklandı	false
effect_bundles_localised_title_idrinth_dilemma_wood_elves_THIRD	Idrinth sorgulandı	false
effect_bundles_localised_title_idrinth_dilemma_dwarves_FIRST	Cücelere elf hakkında soruldu	false
effect_bundles_localised_title_idrinth_dilemma_dwarves_SECOND	Idrinth'e Vampir Savaşları hakkında yaklaşıldı	false
effect_bundles_localised_title_idrinth_dilemma_dwarves_THIRD	Idrinth cücelere tanıtıldı	false
effect_bundles_localised_title_idrinth_dilemma_god_favour_asuryan_large	Asuryan'ın Büyük Koruması	false
effect_bundles_localised_title_idrinth_dilemma_god_favour_kurnous_large	Kurnous'un İlahi Rehberliği	false
effect_bundles_localised_title_idrinth_dilemma_god_favour_khaine_large	Khaine'in Kan Dalgası	false
effect_bundles_localised_title_idrinth_dilemma_god_favour_asuryan_medium	Asuryan'ın Koruması	false
effect_bundles_localised_title_idrinth_dilemma_god_favour_kurnous_medium	Kurnous'un Rehberliği	false
effect_bundles_localised_title_idrinth_dilemma_god_favour_khaine_medium	Khaine'in Kan Sunusu	false
effect_bundles_localised_title_idrinth_dilemma_god_favour_asuryan_small	Asuryan'ın Küçük Koruması	false
effect_bundles_localised_title_idrinth_dilemma_god_favour_kurnous_small	Kurnous'un Hafif Rehberliği	false
effect_bundles_localised_title_idrinth_dilemma_god_favour_khaine_small	Khaine'in Kan Damlası	false
effect_bundles_localised_description_idrinth_dilemma_god_favour_asuryan_large	Savaşçılarınız sadece darbeleri savuşturmada ve saldırılardan kıl payı kurtulmada ustalaşmakla kalmıyor, yaraları da normalden çok daha hızlı iyileşiyor.	false
effect_bundles_localised_description_idrinth_dilemma_god_favour_kurnous_large	Doğal avcılar olarak savaşçılarınız yiyecek ve düşman avlarken hızlı ve görünmez hareket ediyor.	false
effect_bundles_localised_description_idrinth_dilemma_god_favour_khaine_large	Birlikleriniz ve yeni gönüllüler savaşın coşkusunu yaşıyor, onları düşmanları için daha tehlikeli kılıyor.	false
effect_bundles_localised_description_idrinth_dilemma_god_favour_asuryan_medium	Savaşçılarınız aniden darbeleri savuşturmada ve saldırılardan kıl payı kurtulmada ustalaştı.	false
effect_bundles_localised_description_idrinth_dilemma_god_favour_kurnous_medium	Savaşçılarınız yiyecek ve düşman avlarken doğal olarak gizli hareket ediyor.	false
effect_bundles_localised_description_idrinth_dilemma_god_favour_khaine_medium	Savaşçılarınız içlerinde bir savaş açlığı hissediyor, hem kıdemlileri hem de yeni acemileri düşmanları için daha tehlikeli kılıyor.	false
effect_bundles_localised_description_idrinth_dilemma_god_favour_asuryan_small	Savaşçılarınız darbeleri ve büyüleri savuşturmada biraz şans yaşıyor, güvenilecek kadar olmasa da.	false
effect_bundles_localised_description_idrinth_dilemma_god_favour_kurnous_small	Avlarda az miktarda rehberlik ve şans birliklerinize fayda sağlıyor.	false
effect_bundles_localised_description_idrinth_dilemma_god_favour_khaine_small	Khaine'in yumruğundan küçük bir kan damlası birliklerinize katılmak için daha fazla gönüllü sağlıyor.	false
effect_bundles_localised_description_idrinth_dilemma_god_favour_asuryan_large_cost		false
effect_bundles_localised_description_idrinth_dilemma_god_favour_kurnous_large_cost		false
effect_bundles_localised_description_idrinth_dilemma_god_favour_khaine_large_cost		false
effect_bundles_localised_description_idrinth_dilemma_god_favour_asuryan_medium_cost		false
effect_bundles_localised_description_idrinth_dilemma_god_favour_kurnous_medium_cost		false
effect_bundles_localised_description_idrinth_dilemma_god_favour_khaine_medium_cost		false
effect_bundles_localised_description_idrinth_dilemma_god_favour_asuryan_small_cost		false
effect_bundles_localised_description_idrinth_dilemma_god_favour_kurnous_small_cost		false
effect_bundles_localised_description_idrinth_dilemma_god_favour_khaine_small_cost		false
effect_bundles_localised_title_idrinth_dilemma_god_favour_asuryan_large_cost	Bedel: Asuryan'ın Büyük Koruması	false
effect_bundles_localised_title_idrinth_dilemma_god_favour_kurnous_large_cost	Bedel: Kurnous'un İlahi Rehberliği	false
effect_bundles_localised_title_idrinth_dilemma_god_favour_khaine_large_cost	Bedel: Khaine'in Kan Dalgası	false
effect_bundles_localised_title_idrinth_dilemma_god_favour_asuryan_medium_cost	Bedel: Asuryan'ın Koruması	false
effect_bundles_localised_title_idrinth_dilemma_god_favour_kurnous_medium_cost	Bedel: Kurnous'un Rehberliği	false
effect_bundles_localised_title_idrinth_dilemma_god_favour_khaine_medium_cost	Bedel: Khaine'in Kan Sunusu	false
effect_bundles_localised_title_idrinth_dilemma_god_favour_asuryan_small_cost	Bedel: Asuryan'ın Küçük Koruması	false
effect_bundles_localised_title_idrinth_dilemma_god_favour_kurnous_small_cost	Bedel: Kurnous'un Hafif Rehberliği	false
effect_bundles_localised_title_idrinth_dilemma_god_favour_khaine_small_cost	Bedel: Khaine'in Kan Damlası	false
effect_bundles_localised_description_idrinth_vampiric_priests	Idrinth rahiplerini vampirlere dönüştürdü. Fedakarlıkları bizi kurtarsın.	false
effect_bundles_localised_title_idrinth_vampiric_priests	Vampir Rahipler	false
effect_bundles_localised_title_idrinth_successful_action_army	Motive Olmuş Ajan	false
effect_bundles_localised_title_idrinth_successful_action_army_critical	Motive Olmuş Ajan	false
effect_bundles_localised_title_idrinth_successful_action_character	Motive Olmuş Ajan	false
effect_bundles_localised_title_idrinth_successful_action_character_critical	Motive Olmuş Ajan	false
effect_bundles_localised_title_idrinth_hev_high_elf_vampires_bundle_stance_army_ambush	Duruş: Usta Pusu	false
effect_bundles_localised_title_idrinth_hev_high_elf_vampires_bundle_stance_army_channelling	Duruş: Kanallama	false
effect_bundles_localised_title_idrinth_hev_vampires_bundle_stance_army_default	Duruş: Yok	false
effect_bundles_localised_title_idrinth_hev_high_elf_vampires_bundle_stance_army_raiding	Duruş: Yağma	false
effect_bundles_localised_title_idrinth_hev_vampires_bundle_stance_army_forced_march	Duruş: Yürüyüş	false
effect_bundles_localised_title_idrinth_hev_high_elf_vampires_bundle_stance_army_settlement	Duruş: Kamp Kurma	false
effect_bundles_localised_title_idrinth_hev_high_elf_vampires_bundle_stance_army_tunnelling	Duruş: Dünya Kökleri Kullan	false
effect_bundles_localised_title_idrinth_hev_high_elf_vampires_bundle_stance_navy_blockading	Duruş: Denizleri Yağmala	false
effect_bundles_localised_title_idrinth_hev_vampires_bundle_stance_army_garrisoned	Durum: Garnizonda	false
effect_bundles_localised_title_idrinth_hev_high_elf_vampires_bundle_stance_siege	Durum: Kuşatma	false
effect_bundles_localised_title_idrinth_hev_high_elf_vampires_bundle_stance_patrol	Duruş: Devriye	false
effect_bundles_localised_title_idrinth_asuryan_god_favour_cave_bats	Asuryan Kutsaması	false
effect_bundles_localised_description_idrinth_asuryan_god_favour_cave_bats	Asuryan mağara yarasalarını daha uzun yaşamaları için kutsıyor.	false
effect_bundles_localised_title_idrinth_kurnous_god_favour_cave_bats	Kurnous'un Kutsaması	false
effect_bundles_localised_description_idrinth_kurnous_god_favour_cave_bats	Kurnous mağara yarasalarını daha iyi avlanmaları için kutsuyor.	false
effect_bundles_localised_title_idrinth_khaine_god_favour_cave_bats	Khaine Kutsaması	false
effect_bundles_localised_description_idrinth_khaine_god_favour_cave_bats	Khaine mağara yarasalarını düşmanlarını katletmeleri için kutsuyor.	false
effect_bundles_localised_title_idrinth_asuryan_god_favour_wolves	Asuryan Kutsaması	false
effect_bundles_localised_description_idrinth_asuryan_god_favour_wolves	Asuryan kurtları daha uzun yaşamaları için kutsuyor.	false
effect_bundles_localised_title_idrinth_kurnous_god_favour_wolves	Kurnous'un Kutsaması	false
effect_bundles_localised_description_idrinth_kurnous_god_favour_wolves	Kurnous kurtları daha iyi avlanmaları için kutsuyor.	false
effect_bundles_localised_title_idrinth_khaine_god_favour_wolves	Khaine Kutsaması	false
effect_bundles_localised_description_idrinth_khaine_god_favour_wolves	Khaine kurtları düşmanlarını katletmeleri için kutsuyor.	false
effect_bundles_localised_title_idrinth_asuryan_god_favour_hawks	Asuryan Kutsaması	false
effect_bundles_localised_description_idrinth_asuryan_god_favour_hawks	Asuryan şahinleri daha uzun yaşamaları için kutsuyor.	false
effect_bundles_localised_title_idrinth_kurnous_god_favour_hawks	Kurnous'un Kutsaması	false
effect_bundles_localised_description_idrinth_kurnous_god_favour_hawks	Kurnous şahinleri daha iyi avlanmaları için kutsuyor.	false
effect_bundles_localised_title_idrinth_khaine_god_favour_hawks	Khaine Kutsaması	false
effect_bundles_localised_description_idrinth_khaine_god_favour_hawks	Khaine şahinleri düşmanlarını katletmeleri için kutsuyor.	false
effect_bundles_localised_title_idrinth_asuryan_god_favour_great_eagles	Asuryan Kutsaması	false
effect_bundles_localised_description_idrinth_asuryan_god_favour_great_eagles	Asuryan büyük kartalı daha uzun yaşaması için kutsuyor.	false
effect_bundles_localised_title_idrinth_kurnous_god_favour_great_eagles	Kurnous'un Kutsaması	false
effect_bundles_localised_description_idrinth_kurnous_god_favour_great_eagles	Kurnous büyük kartalı daha iyi avlanması için kutsuyor.	false
effect_bundles_localised_title_idrinth_khaine_god_favour_great_eagles	Khaine Kutsaması	false
effect_bundles_localised_description_idrinth_khaine_god_favour_great_eagles	Khaine büyük kartalı düşmanlarını katletmesi için kutsuyor.	false
effect_bundles_localised_title_idrinth_hev_high_elf_vampires_anti_chaos	Thalui Kutsaması	false
effect_bundles_localised_description_idrinth_hev_high_elf_vampires_anti_chaos	Tanrılarınız Thalui Şapeli kuvvetlerini tüm yıkım güçleri takipçilerine karşı güçlendiriyor.	false
effect_bundles_localised_title_idrinth_chapel_slots_present	Thalui Şapeli Alanı	false
effect_bundles_localised_description_idrinth_chapel_slots_present	Bu yerleşim Asuryan, Khaine ve Kurnous tarafından kutsanmış ve bir Thalui Şapeli Kompleksi barındırabilecek bir alan içeriyor.	false
effect_bundles_localised_title_idrinth_veteran_0	Inexperienced Recruits [[img:veteran_experience_0]]	false
effect_bundles_localised_description_idrinth_veteran_0	Inexperienced Recruits [[img:veteran_experience_0]]	false
effect_bundles_localised_title_idrinth_veteran_1	Mixed Guard Recruits [[img:veteran_experience_1]]	false
effect_bundles_localised_description_idrinth_veteran_1	Mixed Guard Recruits [[img:veteran_experience_1]]	false
effect_bundles_localised_title_idrinth_veteran_2	Mixed Guard Recruits [[img:veteran_experience_2]]	false
effect_bundles_localised_description_idrinth_veteran_2	Mixed Guard Recruits [[img:veteran_experience_2]]	false
effect_bundles_localised_title_idrinth_veteran_3	Mixed Guard Recruits [[img:veteran_experience_3]]	false
effect_bundles_localised_description_idrinth_veteran_3	Mixed Guard Recruits [[img:veteran_experience_3]]	false
effect_bundles_localised_title_idrinth_veteran_4	Mixed Guard Soldiers [[img:veteran_experience_4]]	false
effect_bundles_localised_description_idrinth_veteran_4	Mixed Guard Soldiers [[img:veteran_experience_4]]	false
effect_bundles_localised_title_idrinth_veteran_5	Mixed Guard Soldiers [[img:veteran_experience_5]]	false
effect_bundles_localised_description_idrinth_veteran_5	Mixed Guard Soldiers [[img:veteran_experience_5]]	false
effect_bundles_localised_title_idrinth_veteran_6	Mixed Guard Soldiers [[img:veteran_experience_6]]	false
effect_bundles_localised_description_idrinth_veteran_6	Mixed Guard Soldiers [[img:veteran_experience_6]]	false
effect_bundles_localised_title_idrinth_veteran_7	Mixed Guard Veteran [[img:veteran_experience_7]]	false
effect_bundles_localised_description_idrinth_veteran_7	Mixed Guard Veteran [[img:veteran_experience_7]]	false
effect_bundles_localised_title_idrinth_veteran_8	Mixed Guard Veteran [[img:veteran_experience_8]]	false
effect_bundles_localised_description_idrinth_veteran_8	Mixed Guard Veteran [[img:veteran_experience_8]]	false
effect_bundles_localised_title_idrinth_veteran_9	Mixed Guard Veteran [[img:veteran_experience_9]]	false
effect_bundles_localised_description_idrinth_veteran_9	Mixed Guard Veteran [[img:veteran_experience_9]]	false
effects_description_idrinth_effect_agent_action_assist_army_training	[[col:yellow]]{{tr:agent_action_name_training}}[[/col]] eylemi: Birim deneyim kazanımı ek %+n% artırıldı	false
effects_description_idrinth_effect_agent_action_enable_hinder_army_assault_units	[[col:yellow]]{{tr:agent_action_name_assault_units}}[[/col]] eylemi: Ek %+n% kayıp verildi	false
effects_description_idrinth_effect_agent_action_enable_hinder_agent_assassinate	[[col:yellow]]{{tr:agent_action_name_assassinate}}[[/col]] eylemi: Ek %+n% başarı şansı	false
effects_description_idrinth_effect_agent_action_enable_passive_spread_corruption_vmp	[[col:yellow]]{{tr:agent_action_name_spread_corruption}}[[/col]] eylemi: Vampir yozlaşması ek %+n artırıldı	false
effects_description_idrinth_pooled_resource_khaine	%+n Khaine Lütfu üretir.	false
effects_description_idrinth_pooled_resource_kurnous	%+n Kurnous Lütfu üretir.	false
effects_description_idrinth_pooled_resource_asuryan	%+n Asuryan Lütfu üretir.	false
effects_description_idrinth_effect_upkeep_idrinth	Idrinth için bakım %+n% artırıldı.	false
effects_description_idrinth_initiative_khaine	Savaşçı Khaine'in yolunu takip etmek düşmanlarınızı katletmenizi sağlar.	false
effects_description_idrinth_initiative_kurnous	Avcı Kurnous'un yolunu takip etmek sizi daha iyi bir avcı yapar.	false
effects_description_idrinth_initiative_asuryan	Koruyucu Asuryan'ın yolunu takip etmek sizi korur.	false
effects_description_idrinth_chapel_khaine_charge	Khaine kararlılığınızı güçlendirir ve Idrinth ile şapel garnizonlarını %+n% şok birliği yapar.	false
effects_description_idrinth_chapel_kurnous_range	Kurnous yayınızı güçlendirir ve Idrinth ile şapel garnizonlarının %+n% daha uzağa atış yapmasını sağlar.	false
effects_description_idrinth_chapel_asuryan_ward_save	Asuryan zihninizi güçlendirir, Idrinth ve şapel garnizonlarını bir bariyer ile %+n hasardan korur.	false
effects_description_idrinth_loremaster_lore_of_vampires	Vampir büyü okulu büyüleri için maliyet, bekleme süresi ve yanlış büyü şansını %+n% azaltır.	false
effects_description_idrinth_loremaster_lore_of_vampires_2	Vampir büyü okulu büyüleri için menzili %+n% artırır.	false
effects_description_idrinth_loremaster_lore_of_shadows	Gölgeler büyü okulu büyüleri için maliyet, bekleme süresi ve yanlış büyü şansını %+n% azaltır.	false
effects_description_idrinth_loremaster_lore_of_shadows_2	Gölgeler büyü okulu büyüleri için menzili %+n% artırır.	false
effects_description_idrinth_loremaster_lore_of_death	Ölüm büyü okulu büyüleri için maliyet, bekleme süresi ve yanlış büyü şansını %+n% azaltır.	false
effects_description_idrinth_loremaster_lore_of_death_2	Ölüm büyü okulu büyüleri için menzili %+n% artırır.	false
effects_description_idrinth_priests_wh_main_effect_force_stat_weapon_strength	Rahipler için silah gücü %+n%.	false
effects_description_idrinth_priests_wh_main_effect_force_stat_vigour_loss_reduction	Rahipler için yorgunluk kaybı %+n%.	false
effects_description_idrinth_priests_wh_main_effect_force_stat_speed	Rahipler için hız %+n%.	false
effects_description_idrinth_priests_wh_main_effect_force_stat_range	Rahipler için menzil %+n%.	false
effects_description_idrinth_priests_wh_main_effect_force_stat_melee_defence	Rahipler için yakın dövüş savunması %+n.	false
effects_description_idrinth_priests_wh_main_effect_force_stat_melee_attack_pct	Rahipler için yakın dövüş saldırısı %+n.	false
effects_description_idrinth_priests_wh_main_effect_force_stat_fire_resistance	Rahipler için ateş hassasiyeti %+n%.	false
effects_description_idrinth_priests_wh_main_effect_force_stat_charge_bonus_pct	Rahipler için hücum bonusu %+n%.	false
effects_description_idrinth_priests_wh_main_effect_force_all_campaign_replenishment_rate	Rahipler için yenilenme %+n%.	false
effects_description_idrinth_priests_wh_main_effect_character_stat_physical_resistance	Rahipler için fiziksel direnç %+n%.	false
effects_description_idrinth_priests_wh_main_effect_character_stat_missile_resistance	Rahipler için menzilli direnç %+n%.	false
effects_description_idrinth_priests_wh_main_effect_character_stat_missile_damage	Rahipler için menzilli hasar %+n%.	false
effects_description_idrinth_priests_wh_main_effect_attribute_enable_causes_fear	Rahipler korku verir.	false
effects_description_idrinth_priests_wh_main_effect_ability_enable_the_hunger	Rahiplerin vampir açlığı var.	false
effects_description_idrinth_priests_wh_main_effect_ability_enable_invocation_of_nehek	Rahipler Nehek Çağrısını biliyor.	false
effects_description_idrinth_priests_wh2_dlc16_effect_unit_enable_attribute_undead	Rahipler ölümsüzdür.	false
effects_description_idrinth_successful_action_motivation	Başarı şansı, maliyet ve kritik şans %+n% artırıldı.	false
effects_description_idrinth_ranger_knowledge_primary	Thalui Şapeli elfleri %+n% daha uzağa atış yapabilir.	false
effects_description_idrinth_blade_dancing_primary	Thalui Şapeli elfleri düşman kılıçlarından dans ederek kaçar, yakın dövüş savunmalarını %+n artırır.	false
effects_description_idrinth_unusual_training_primary	Thalui Şapeli elfleri liderliklerini %+n artırır.	false
effects_description_idrinth_running_wild_primary	Thalui Şapeli elfleri hareket hızlarını %+n% artırır.	false
effects_description_idrinth_veterans_primary	Thalui Şapeli kıdemli elfleri yakın dövüşte %+n% daha sert vurur.	false
effects_description_idrinth_strong_as_stone_primary	Thalui Şapeli canlandırılmış birimleri %+n% daha fazla hasara direnir.	false
effects_description_idrinth_beasts_of_nature_primary	Thalui Şapeli canavarları daha vahşidir, yakın dövüş saldırılarını %+n artırır.	false
effects_description_idrinth_ranger_knowledge_secondary	Thalui Şapeli elfleri yeniden doldurma hızlarını %+n% artırır.	false
effects_description_idrinth_blade_dancing_secondary	Thalui Şapeli elfleri düşman kılıçlarından dans ederek kaçar, yakın dövüş saldırılarını %+n artırır.	false
effects_description_idrinth_unusual_training_secondary	Thalui Şapeli elfleri zırhlarını daha etkili giymeyi öğrendi, zırh değerlerini %+n artırır.	false
effects_description_idrinth_running_wild_secondary	Thalui Şapeli elfleri çılgınca koşar, hücumlarını %+n artırır.	false
effects_description_idrinth_veterans_secondary	Thalui Şapeli kıdemli elfleri %+n% daha yavaş yorulur.	false
effects_description_idrinth_strong_as_stone_secondary	Thalui Şapeli yapıları hücumlarını %+n artırır.	false
effects_description_idrinth_beasts_of_nature_secondary	Thalui Şapeli canavarları daha motivedir, hareket hızlarını %+n% artırır.	false
effects_description_idrinth_veterans_tertiary	Thalui Şapeli kıdemli elfleri daha önce korku ve tehlikeyle yüzleşti, liderliklerini %+n artırır.	false
effects_description_idrinth_unit_capacity_chapel_mixed_elven_guard	Karma Elf Muhafızları için %+n birim limiti.	false
effects_description_idrinth_unit_capacity_chapel_asuryan_guard	Asuryan Muhafızları için %+n birim limiti.	false
effects_description_idrinth_unit_capacity_chapel_khaine_guard	Khaine Muhafızları için %+n birim limiti.	false
effects_description_idrinth_unit_capacity_chapel_kurnous_guard	Kurnous Muhafızları için %+n birim limiti.	false
effects_description_idrinth_unit_capacity_chapel_asuryan_priest	Asuryan Rahipleri için %+n birim limiti.	false
effects_description_idrinth_unit_capacity_chapel_khaine_priest	Khaine Rahipleri için %+n birim limiti.	false
effects_description_idrinth_unit_capacity_chapel_kurnous_priest	Kurnous Rahipleri için %+n birim limiti.	false
effects_description_idrinth_unit_capacity_chapel_asuryan_vampire_priest	Asuryan Vampir Rahipleri için %+n birim limiti.	false
effects_description_idrinth_unit_capacity_chapel_khaine_vampire_priest	Khaine Vampir Rahipleri için %+n birim limiti.	false
effects_description_idrinth_unit_capacity_chapel_kurnous_vampire_priest	Kurnous Vampir Rahipleri için %+n birim limiti.	false
effects_description_idrinth_unit_capacity_chapel_asuryan_varghulf	Asuryan Varghulf için %+n birim limiti.	false
effects_description_idrinth_unit_capacity_chapel_khaine_varghulf	Khaine Varghulfları için %+n birim limiti.	false
effects_description_idrinth_unit_capacity_chapel_kurnous_varghulf	Kurnous Varghulfları için %+n birim limiti.	false
effects_description_idrinth_unit_capacity_chapel_shrine	Asuryan, Kurnous ve Khaine Tapınakları için %+n birim limiti.	false
effects_description_idrinth_unit_capacity_chapel_stone_wolves	Taş Kurtlar için %+n birim limiti.	false
effects_description_idrinth_unit_capacity_chapel_outriders	Öncü Süvariler için %+n birim limiti.	false
effects_description_idrinth_chapel_units_upkeep	Tüm Thalui Şapeli elf birimleri için %+n% daha az bakım.	false
effects_description_idrinth_chapel_units_recruitment_rank	Tüm Thalui Şapeli elf birimleri için %+n askere alma rütbesi.	false
effects_description_idrinth_initiative_khaine_pray	Khaine'e duanız birliklerinizin saldırı potansiyelini artırdı.	false
effects_description_idrinth_initiative_kurnous_pray	Kurnous'a duanız birliklerinizin av potansiyelini artırdı.	false
effects_description_idrinth_initiative_asuryan_pray	Asuryan'a duanız birliklerinizin hayatta kalma potansiyelini artırdı.	false
effects_description_idrinth_hev_high_elf_vampires_anti_chaos_enable	Yıkım güçlerine karşı savaşlarda yeteneklerinizi artırır.	false
effects_description_idrinth_chapel_beasts_upkeep	Thalui Şapeli canavarları için bakımı %+n% azaltır.	false
effects_description_idrinth_enable_thalui_name	Bu karakter yıkım güçlerine sonsuz intikam yemini etmiş ve bu nedenle Thalui adını almıştır.	false
effects_description_idrinth_enable_knight_scholar_name	Bu karakter hem bir araştırmacı hem de bir şövalye olup farklı hiziplerde bu şekilde tanınır.	false
effects_description_idrinth_chapel_recruitment_speedup	Şapel birimleri için askere alma süresi %+n tur azaltıldı.	false
effects_description_idrinth_hev_high_elf_vampires_disable_enemy_lightning_strike	Düşmanların bu kuvvete karşı yıldırım saldırısı kullanmasını engeller.	false
effects_additional_tooltip_details_localised_description_idrinth_hev_high_elf_vampires_idrinth_assist_army_training	[[col:yellow]]{{tr:agent_action_name_training}}[[/col]] (Orduya Yardım)\\nAna orduda görev yapan birimler için deneyim kazanımını artırır.	false
effects_additional_tooltip_details_localised_description_idrinth_hev_high_elf_vampires_idrinth_hinder_agent_assassinate	[[col:yellow]]{{tr:agent_action_name_assassinate}}[[/col]] (Hedef: Kahraman)\\nHedef [[img:icon_hero]][[/img]]Kahramanı öldürür.	false
effects_additional_tooltip_details_localised_description_idrinth_hev_high_elf_vampires_idrinth_hinder_army_assault_units	[[col:yellow]]{{tr:agent_action_name_assault_units}}[[/col]] (Hedef: Ordu)\\nHedef ordudaki tüm birimlere hasar verir.	false
effects_additional_tooltip_details_localised_description_idrinth_hev_high_elf_vampires_idrinth_spread_corruption_vmp	[[col:yellow]]{{tr:agent_action_name_spread_corruption}}[[/col]] (Sürekli Yerel Etki)\\nYerel eyaletteki [[img:icon_corruption_vmp]][[/img]]Vampirik yozlaşma miktarını artırır.	false
factions_attack_desc_idrinth_hev_high_elf_vampires	Thalui Şapellerine saldırıyorsunuz!	false
factions_defend_desc_idrinth_hev_high_elf_vampires	Thalui Şapellerine karşı savunuyorsunuz!	false
factions_screen_adjective_idrinth_hev_high_elf_vampires	thalui	false
factions_screen_name_idrinth_hev_high_elf_vampires	Thalui Şapelleri	false
factions_screen_name_when_rebels_idrinth_hev_high_elf_vampires	Asi Thalui Şapelleri	false
initiative_sets_localised_name_idrinth_godly_favour	Adanmışlık	false
initiative_sets_localised_name_idrinth_godly_blessings	Kutsamalar	false
initiative_sets_localised_description_idrinth_godly_favour		false
initiative_sets_localised_description_idrinth_godly_blessings		false
initiatives_localised_name_idrinth_khaine_pledge	Kendini Khaine'e ada	false
initiatives_localised_name_idrinth_kurnous_pledge	Kendini Kurnous'a ada	false
initiatives_localised_name_idrinth_asuryan_pledge	Kendini Asuryan'a ada	false
initiatives_localised_name_idrinth_khaine_prayer	Khaine'e dua et	false
initiatives_localised_name_idrinth_kurnous_prayer	Kurnous'a dua et	false
initiatives_localised_name_idrinth_asuryan_prayer	Asuryan'a dua et	false
idrinth_khaine_pledge		false
idrinth_kurnous_pledge		false
idrinth_asuryan_pledge		false
idrinth_khaine_prayer		false
idrinth_kurnous_prayer		false
idrinth_asuryan_prayer		false
land_units_concealed_name_idrinth_hev_high_elf_vampires_idrinthchampion	Yüksek Elf Vampiri	false
land_units_onscreen_name_idrinth_hev_high_elf_vampires_idrinthchampion	Idrinth Thalui	false
land_units_onscreen_name_idrinth_hev_high_elf_vampires_chapel_asuryan	Asuryan'ın Muhafızı	false
land_units_onscreen_name_idrinth_hev_high_elf_vampires_chapel_kurnous	Kurnous'un Muhafızı	false
land_units_onscreen_name_idrinth_hev_high_elf_vampires_chapel_khaine	Khaine'in Muhafızı	false
land_units_onscreen_name_idrinth_hev_high_elf_vampires_chapel_mixed	Karma Elf Muhafızı	false
land_units_concealed_name_idrinth_hev_high_elf_vampires_chapel_asuryan	Elfler	false
land_units_concealed_name_idrinth_hev_high_elf_vampires_chapel_kurnous	Elfler	false
land_units_concealed_name_idrinth_hev_high_elf_vampires_chapel_khaine	Elfler	false
land_units_concealed_name_idrinth_hev_high_elf_vampires_chapel_mixed	Elfler	false
land_units_onscreen_name_idrinth_hev_high_elf_vampires_chapel_kurnous_leader	Kurnous'un Rahibi	false
land_units_onscreen_name_idrinth_hev_high_elf_vampires_chapel_khaine_leader	Khaine'in Rahibi	false
land_units_onscreen_name_idrinth_hev_high_elf_vampires_chapel_asuryan_leader	Asuryan'ın Rahibi	false
land_units_concealed_name_idrinth_hev_high_elf_vampires_chapel_asuryan_leader	Elf	false
land_units_concealed_name_idrinth_hev_high_elf_vampires_chapel_kurnous_leader	Elf	false
land_units_concealed_name_idrinth_hev_high_elf_vampires_chapel_khaine_leader	Elf	false
land_units_onscreen_name_idrinth_hev_high_elf_vampires_chapel_shrine	Asuryan, Kurnous ve Khaine Türbesi	false
land_units_onscreen_name_idrinth_hev_high_elf_vampires_chapel_wolves	Kutsanmış Kurtlar	false
land_units_onscreen_name_idrinth_hev_high_elf_vampires_chapel_cave_bats	Kutsanmış Yarasalar	false
land_units_onscreen_name_idrinth_hev_high_elf_vampires_chapel_hawks	Kutsanmış Şahinler	false
land_units_onscreen_name_idrinth_hev_high_elf_vampires_chapel_great_eagle	Kutsanmış Büyük Kartal	false
land_units_concealed_name_idrinth_hev_high_elf_vampires_chapel_shrine	Türbe	false
land_units_concealed_name_idrinth_hev_high_elf_vampires_chapel_wolves	Kurtlar	false
land_units_concealed_name_idrinth_hev_high_elf_vampires_chapel_cave_bats	Yarasalar	false
land_units_concealed_name_idrinth_hev_high_elf_vampires_chapel_hawks	Şahinler	false
land_units_concealed_name_idrinth_hev_high_elf_vampires_chapel_great_eagle	Büyük Kartal	false
land_units_onscreen_name_idrinth_hev_high_elf_vampires_chapel_stone_wolves	Taş Kurtlar	false
land_units_concealed_name_idrinth_hev_high_elf_vampires_chapel_stone_wolves	Dev Kurtlar	false
land_units_onscreen_name_idrinth_hev_high_elf_vampires_chapel_outriders	Şapel Öncüleri	false
land_units_concealed_name_idrinth_hev_high_elf_vampires_chapel_outriders	Atlılar	false
land_units_onscreen_name_idrinth_hev_high_elf_vampires_chapel_kurnous_leader_vampire	Kurnous'un Vampir Rahibi	false
land_units_onscreen_name_idrinth_hev_high_elf_vampires_chapel_khaine_leader_vampire	Khaine'in Vampir Rahibi	false
land_units_onscreen_name_idrinth_hev_high_elf_vampires_chapel_asuryan_leader_vampire	Asuryan'ın Vampir Rahibi	false
land_units_concealed_name_idrinth_hev_high_elf_vampires_chapel_asuryan_leader_vampire	Elf	false
land_units_concealed_name_idrinth_hev_high_elf_vampires_chapel_kurnous_leader_vampire	Elf	false
land_units_concealed_name_idrinth_hev_high_elf_vampires_chapel_khaine_leader_vampire	Elf	false
land_units_onscreen_name_idrinth_hev_high_elf_vampires_chapel_khaine_varghulf	Khaine'in Kayıp Olanı	false
land_units_onscreen_name_idrinth_hev_high_elf_vampires_chapel_kurnous_varghulf	Kurnous'un Kayıp Olanı	false
land_units_onscreen_name_idrinth_hev_high_elf_vampires_chapel_asuryan_varghulf	Asuryan'ın Kayıp Olanı	false
land_units_concealed_name_idrinth_hev_high_elf_vampires_chapel_khaine_varghulf	Varghulf	false
land_units_concealed_name_idrinth_hev_high_elf_vampires_chapel_kurnous_varghulf	Varghulf	false
land_units_concealed_name_idrinth_hev_high_elf_vampires_chapel_asuryan_varghulf	Varghulf	false
land_units_concealed_name_idrinth_hev_high_elf_vampires_idrinthgeneral	Yüksek Elf Vampiri	false
land_units_onscreen_name_idrinth_hev_high_elf_vampires_idrinthgeneral	Idrinth Thalui	false
land_units_onscreen_name_idrinth_hev_high_elf_vampires_chapel_asuryan_large	Asuryan'ın Muhafızı	false
land_units_onscreen_name_idrinth_hev_high_elf_vampires_chapel_kurnous_large	Kurnous'un Muhafızı	false
land_units_onscreen_name_idrinth_hev_high_elf_vampires_chapel_khaine_large	Khaine'in Muhafızı	false
land_units_concealed_name_idrinth_hev_high_elf_vampires_chapel_asuryan_large	Elfler	false
land_units_concealed_name_idrinth_hev_high_elf_vampires_chapel_kurnous_large	Elfler	false
land_units_concealed_name_idrinth_hev_high_elf_vampires_chapel_khaine_large	Elfler	false
land_units_onscreen_name_idrinth_hev_high_elf_vampires_chapel_outriders_large	Şapel Öncüleri	false
land_units_concealed_name_idrinth_hev_high_elf_vampires_chapel_outriders_large	Atlılar	false
mct_idrinth_title	Idrinth Thalui - Yüksek Elf Vampir Bilge Ustası	false
mct_idrinth_author	Björn 'Idrinth' Büttner	false
mct_idrinth_description	Düşmüş Bir Bilge Ustasının Hikayesi\\n\\nBir zamanlar saygın bir Yüksek Elf Bilge Ustası olan Idrinth Thalui, kanlı Vampir Savaşları sırasında ölümlü sonunu buldu, ancak savaştığı yaratıklardan biri olarak yeniden doğdu. Şimdi bu Şövalye-Bilgin, elf mirası ile vampir laneti arasında tehlikeli bir yolda yürüyor, Kaos tarafından parçalanmış bir dünyada amaç arıyor.\\n\\nOnu kurtuluşa mı yönlendireceksin yoksa içindeki karanlığı mı kucaklayacaksın? Kaderi senin ellerinde.	false
mct_idrinth_expanded_spawn_text	Genişletilmiş Doğma Kültürleri	false
mct_idrinth_expanded_spawn_tooltip	Idrinth'in Bretonnia, Cathay, Nagash Lejyonları, Karanlık Elfler ve Vampir Sahili için de doğmasına izin verir.	false
mct_idrinth_level_adjustment_text	Seviye Gereksinimi	false
mct_idrinth_level_adjustment_options_null_text	Erken Oyun	false
mct_idrinth_level_adjustment_options_one_text	Geç Erken Oyun	false
mct_idrinth_level_adjustment_options_three_text	Erken Orta Oyun	false
mct_idrinth_level_adjustment_options_six_text	Orta Oyun	false
mct_idrinth_level_adjustment_tooltip	Idrinth'in kilit açma görevini almak için seviye gereksinimini değiştirir.	false
mct_idrinth_god_item_difficulty_text	Tanrı Kutsanmış Eşya Zorluğu	false
mct_idrinth_god_item_difficulty_options_low_text	Düşük Gereksinimler	false
mct_idrinth_god_item_difficulty_options_normal_text	Normal Gereksinimler	false
mct_idrinth_god_item_difficulty_options_high_text	Yüksek Gereksinimler	false
mct_idrinth_god_item_difficulty_tooltip	Tanrı kutsanmış eşyaları almak için gereksinimleri değiştirir.	false
mct_idrinth_chapel_chance_text	Şapel Doğma Şansı	false
mct_idrinth_chapel_chance_options_low_text	Düşük Şans	false
mct_idrinth_chapel_chance_options_normal_text	Normal Şans	false
mct_idrinth_chapel_chance_options_high_text	Yüksek Şans	false
mct_idrinth_chapel_chance_tooltip	Idrinth'in varlığı tarafından Thalui Şapellerinin doğma şansını değiştirir.	false
mct_idrinth_story_events_text	Hikaye Olaylarını Etkinleştir	false
mct_idrinth_story_events_tooltip	Idrinth'in kendisi için önemli olan belirli bölgelere ulaştığında oyuncuyu bilgilendirmesine izin verir.	false
mct_idrinth_chapels_text	Thalui Şapelleri	false
mct_idrinth_chapels_tooltip	Idrinth'in şehirlerin savunmasını güçlendiren ve tanrı iyiliği üretimini etkileyen şapeller kurmasına izin verir.	false
mct_idrinth_dilemma_cooldown_text	İkilem Bekleme Süresi	false
mct_idrinth_dilemma_cooldown_options_low_text	Düşük (1 + [1-2])	false
mct_idrinth_dilemma_cooldown_options_medium_text	Orta (2 + [1-3])	false
mct_idrinth_dilemma_cooldown_options_long_text	Uzun (3 + [1-4])	false
mct_idrinth_dilemma_cooldown_tooltip	Karar gerektiren ikilemler arasındaki bekleme süresini değiştirir.	false
mct_idrinth_names_text	Birim Yeniden Adlandırma	false
mct_idrinth_names_tooltip	İşaretlendiğinde birimler işe alındığında elf isimleri listesinden çekilen özel bir isim alır.	false
mct_idrinth_logging_text	Kendi Günlük Kaydını Etkinleştir	false
mct_idrinth_logging_tooltip	İşaretlendiğinde bu mod oyun kök dizinine idrinth.*.log olarak günlük kaydı yapar.	false
mct_idrinth_base_logging_text	Temel Oyun Günlük Kaydı Kullanımını Etkinleştir	false
mct_idrinth_base_logging_tooltip	İşaretlendiğinde bu mod temel oyun günlük kaydı işlevi ile günlük kaydı yapar.	false
mct_idrinth_section_idrinth_story_features_name	Hikaye Özellik Geçişleri	false
mct_idrinth_section_idrinth_game_features_name	Oyun Özellik Geçişleri	false
mct_idrinth_section_idrinth_chances_name	Şanslar	false
mct_idrinth_section_idrinth_spawn_name	Doğma Seçenekleri	false
mct_idrinth_section_idrinth_other_name	Ek Seçenekler	false
mct_idrinth_section_idrinth_cooldowns_name	Bekleme Süresi Seçenekleri	false
mct_idrinth_intervention_cooldown_text	Müdahale Bekleme Süresi	false
mct_idrinth_intervention_cooldown_options_low_text	Düşük (%80)	false
mct_idrinth_intervention_cooldown_options_medium_text	Orta (%100)	false
mct_idrinth_intervention_cooldown_options_long_text	Uzun (%120)	false
mct_idrinth_intervention_cooldown_tooltip	İlahi müdahaleler arasındaki bekleme süresini değiştirir.	false
mct_idrinth_animal_waaagh_text	Hayvan WAAAGH	false
mct_idrinth_animal_waaagh_tooltip	İşaretlendiğinde Idrinth'i hayvanlardan oluşan bir WAAAGH ordusu takip eder. Devre dışı bırakmak orduyu yok etmez.	false
mct_idrinth_vampire_chance_text	Vampir Dönüştürme Şansı	false
mct_idrinth_vampire_chance_options_low_text	Düşük (%10 temel başarı)	false
mct_idrinth_vampire_chance_options_normal_text	Normal (%15 temel başarı)	false
mct_idrinth_vampire_chance_options_high_text	Yüksek (%20 temel başarı)	false
mct_idrinth_vampire_chance_tooltip	Rahiplerin vampire dönüştürülürken hayatta kalma şansını değiştirir.	false
mct_idrinth_story_dilemma_base_chance_text	Hikaye İkilemi Temel Şansı	false
mct_idrinth_story_dilemma_base_chance_options_low_text	Düşük	false
mct_idrinth_story_dilemma_base_chance_options_normal_text	Normal	false
mct_idrinth_story_dilemma_base_chance_options_high_text	Yüksek	false
mct_idrinth_story_dilemma_base_chance_tooltip	Hikaye karar ikilemlerinin tetiklenme şansını değiştirir.	false
mct_idrinth_god_item_base_chance_text	Tanrı Eşyası Temel Şansı	false
mct_idrinth_god_item_base_chance_options_low_text	Düşük	false
mct_idrinth_god_item_base_chance_options_normal_text	Normal	false
mct_idrinth_god_item_base_chance_options_high_text	Yüksek	false
mct_idrinth_god_item_base_chance_tooltip	Tanrı eşyalarının teklif edilme şansını değiştirir.	false
mct_idrinth_elf_slayer_traits_text	Elf Katili Özellikleri	false
mct_idrinth_elf_slayer_traits_tooltip	Elf öldürme özelliklerini etkinleştirir. Devre dışı bırakmak mevcut özellik seviyelerini kaldırmaz.	false
mct_idrinth_devotion_traits_text	Bağlılık Özellikleri	false
mct_idrinth_devotion_traits_tooltip	Belirli bir tanrıya adanmış zaman için özellikleri etkinleştirir. Devre dışı bırakmak mevcut özellik seviyelerini kaldırmaz.	false
mct_idrinth_interventions_text	İlahi Müdahaleyi Etkinleştir	false
mct_idrinth_interventions_tooltip	Etkinleştirilirse, Asuryan, Kurnous ve Khaine, iyiliğin yüksek olduğunda müdahale edecek ve bir kısmını tüm hizip bonusları için kullanacaktır.	false
mct_idrinth_groovy_logging_text	Groovy Günlük Kaydı Kullanımını Etkinleştir	false
mct_idrinth_groovy_logging_tooltip	İşaretlendiğinde bu mod MCT tarafından sağlanan günlük kaydı sistemiyle kayıt yapar.	false
message_event_strings_title_idrinth_chapel_lost	Şapel Kaybedildi	false
message_event_strings_title_idrinth_chapel_founded	Şapel Kuruldu	false
message_event_strings_title_idrinth_godly_intervention	Tanrılar Müdahale Ediyor	false
message_event_text_idrinth_chapel_lost	Şapel, yerleşimin yeni sahibi tarafından yakıldı. Şimdi nerede toplanacağız?	false
message_event_text_idrinth_chapel_founded	Yeni bir Şapel için yer tanrılar tarafından kutsandı. Kutsamalarını kazanmak için hızlıca inşa etmeliyiz.	false
message_event_text_idrinth_godly_intervention	Idrinth size bildirir ki, tanrıları davanızı desteklemek için harekete geçmeye karar verdi. Ordularınız bir süreliğine ilahi kutsama sayesinde daha güçlü olacak.	false
message_event_text_idrinth_godly_intervention_subtitle	Asuryan, Khaine ve Kurnous harekete geçiyor.	false
missions_localised_description_idrinth_unlock_wh2_main_hef_high_elves	Kaos güçlerine karşı savaşırsanız güçlü bir yardımın dikkatini çekebileceğinize dair fısıltılar var. Savaşma ve kanama isteğinizi kanıtlarsanız bir yabancının yanınızda savaşmaya razı olduğu söyleniyor...	false
missions_localised_title_idrinth_unlock_wh2_main_hef_high_elves	Kaosa Karşı Bir Yabancı	false
missions_localised_title_idrinth_unlock_wh_main_vmp_vampire_counts	Kaosa Karşı Bir Yabancı	false
missions_localised_title_idrinth_unlock_wh_main_emp_empire	Kaosa Karşı Bir Yabancı	false
missions_localised_title_idrinth_unlock_wh_dlc05_wef_wood_elves	Kaosa Karşı Bir Yabancı	false
missions_localised_title_idrinth_unlock_wh3_main_ksl_kislev	Kaosa Karşı Bir Yabancı	false
missions_localised_description_idrinth_unlock_wh_main_vmp_vampire_counts	Kaos güçlerine karşı savaşırsanız güçlü bir yardımın dikkatini çekebileceğinize dair fısıltılar var. Savaşma ve kanama isteğinizi kanıtlarsanız bir yabancının yanınızda savaşmaya razı olduğu söyleniyor...	false
missions_localised_description_idrinth_unlock_wh_main_emp_empire	Kaos güçlerine karşı savaşırsanız güçlü bir yardımın dikkatini çekebileceğinize dair fısıltılar var. Savaşma ve kanama isteğinizi kanıtlarsanız bir yabancının yanınızda savaşmaya razı olduğu söyleniyor...	false
missions_localised_description_idrinth_unlock_wh_dlc05_wef_wood_elves	Kaos güçlerine karşı savaşırsanız güçlü bir yardımın dikkatini çekebileceğinize dair fısıltılar var. Savaşma ve kanama isteğinizi kanıtlarsanız bir yabancının yanınızda savaşmaya razı olduğu söyleniyor...	false
missions_localised_description_idrinth_unlock_wh3_main_ksl_kislev	Kaos güçlerine karşı savaşırsanız güçlü bir yardımın dikkatini çekebileceğinize dair fısıltılar var. Savaşma ve kanama isteğinizi kanıtlarsanız bir yabancının yanınızda savaşmaya razı olduğu söyleniyor...	false
missions_localised_mission_completed_text_idrinth_unlock_wh2_main_hef_high_elves	Paranızı kabul ettikten sonra yabancı kendisini Idrinth adında bir Asur olarak tanıtır. Seyahat cüppelerini çıkardığında, bir bilge ustanın savaşta yıpranmış zırhını, uyumlu bir büyük kılıcı ve henüz işlenecek vahşetlere işaret eden sert gözlerin yanında metal bir yay görürsünüz.	false
missions_localised_mission_completed_text_idrinth_unlock_wh_main_vmp_vampire_counts	Yabancı kapüşonunu indirir, elf özelliklerini ortaya çıkarır. Yıkımın dostu değilim, ama düşmanlarımız elimi zorladı. Paralarını cebine koyarken, Tehlike altındaki aileye yıllar sonra geri dönmek doğrudur, o aile kim olursa olsun. Katılmıyor musun?	false
missions_localised_mission_completed_text_idrinth_unlock_wh_main_emp_empire	Ulfic veya Sigmar'a inanan savaşçılarla savaştım ve kanadım. Aynı düşmanlarımız var, diye belirtiyor seyahat cüppelerini çıkarırken ve sizinle onları geri sürmek için sabırsızlanıyorum. Bilgimi dünyanın iyiliği için paylaşıyorum. Gözleri, dua eden insanlara soğukça bakar ve ardından dikkatini generale ve muhafızlarına geri döndürür.	false
missions_localised_mission_completed_text_idrinth_unlock_wh_dlc05_wef_wood_elves	Orman avcılarının yanında savaşmayı dört gözle bekliyorum, kuzen, diye belirtiyor asur, dostça bir tonla ödeme ve seyahat pelerinini toplarken. Sizin kadar iyi bir atıcı olmayabilirim, ama sizi yavaşlatmam. Kansız dudaklarında hafif bir eğlenceli gülümseme belirir ve kaybolur. Yüzyıllar sonra bile anlatılacak bir av yapalım!	false
missions_localised_mission_completed_text_idrinth_unlock_wh3_main_ksl_kislev	Yabancı ödendikten sonra cüppesini çıkarır ve seyahat cüppelerinin altında elf yüzü ve elf silahlarını ortaya çıkarır. Adım Idrinth, düşmanlarımıza çoğunuzun yaşadığından daha uzun süredir savaşıyorum. Güçle pratik yapmaktan ve onlara öğretmekten zevk alırım. Yaşlanmamış bir yüzde kaybolmadan önce kansız dudaklarında hafif bir gülümseme oynar.	false
missions_localised_title_idrinth_unlock_wh2_main_def_dark_elves	Kaosa Karşı Bir Yabancı	false
missions_localised_title_idrinth_unlock_mixer_nag_nagash	Kaosa Karşı Bir Yabancı	false
missions_localised_title_idrinth_unlock_wh2_dlc11_cst_vampire_coast	Kaosa Karşı Bir Yabancı	false
missions_localised_title_idrinth_unlock_wh_main_brt_bretonnia	Kaosa Karşı Bir Yabancı	false
missions_localised_title_idrinth_unlock_wh3_main_cth_cathay	Kaosa Karşı Bir Yabancı	false
missions_localised_description_idrinth_unlock_wh2_main_def_dark_elves	Kaos güçlerine karşı savaşırsanız güçlü bir yardımın dikkatini çekebileceğinize dair fısıltılar var. Savaşma ve kanama isteğinizi kanıtlarsanız bir yabancının yanınızda savaşmaya razı olduğu söyleniyor...	false
missions_localised_description_idrinth_unlock_mixer_nag_nagash	Kaos güçlerine karşı savaşırsanız güçlü bir yardımın dikkatini çekebileceğinize dair fısıltılar var. Savaşma ve kanama isteğinizi kanıtlarsanız bir yabancının yanınızda savaşmaya razı olduğu söyleniyor...	false
missions_localised_description_idrinth_unlock_wh2_dlc11_cst_vampire_coast	Kaos güçlerine karşı savaşırsanız güçlü bir yardımın dikkatini çekebileceğinize dair fısıltılar var. Savaşma ve kanama isteğinizi kanıtlarsanız bir yabancının yanınızda savaşmaya razı olduğu söyleniyor...	false
missions_localised_description_idrinth_unlock_wh_main_brt_bretonnia	Kaos güçlerine karşı savaşırsanız güçlü bir yardımın dikkatini çekebileceğinize dair fısıltılar var. Savaşma ve kanama isteğinizi kanıtlarsanız bir yabancının yanınızda savaşmaya razı olduğu söyleniyor...	false
missions_localised_description_idrinth_unlock_wh3_main_cth_cathay	Kaos güçlerine karşı savaşırsanız güçlü bir yardımın dikkatini çekebileceğinize dair fısıltılar var. Savaşma ve kanama isteğinizi kanıtlarsanız bir yabancının yanınızda savaşmaya razı olduğu söyleniyor...	false
missions_localised_mission_completed_text_idrinth_unlock_wh2_main_def_dark_elves	Yabancı kapüşonunu geri çekiyor, açıkça Asur olan özellikleri ortaya çıkarıyor—ancak gözleri tipik küçümsemelerini barındırmıyor. "Kuzen," diyor, kelime ne alay ne de sıcaklık taşıyor. "Kadim düşmanlıklar umurumda değil. Kaos Druchii ve Asur'u eşit şekilde yutuyor ve hayatta kalmanın... esneklik gerektirdiğini öğrendim." Kansız dudaklarında neşesiz bir gülümseme geçiyor. "Pragmatizmi çoğundan daha iyi anlıyorsunuz. Kullanıma koyalım mı?"	false
missions_localised_mission_completed_text_idrinth_unlock_mixer_nag_nagash	Yabancının kapüşonu düşüyor, zamandan dokunulmamış bir elf yüzünü ortaya koyuyor. "Kime hizmet ettiğinizi biliyorum," diyor dümdüz, ölümsüzlerin bakışına çekinmeden. "Ve ne olduğumu biliyorum. Başka türlü davranmamıza gerek yok." Sırtındaki büyük kılıcı tanıdık bir kolaylıkla ayarlıyor. "Nagash'ın düşmanları Kaos'un hizmetkarlarıdır. Şimdilik, bu amaç uyumu yeterli." Kansız dudakları karanlık bir eğlenceye benzeyen bir şeye bükülüyor. "Büyük Nekromancer sonunda her şeyi toplar. Ben sadece şartları seçiyorum."	false
missions_localised_mission_completed_text_idrinth_unlock_wh2_dlc11_cst_vampire_coast	Yabancı tuz lekeli pelerinini çıkarıyor, altında elf özelliklerini ve kadim zırhı ortaya koyuyor. "Bunlardan daha karanlık denizlerde yüzdüm," diye söylüyor, sallanan mürettebatı tiksintisiz inceleyerek. "Kan kandır, karada veya denizde alınmış." Ödeme kesesini çıkarıyor, düşünceli bir şekilde tartıyor. "Avlıyorsunuz, yağmalıyorsunuz, hayatta kalıyorsunuz. Buna saygı duyuyorum." Solgun yüzünde bilen bir gülümseme geçiyor. "Ve şüpheleniyorum ki kaptanlarınız anlıyor—ölümsüzlük bakış açısını... her şeyde değiştiriyor."	false
missions_localised_mission_completed_text_idrinth_unlock_wh_main_brt_bretonnia	Yabancı seyahat pelerinini pratik bir zarafetle çıkarıyor, altında elf zırhını ortaya koyuyor. "Daha önce şövalyelerle birlikte hizmet ettim," diyor, saray hassasiyetiyle başını eğerek. "Onur ve görev ırk sınırlarını aşar. Hanımefendiniz bu toprakları koruyor ve onları her şeyi tüketen karanlıktan savunulduğunu görmek istiyorum." Soluk yüzü sakin kalıyor, kansız dudakları sıcaklık vermese de. "Ortak düşmanımıza karşı birleri sürmeye gidelim."	false
missions_localised_mission_completed_text_idrinth_unlock_wh3_main_cth_cathay	Cüppeli figür beklenmedik bir resmiyet ile eğiliyor, sonra seyahat giysilerinin altında elf özelliklerini ortaya çıkarmak için doğruluyor. "Geçmiş çağlarda topraklarınızda yürüdüm," diye belirtiyor, sesi ölçülü ve sakin. "Büyük Sur çok iyi bildiğim korkuları geri tutuyor. Yıkım Güçlerine karşı denge korunmalıdır." Yaşlanmamış gözleri Cathay yetkililerini bilgin merakıyla inceliyor. "Bin yıllara yayılan bilgi sunuyorum. Belki birbirimizden öğrenebiliriz."	false
names_name_99990999999990	Idrinth	false
names_name_99990999999991	Thalui	false
names_name_99990999999992	Knight-Scholar	false
names_name_91003842572	Eva	false
names_name_91005248167	Plyitus	false
names_name_91012272878	Hagrene	false
names_name_91023980541	Altharloss	false
names_name_91043335079	Millen	false
names_name_91044214998	Sheeld	false
names_name_91044995477	Venola	false
names_name_91058692048	Myleere	false
names_name_91061636038	Kavinna	false
names_name_91063475665	Fonahir	false
names_name_91066656255	Waerna	false
names_name_91073720026	Hulaylian	false
names_name_91087181860	Felicion	false
names_name_91091045834	Deloria	false
names_name_910929957	Rinda	false
names_name_91096917599	Alarion	false
names_name_91119925593	Nasheer	false
names_name_9112654795	Boudicca	false
names_name_91126797147	Nightshade	false
names_name_91126820639	Caladrielle	false
names_name_91130865469	Sandrina	false
names_name_91143850849	Enna	false
names_name_91145397024	Koval	false
names_name_91147373454	Eldarion	false
names_name_91149635680	Zubaran	false
names_name_91163945081	Lorishion	false
names_name_9117103054	Vayeana	false
names_name_9119315689	Anarsis	false
names_name_91194134712	Fernhavest	false
names_name_91197705717	Saji	false
names_name_91202032358	Avelorrisas	false
names_name_91205288363	Kerthinia	false
names_name_91207993051	Hulaylian	false
names_name_912159699	Mantressa	false
names_name_91218801584	Damien	false
names_name_9122344455	Myriel	false
names_name_91225535785	Ramon	false
names_name_91226152662	Grimziyal	false
names_name_9122686813	Qintarra	false
names_name_91243883571	Rethia	false
names_name_91247905949	Jildou	false
names_name_91250574602	Bequish	false
names_name_91254391153	Alondrin	false
names_name_91261742987	Busscrone	false
names_name_91268007810	Circya	false
names_name_9128185431	Ruybiniss	false
names_name_91286859150	Ylrishen	false
names_name_91303889577	Morgan	false
names_name_91312613255	Orilon	false
names_name_91324369708	Maewhyn	false
names_name_91327343523	Jayadress	false
names_name_91327358560	Azirek	false
names_name_91327508456	Caladrielle	false
names_name_91329067400	Avelorrisas	false
names_name_9133018942	Arwenil	false
names_name_91348736263	Kelici	false
names_name_91354862277	Elysion	false
names_name_91355325317	Caydrille	false
names_name_91359526841	Aeden	false
names_name_91373918736	Bel-Nenya	false
names_name_91373928438	Ilona	false
names_name_91384300280	Elektra	false
names_name_9139274725	Klendrach	false
names_name_91396496474	Yr-Kithar	false
names_name_91397432329	Maudthekan	false
names_name_91404349694	Elise	false
names_name_91404830742	Elladan	false
names_name_91405360902	Hellespher	false
names_name_91411233647	Fhiron	false
names_name_91413240279	Relinda	false
names_name_91416443905	Lorna	false
names_name_91417301359	Lorelai	false
names_name_91421390481	Illiarch	false
names_name_91435311282	Zoltar	false
names_name_91437586017	Elladan	false
names_name_91442008725	R'Mal	false
names_name_91444170034	Lothiul	false
names_name_91449688241	Gynnash	false
names_name_91453701877	Velal	false
names_name_91462914341	Waerna	false
names_name_91469875558	Azalgorm	false
names_name_9147059091	Jayadress	false
names_name_91477685742	Laya-Quinn	false
names_name_91480988115	Tharket	false
names_name_9149095704	Ravena	false
names_name_91500935551	Kilana	false
names_name_91509126983	Senga	false
names_name_91517726071	Alizeabeth	false
names_name_91518758666	Ophillien	false
names_name_91525341994	Fandhir	false
names_name_91533578663	Bochra	false
names_name_91539784441	Omarin	false
names_name_91544419579	Jornadar	false
names_name_91548347790	Hextarian	false
names_name_91549964633	Baine	false
names_name_91553668240	Velitroth	false
names_name_91568387873	Felindre	false
names_name_91574055340	Darfayan	false
names_name_9157557480	Caydrille	false
names_name_91580975470	Lothiul	false
names_name_91596458280	Trillian	false
names_name_91599624757	Nadraxes	false
names_name_91613104460	Krogh	false
names_name_91617840855	Liandra	false
names_name_91619003680	Parthok	false
names_name_91626239518	Fortiunis	false
names_name_91631911126	Lucius	false
names_name_9163738469	Nathalia	false
names_name_91647432603	Scorpia	false
names_name_91650679308	Sabetha	false
names_name_91651253203	Velicion	false
names_name_91662293824	Feretulios	false
names_name_91662609258	Movar	false
names_name_91663124370	Lolillian	false
names_name_91674463770	Sheelda	false
names_name_91676255817	Larian	false
names_name_91676702302	Pokol-Daka	false
names_name_91678434015	Laya-Quinn	false
names_name_91685153999	Jeshia	false
names_name_91690881127	Jadus	false
names_name_91692450837	Bel-Harathoi	false
names_name_9169306801	Velissan	false
names_name_91693201541	Elliranion	false
names_name_91696520004	Noegh	false
names_name_91714437588	Koren-Bahnir	false
names_name_91723163773	Myrielh	false
names_name_91723951491	Bel-Sarathai	false
names_name_91747768786	Kerthinia	false
names_name_91749635114	Astralla	false
names_name_91759888452	Menlui-Akar	false
names_name_91767592018	Argyle	false
names_name_91772325140	Rautha	false
names_name_91778859011	Mara	false
names_name_91779790006	Vanquissh	false
names_name_9178011990	Cython-Yrel	false
names_name_91781194350	Hyther	false
names_name_91782569233	Espellba	false
names_name_91793838679	Astikar	false
names_name_91805305451	Driellen	false
names_name_91805956898	Larian	false
names_name_91818418423	Prenticly	false
names_name_9181892619	Westara	false
names_name_91819815097	Artheus	false
names_name_91822131918	Rethia	false
names_name_9182386008	Elreth	false
names_name_91824172218	Obarmon	false
names_name_91832942633	Mlendei	false
names_name_91839202249	Lolillian	false
names_name_91839293256	Kjeldilon	false
names_name_91850383583	Rhodar	false
names_name_91854561361	Sammith	false
names_name_91865779139	Chechemon	false
names_name_91870285600	Veraunn	false
names_name_91870317021	Kerestra	false
names_name_91874746780	Feniaor	false
names_name_91876393694	Najjirah	false
names_name_91878262360	Solkar	false
names_name_91878347147	Marinh	false
names_name_91879902399	Aurelius	false
names_name_91880052996	Wonellinrei	false
names_name_91884036913	Exarian	false
names_name_91900416210	Bel-Amy	false
names_name_91915072686	Fayza	false
names_name_91920209172	Trillian	false
names_name_91931576863	Rhama	false
names_name_91933701425	Omnombah	false
names_name_91935289251	Murella	false
names_name_91944479300	Lorishion	false
names_name_91946949066	Yorian	false
names_name_91948029117	Lorienne	false
names_name_91948853670	Zilnilon	false
names_name_91956855324	Gwendolyn	false
names_name_91959415982	Bel-Lecai	false
names_name_91984883343	Fydhion	false
names_name_91993506009	Elliranion	false
names_name_91997936833	Prenticly	false
names_name_92001547846	Tamarith	false
names_name_92007007269	Eville-Lyn	false
names_name_92007662807	Sethera	false
names_name_92010781226	Byre'chull	false
names_name_9201148896	Selveth	false
names_name_9201846194	Exarian	false
names_name_92019146272	Zoram	false
names_name_92028322876	Yastra	false
names_name_92044527313	Feniaor	false
names_name_92056726109	Teneska	false
names_name_92069123878	Rakal	false
names_name_92073522645	Polkesha	false
names_name_92077129249	Teneska	false
names_name_92098503774	Moransti	false
names_name_92098530624	Hellinor	false
names_name_92104549974	Mordis	false
names_name_92108748670	Yasmijn	false
names_name_92112899441	Gendalfa	false
names_name_92118818206	Sakonna	false
names_name_92121529518	Arden	false
names_name_92125052025	Ditharastara	false
names_name_92126878368	Ellendeling	false
names_name_92147352837	Morlanna	false
names_name_92147352877	Tevaril	false
names_name_92147352885	Delynna	false
names_name_92147352887	Evelyne	false
names_name_92147358991	Yavandir	false
names_name_92147358997	Thalos	false
names_name_92147359004	Arduval	false
names_name_92147359014	Amendil	false
names_name_92147359017	Ingmir	false
names_name_92147359021	Torendil	false
names_name_92147359025	Yssellal	false
names_name_92147359027	Tralan	false
names_name_92147359030	Aesrit	false
names_name_92147359031	Urdithane	false
names_name_92147359036	Strathot	false
names_name_92147359038	Dolwen	false
names_name_92147359043	Elror	false
names_name_92147359044	Dodan	false
names_name_92147359047	Dhulas	false
names_name_92147359053	Acca	false
names_name_92147359054	Dottaen	false
names_name_92147359060	Toltirin	false
names_name_92147359061	Tala	false
names_name_92147359062	Agnor	false
names_name_92147359067	Rana	false
names_name_92147359068	Vilgin	false
names_name_92147359071	Gilgalion	false
names_name_92147359076	Luren	false
names_name_92147359080	Dalos	false
names_name_92147359081	Harrond	false
names_name_92147359082	Tuduthus	false
names_name_92147359091	Circo	false
names_name_92147359093	Camring	false
names_name_92147359095	Kholis	false
names_name_92147359097	Duluric	false
names_name_92147359100	Amhas	false
names_name_92147359102	Alu	false
names_name_92147359108	Silontol	false
names_name_92147359110	Isrostot	false
names_name_92147359111	Narien	false
names_name_92147359114	Olanis	false
names_name_92147359115	Ingmir	false
names_name_92147359116	Singal	false
names_name_92147359118	Orliaruth	false
names_name_92147359121	Dhanas	false
names_name_92147359124	Valahuir	false
names_name_92147359125	Mylnel	false
names_name_92147359132	Dhehen	false
names_name_92147359134	Urdithane	false
names_name_92147359135	Foros	false
names_name_92147359139	Felnylsal	false
names_name_92147359140	Attodaeth	false
names_name_92147359143	Belaeg	false
names_name_92147359149	Ara	false
names_name_92147359158	Othiodi	false
names_name_92147359161	Catra	false
names_name_92147359169	Zaltothios	false
names_name_92147359174	Ikirin	false
names_name_92147359179	Varcio	false
names_name_92147359189	Straslaeth	false
names_name_92147359197	Iscuraa	false
names_name_92147359206	Thilvokkas	false
names_name_92147359209	Daertoc	false
names_name_92147359214	Otrolio	false
names_name_92147359220	Iarac	false
names_name_92147359222	Dhada	false
names_name_92147359231	Dhalsyth	false
names_name_92147359233	Sesteshal	false
names_name_92147359348	Selafyn	false
names_name_92147359351	Finreir	false
names_name_92147359355	Anaryll	false
names_name_92147359361	Eldril	false
names_name_92147359365	Aethis	false
names_name_92147359373	Harathrel	false
names_name_92147359376	Arandir	false
names_name_92147359377	Argalen	false
names_name_92147359387	Moranion	false
names_name_92147359388	Ferghal	false
names_name_92147359397	Antheus	false
names_name_92147359403	Inrion	false
names_name_92147359410	Hallar	false
names_name_92147359420	Cireon	false
names_name_92147359423	Erethond	false
names_name_92147359428	Eldarain	false
names_name_92147359429	Aethenor	false
names_name_92147359432	Aramir	false
names_name_92147359438	Cerion	false
names_name_92147359440	Melanar	false
names_name_92147359445	Anurell	false
names_name_92147359448	Thaindor	false
names_name_92147359449	Illidial	false
names_name_92147359455	Elon	false
names_name_92147359457	Sulphunet	false
names_name_92147359467	Kurl	false
names_name_92147359470	Vraneth	false
names_name_92147359478	Galroth	false
names_name_92147359486	Asperon	false
names_name_92147359493	Tuern	false
names_name_92147359501	Corvass	false
names_name_92147359511	Ruerl	false
names_name_92147359518	Hargan	false
names_name_92147359523	Aillion	false
names_name_92147359524	Gandrell	false
names_name_92147359527	Urian	false
names_name_92147359529	Maglan	false
names_name_92147359538	Dranack	false
names_name_92147359539	Delekth	false
names_name_92147359540	Yeurl	false
names_name_92147359548	Kaleth	false
names_name_92147359554	Khalek	false
names_name_92147359568	Girathon	false
names_name_92147359575	Girathon	false
names_name_92147359576	Furion	false
names_name_92147359586	Korhedron	false
names_name_92147359595	Khalin	false
names_name_92147359605	Ribath	false
names_name_92147359610	Sihori	false
names_name_92147359620	Sareth	false
names_name_92147359621	Vashas	false
names_name_92147359623	Lorsitel	false
names_name_92147359626	Locehon	false
names_name_92147359636	Arathar	false
names_name_92147359643	Akhaunet	false
names_name_92147359652	Velavith	false
names_name_92147359655	Sabichal	false
names_name_92147359664	Cagherosh	false
names_name_92147359673	Mittarah	false
names_name_92147359681	Virlorel	false
names_name_92147359691	Tarrerrosh	false
names_name_92147359698	Thoshelre	false
names_name_92147359706	Cirsis	false
names_name_92147359712	Cerirreh	false
names_name_92147359713	Sokhos	false
names_name_92147359720	Maveh	false
names_name_92147359721	Feisha	false
names_name_92147359724	Fecha	false
names_name_92147359729	Lecelne	false
names_name_92147359734	Hohha	false
names_name_92147359737	Cesirnoh	false
names_name_92147359741	Corvishish	false
names_name_92147359749	Massighah	false
names_name_92147359753	Merosha	false
names_name_92147359759	Hacaggil	false
names_name_92147359767	Resara	false
names_name_92147359770	Neheth	false
names_name_92147359773	Ravares	false
names_name_92147359780	Volilosh	false
names_name_92147359788	Zeloran	false
names_name_92147359792	Shakkara	false
names_name_92147359797	Shakkara	false
names_name_92147359799	Nelosi	false
names_name_92147359806	Tholre'kai	false
names_name_92147359811	Rervetoh	false
names_name_92147359818	Kakaukin	false
names_name_92147359827	Sothartah	false
names_name_92147359833	Tothauthrak	false
names_name_92147359836	Cekhullil	false
names_name_92147359840	Danoth	false
names_name_92147359843	Nocrusith	false
names_name_92147359846	Vukathan	false
names_name_92147359849	Vegmorlus	false
names_name_92147359855	Wirtha	false
names_name_92147359859	Veri'kath	false
names_name_92147359864	Khalgughun	false
names_name_92147359867	Decun'kar	false
names_name_92147359868	Tallirmoth	false
names_name_92147359877	Tehechish	false
names_name_92147359887	Werrora	false
names_name_92147359894	Calnatoth	false
names_name_92147359903	Bel-Edhanel	false
names_name_92147359910	Enthaal	false
names_name_92147359912	Zaathos	false
names_name_92147359917	Thanlutlin	false
names_name_92147359924	Deralac	false
names_name_92147359926	Dydrarus	false
names_name_92147359930	Bel-Harthur	false
names_name_92147359934	Gondil	false
names_name_92147359937	Tharhindrel	false
names_name_92147359956	Halithyar	false
names_name_92147359965	Bel-Aethlec	false
names_name_92147359969	Feyadyin	false
names_name_92147359973	Miradrin	false
names_name_92147359978	Assagiere	false
names_name_92147359986	Illenyadara	false
names_name_92147359987	Einnilize	false
names_name_92147359994	Haerrieth	false
names_name_92147359998	Licumoitta	false
names_name_92147360007	Agiella	false
names_name_92147360012	Sophiridrin	false
names_name_92147360015	Adagia	false
names_name_92147360018	Itilnae	false
names_name_92147360025	Hemmara	false
names_name_92147360031	Haennirmara	false
names_name_92147360040	Nashanra	false
names_name_92147360046	Litania	false
names_name_92147360050	Vanya	false
names_name_92147360065	Alyssa	false
names_name_92147360075	Nonens	false
names_name_92147360083	Nonus	false
names_name_92147360092	Moksha	false
names_name_92147360102	Maledicta	false
names_name_92147360109	Tilly	false
names_name_92147360118	Taira	false
names_name_92147360123	Armandis	false
names_name_92147360125	Azuma	false
names_name_92147360132	Bael'Sammon	false
names_name_92147360156	Galag	false
names_name_92147360163	Weylyn	false
names_name_92147360164	Melwin	false
names_name_92147360181	Vera	false
names_name_92147360185	Amon	false
names_name_92147360188	Sabioth	false
names_name_92147360191	Rowan	false
names_name_92147360198	Gaion	false
names_name_92147360199	Maktig	false
names_name_92147360201	Noriv	false
names_name_92147360210	Mehri	false
names_name_92147360216	Eydis	false
names_name_92147360224	Cylas	false
names_name_92147360232	Gwyndion	false
names_name_92147360242	Rodir	false
names_name_92147360248	Kychte	false
names_name_92147360256	Mychaela	false
names_name_92147360259	Azriel	false
names_name_92147360298	Maeron	false
names_name_92147360299	Shanahan	false
names_name_92147360301	Thovar	false
names_name_92147360302	Serra	false
names_name_92147360305	Leander	false
names_name_92147360312	Taodin	false
names_name_92147360316	Aphazel	false
names_name_92147360320	Aesllanan	false
names_name_92147360324	Iolair	false
names_name_92147360332	Tallanquine	false
names_name_92147360339	Aratt	false
names_name_92147360344	Arathalle	false
names_name_92147360353	Arathion	false
names_name_92147360370	Arhalien	false
names_name_92147360378	Astra	false
names_name_92147360386	Anwesu	false
names_name_92147360388	Banadl	false
names_name_92147360389	Eliandr	false
names_name_92147360397	Cuolsh	false
names_name_92147360398	Bel-Eshain	false
names_name_92147360399	Darsis	false
names_name_92147360401	Cynaeaf	false
names_name_92147360409	Delzus	false
names_name_92147360412	Tarnig	false
names_name_92147360418	Fiarel	false
names_name_92147360422	Fildrigar	false
names_name_92147360431	Gemariel	false
names_name_92147360439	Herisan	false
names_name_92147360449	Eponandilas	false
names_name_92147360452	Korhian	false
names_name_92147360456	Loth	false
names_name_92147360466	Sullandiel	false
names_name_92147360473	Siaisullainn	false
names_name_92147360483	Larithiriel	false
names_name_92147360488	Sikariel	false
names_name_92147360496	Yrtle	false
names_name_92147360497	Malmir	false
names_name_92147360505	Yavathol	false
names_name_92147360861	Valnal	false
names_name_92147360865	Valahuir	false
names_name_92147360866	Valin	false
names_name_92147360872	Halin	false
names_name_92147360880	Curufor	false
names_name_92147360887	Valanduil	false
names_name_92147360895	Gloringwe	false
names_name_92147360898	Balthinal	false
names_name_9215489877	Murdredesa	false
names_name_9221419176	Ghyrohus	false
names_name_9229702971	Orinon	false
names_name_9240319108	Morgula	false
names_name_9251206543	Merel	false
names_name_9254105579	Olana	false
names_name_9260349986	Hultressa	false
names_name_927712983	Ceyl-Thakeya	false
names_name_928191196	Yullin-Wen	false
names_name_9288906143	Tressa	false
names_name_9297603475	Kiriela	false
names_name_9299240783	Kyriela	false
names_name_9303214758	Saam	false
names_name_9307882877	Sharkia	false
names_name_9321922030	Wendrina	false
names_name_9330937663	Yenlui-Enyur	false
names_name_9337880775	Hordahn	false
names_name_9342870749	Mellindirei	false
names_name_9347628724	Rovaran	false
names_name_9350709652	Velissan	false
names_name_9355424219	Elemire	false
names_name_9363168612	Ophillien	false
names_name_9372059833	Yornh	false
names_name_9374343023	Syd	false
names_name_9375052472	Laurum	false
names_name_9391961608	Olfren	false
names_name_939359749	Sadrina	false
names_name_9396435961	Gerzhin	false
names_name_940592359	Ichinya	false
names_name_9408331728	Thina	false
names_name_9409792556	Yelgren	false
names_name_9422011688	Segales	false
names_name_9423002791	Tomalak	false
names_name_9451739357	Lautaro	false
names_name_9462808050	Tefari	false
names_name_9468983423	Bel-Eiline	false
names_name_9469563707	Yandis	false
names_name_9470237979	Yorian	false
names_name_9480060307	Ruybiniss	false
names_name_9484120234	Molgo	false
names_name_9494061521	Galdorian	false
names_name_9496860590	Hydrans	false
names_name_9506407445	Feretulios	false
names_name_9516740147	Arwenil	false
names_name_95264397	Dorian	false
names_name_9534479850	Osydin	false
names_name_9534996114	Kyrian	false
names_name_9556088774	Jolandya	false
names_name_9569655551	Leech	false
names_name_9581191811	Rinmaud	false
names_name_958209983	Fernhavest	false
names_name_9587744652	Alarion	false
names_name_9597082929	Couladin	false
names_name_9609178536	Aloisa	false
names_name_9609415243	Daeves	false
names_name_9637606852	Scarissa	false
names_name_9657027400	Edelia	false
names_name_9667799830	Izual	false
names_name_9671922100	Driellen	false
names_name_9683956364	Lovok	false
names_name_9686261355	Arspeth	false
names_name_9688987316	Deshenshar	false
names_name_9697188827	Danar	false
names_name_9709930337	Zenoria	false
names_name_9719260432	Jinquella	false
names_name_9724873043	Ilnyshon	false
names_name_9727328651	Theron	false
names_name_9741491310	Borath	false
names_name_9749892976	Ghyrohus	false
names_name_9750221586	Keevan	false
names_name_9757978914	Zamdilla	false
names_name_9762917372	Killian	false
names_name_9769215322	Barsathar	false
names_name_9778743758	Vespa	false
names_name_9794649491	Kuzu	false
names_name_9802181658	Jayden	false
names_name_9808487450	Karorn	false
names_name_9829924005	Mantressa	false
names_name_9832962557	Khalin	false
names_name_9833034999	Siamak	false
names_name_9847757873	Malarnur	false
names_name_9851662598	Cyruss	false
names_name_9859676261	Deloria	false
names_name_9868178937	Tifeon	false
names_name_9868179889	Amrifor	false
names_name_9870085407	Altharloss	false
names_name_9906324863	Luaran	false
names_name_9916939383	Scitilla	false
names_name_9924291862	Yurichmur	false
names_name_9933037566	Galathon	false
names_name_9933807514	Pardek	false
names_name_9940016733	Seraph	false
names_name_9944360972	Uriel	false
names_name_9960124450	Elena	false
names_name_9978479741	Vigilo	false
names_name_99990999999993	Idrinth	false
names_name_99990999999994	Thalui	false
names_name_99990999999995	Knight-Scholar	false
names_name_99990999999996	Idrinth	false
names_name_99990999999997	Thalui	false
names_name_99990999999998	Knight-Scholar	false
names_name_99990999999999	Idrinth	false
names_name_99991000000000	Thalui	false
names_name_99991000000001	Knight-Scholar	false
names_name_99991000000002	Idrinth	false
names_name_99991000000003	Thalui	false
names_name_99991000000004	Knight-Scholar	false
names_name_99991000000005	Idrinth	false
names_name_99991000000006	Thalui	false
names_name_99991000000007	Knight-Scholar	false
names_name_99991000000008	Idrinth	false
names_name_99991000000009	Thalui	false
names_name_99991000000010	Knight-Scholar	false
names_name_99991000000011	Idrinth	false
names_name_99991000000012	Thalui	false
names_name_99991000000013	Knight-Scholar	false
names_name_99991000000014	Idrinth	false
names_name_99991000000015	Thalui	false
names_name_99991000000016	Knight-Scholar	false
names_name_99991000000017	Idrinth	false
names_name_99991000000018	Thalui	false
names_name_99991000000019	Knight-Scholar	false
pooled_resources_description_idrinth_khaine	Khaine ile İtibar	false
pooled_resources_display_name_idrinth_khaine	Khaine Lütfu	false
pooled_resources_negative_factors_display_name_idrinth_khaine	Kaybedilen	false
pooled_resources_positive_factors_display_name_idrinth_khaine	Kazanılan	false
pooled_resources_description_idrinth_kurnous	Kurnous ile İtibar	false
pooled_resources_display_name_idrinth_kurnous	Kurnous Lütfu	false
pooled_resources_negative_factors_display_name_idrinth_kurnous	Kaybedilen	false
pooled_resources_positive_factors_display_name_idrinth_kurnous	Kazanılan	false
pooled_resources_description_idrinth_asuryan	Asuryan ile İtibar	false
pooled_resources_display_name_idrinth_asuryan	Asuryan Lütfu	false
pooled_resources_negative_factors_display_name_idrinth_asuryan	Kaybedilen	false
pooled_resources_positive_factors_display_name_idrinth_asuryan	Kazanılan	false
special_ability_groups_name_idrinth_lore_thalui	Thalui Bilimi	false
special_ability_groups_name_idrinth_lore_thalui_upgraded	Thalui Bilimi	false
special_ability_phases_onscreen_name_idrinth_hev_high_elf_vampires_anti_chaos	Yıkım Güçlerinin Düşmanı	false
ui_text_replacements_localised_text_idrinth_chapel_settlement_panel_tooltip	Thalui Şapeli	false
ui_text_replacements_localised_text_idrinth_chapel_button_tooltip	Yerel Thalui Şapelini göster	false
ui_unit_groupings_onscreen_idrinth_hev_high_elf_vampires_idrinth	Yüksek Elf Vampiri	false
ui_unit_groupings_onscreen_idrinth_hev_high_elf_vampires_chapel_shrine	Türbe	false
ui_unit_groupings_onscreen_idrinth_hev_high_elf_vampires_chapel_guard	Şapel Muhafızı	false
ui_unit_groupings_onscreen_idrinth_hev_high_elf_vampires_chapel_priest	Şapel Rahibi	false
uied_component_texts_localised_string_Idrinth_StateText_fc1bd77b	Şu Anda Aktif	false
uied_component_texts_localised_string_Idrinth_StateText_5e2400a	Bu karakter için Idrinth'in Yolları bildirimlerini kapat	false
uied_component_texts_localised_string_Idrinth_StateText_5fa40ba9	Idrinth'in Adanmışlığı	false
uied_component_texts_localised_string_Idrinth_StateText_6926231c	Idrinth'in Duaları	false
uied_component_texts_localised_string_Idrinth_StateText_54a33572	YER TUTUCU 1	false
uied_component_texts_localised_string_Idrinth_StateText_520024dc	YER TUTUCU 4	false
uied_component_texts_localised_string_Idrinth_StateText_7df03839	YER TUTUCU 6	false
uied_component_texts_localised_string_Idrinth_StateText_2ed10066	YER TUTUCU 7	false
uied_component_texts_localised_string_Idrinth_StateText_ad00607	YER TUTUCU 8	false
uied_component_texts_localised_string_Idrinth_StateText_56956138	YER TUTUCU 9	false
uied_component_texts_localised_string_Idrinth_StateText_2d1802d	YER TUTUCU 10	false
uied_component_texts_localised_string_Idrinth_StateText_97e54363	YER TUTUCU 11	false
uied_component_texts_localised_string_Idrinth_StateText_2d67f411	YER TUTUCU 12	false
uied_component_texts_localised_string_Idrinth_StateText_d12dea81	YER TUTUCU 16	false
uied_component_texts_localised_string_Idrinth_StateText_24667457	YER TUTUCU 17	false
uied_component_texts_localised_string_Idrinth_StateText_7a688d04	YER TUTUCU 18	false
uied_component_texts_localised_string_Idrinth_StateText_3a099911	YER TUTUCU 19	false
uied_component_texts_localised_string_Idrinth_StateText_3710e3f2	YER TUTUCU 20	false
uied_component_texts_localised_string_Idrinth_StateText_49a7b394	YER TUTUCU 21	false
uied_component_texts_localised_string_Idrinth_StateText_39b3dcfe	YER TUTUCU 22	false
uied_component_texts_localised_string_Idrinth_StateText_b7030818	YER TUTUCU 23	false
uied_component_texts_localised_string_Idrinth_StateText_b68b4233	YER TUTUCU 24	false
uied_component_texts_localised_string_Idrinth_StateText_b3139611	YER TUTUCU 25	false
unit_abilities_onscreen_name_idrinth_lore_thalui_oath_of_withstanding	Dayanma Yemini	false
unit_abilities_tooltip_text_idrinth_lore_thalui_oath_of_withstanding		false
unit_abilities_onscreen_name_idrinth_lore_thalui_oath_of_withstanding_upgraded	Büyük Dayanma Yemini	false
unit_abilities_tooltip_text_idrinth_lore_thalui_oath_of_withstanding_upgraded		false
unit_abilities_onscreen_name_idrinth_lore_thalui_shadow_finger	Gölge Parmağı	false
unit_abilities_tooltip_text_idrinth_lore_thalui_shadow_finger		false
unit_abilities_onscreen_name_idrinth_lore_thalui_shadow_finger_upgraded	Büyük Gölge Parmağı	false
unit_abilities_tooltip_text_idrinth_lore_thalui_shadow_finger_upgraded		false
unit_abilities_onscreen_name_idrinth_lore_thalui_shadow_dance	Gölge Dansı	false
unit_abilities_tooltip_text_idrinth_lore_thalui_shadow_dance		false
unit_abilities_onscreen_name_idrinth_lore_thalui_shadow_dance_upgraded	Büyük Gölge Dansı	false
unit_abilities_tooltip_text_idrinth_lore_thalui_shadow_dance_upgraded		false
unit_abilities_onscreen_name_idrinth_lore_thalui_eternal_servitude	Sonsuz Kulluk	false
unit_abilities_tooltip_text_idrinth_lore_thalui_eternal_servitude		false
unit_abilities_onscreen_name_idrinth_lore_thalui_eternal_servitude_upgraded	Büyük Sonsuz Kulluk	false
unit_abilities_tooltip_text_idrinth_lore_thalui_eternal_servitude_upgraded		false
unit_abilities_onscreen_name_idrinth_lore_thalui_deadly_intend	Ölümcül Niyet	false
unit_abilities_tooltip_text_idrinth_lore_thalui_deadly_intend		false
unit_abilities_onscreen_name_idrinth_lore_thalui_deadly_intend_upgraded	Büyük Ölümcül Niyet	false
unit_abilities_tooltip_text_idrinth_lore_thalui_deadly_intend_upgraded		false
unit_abilities_onscreen_name_idrinth_lore_thalui_oath_of_vengeance	İntikam Yemini	false
unit_abilities_tooltip_text_idrinth_lore_thalui_oath_of_vengeance		false
unit_abilities_onscreen_name_idrinth_lore_thalui_oath_of_vengeance_upgraded	Büyük İntikam Yemini	false
unit_abilities_tooltip_text_idrinth_lore_thalui_oath_of_vengeance_upgraded		false
unit_abilities_onscreen_name_idrinth_hev_high_elf_vampires_anti_chaos	Yıkım Güçlerinin Düşmanı	false
unit_abilities_tooltip_text_idrinth_hev_high_elf_vampires_anti_chaos	Yıkım güçlerinin sayısız düşmanına karşı özel olarak eğitilmiş bu savaşçılar, onlarla savaşmakta olağanüstüdür.	false
unit_description_historical_texts_text_idrinth_hev_high_elf_vampires_idrinth	Elf zarafeti ve vampirik güçle savrulan kılıçlar, elf isabetliliği ve vampirik güçle atılan oklar. Bu yaratıklar çoğu kalbe korku salar.	false
unit_description_historical_texts_text_idrinth_hev_high_elf_vampires_chapel_asuryan	Bu umutsuz sürgünler, maceracılar ve paralı askerler Asuryan'ın türbesini korurlar.	false
unit_description_historical_texts_text_idrinth_hev_high_elf_vampires_chapel_kurnous	Bu umutsuz sürgünler, maceracılar ve paralı askerler Kurnous'un türbesini korurlar.	false
unit_description_historical_texts_text_idrinth_hev_high_elf_vampires_chapel_khaine	Bu umutsuz sürgünler, maceracılar ve paralı askerler Khaine'in türbesini korurlar.	false
unit_description_historical_texts_text_idrinth_hev_high_elf_vampires_chapel_mixed	Bu umutsuz sürgünler, maceracılar ve paralı askerler tanrılarının şapelini korurlar.	false
unit_description_historical_texts_text_idrinth_hev_high_elf_vampires_chapel_asuryan_leader	Bu eski sürgünler, maceracılar ve paralı askerler Asuryan'ın türbesini korurlar.	false
unit_description_historical_texts_text_idrinth_hev_high_elf_vampires_chapel_kurnous_leader	Bu eski sürgünler, maceracılar ve paralı askerler Kurnous'un türbesini korurlar.	false
unit_description_historical_texts_text_idrinth_hev_high_elf_vampires_chapel_khaine_leader	Bu eski sürgünler, maceracılar ve paralı askerler Khaine'in türbesini korurlar.	false
unit_description_historical_texts_text_idrinth_hev_high_elf_vampires_chapel_shrine	Asuryan, Kurnous ve Khaine'e adanmış bu derme çatma, canlandırılmış türbe savunucuları korur ve direnişte güçlü durmalarına yardımcı olur.	false
unit_description_historical_texts_text_idrinth_hev_high_elf_vampires_chapel_stone_wolves	Bu taştan yapılmış canavarlar elf sanatçılığını yıkıcı büyülerle birleştirerek Thalui Şapellerinin en iyi şok birliklerinden biri haline gelir.	false
unit_description_historical_texts_text_idrinth_hev_high_elf_vampires_chapel_outriders	Bu gururlu erkekler ve kadınlar yolları ve kanatları güvence altına almak için ileriye sürer, hayatta kalma şanslarını artırmak için iksirler kullanırlar.	false
unit_description_historical_texts_text_idrinth_hev_high_elf_vampires_chapel_asuryan_leader_vampire	Bu eski sürgünler, maceracılar ve paralı askerler vampirizmine rağmen Asuryan'ın türbesini korurlar.	false
unit_description_historical_texts_text_idrinth_hev_high_elf_vampires_chapel_kurnous_leader_vampire	Bu eski sürgünler, maceracılar ve paralı askerler vampirizmine rağmen Kurnous'un türbesini korurlar.	false
unit_description_historical_texts_text_idrinth_hev_high_elf_vampires_chapel_khaine_leader_vampire	Bu eski sürgünler, maceracılar ve paralı askerler vampirizmine rağmen Khaine'in türbesini korurlar.	false
unit_description_historical_texts_text_idrinth_hev_high_elf_vampires_chapel_khaine_varghulf	Bu başarısız vampirler eskiden Khaine'in rahipleriydi.	false
unit_description_historical_texts_text_idrinth_hev_high_elf_vampires_chapel_kurnous_varghulf	Bu başarısız vampirler eskiden Kurnous'un rahipleriydi.	false
unit_description_historical_texts_text_idrinth_hev_high_elf_vampires_chapel_asuryan_varghulf	Bu başarısız vampirler eskiden Asuryan'ın rahipleriydi.	false
unit_description_short_texts_text_idrinth_hev_high_elf_vampires_idrinth	Elf zarafeti ve vampirik güçle savrulan kılıçlar, elf isabetliliği ve vampirik güçle atılan oklar. Bu yaratıklar çoğu kalbe korku salar.	false
unit_description_short_texts_text_idrinth_hev_high_elf_vampires_chapel_asuryan	Bu umutsuz sürgünler, maceracılar ve paralı askerler Asuryan'ın türbesini korurlar.	false
unit_description_short_texts_text_idrinth_hev_high_elf_vampires_chapel_kurnous	Bu umutsuz sürgünler, maceracılar ve paralı askerler Kurnous'un türbesini korurlar.	false
unit_description_short_texts_text_idrinth_hev_high_elf_vampires_chapel_khaine	Bu umutsuz sürgünler, maceracılar ve paralı askerler Khaine'in türbesini korurlar.	false
unit_description_short_texts_text_idrinth_hev_high_elf_vampires_chapel_mixed	Bu umutsuz sürgünler, maceracılar ve paralı askerler tanrılarının şapelini korurlar.	false
unit_description_short_texts_text_idrinth_hev_high_elf_vampires_chapel_asuryan_leader	Bu eski sürgünler, maceracılar ve paralı askerler Asuryan'ın türbesini korurlar.	false
unit_description_short_texts_text_idrinth_hev_high_elf_vampires_chapel_kurnous_leader	Bu eski sürgünler, maceracılar ve paralı askerler Kurnous'un türbesini korurlar.	false
unit_description_short_texts_text_idrinth_hev_high_elf_vampires_chapel_khaine_leader	Bu eski sürgünler, maceracılar ve paralı askerler Khaine'in türbesini korurlar.	false
unit_description_short_texts_text_idrinth_hev_high_elf_vampires_chapel_shrine	Asuryan, Kurnous ve Khaine'e adanmış bu derme çatma, canlandırılmış türbe savunucuları korur ve direnişte güçlü durmalarına yardımcı olur.	false
unit_description_short_texts_text_idrinth_hev_high_elf_vampires_chapel_stone_wolves	Bu taştan yapılmış canavarlar elf sanatçılığını yıkıcı büyülerle birleştirerek Thalui Şapellerinin en iyi şok birliklerinden biri haline gelir.	false
unit_description_short_texts_text_idrinth_hev_high_elf_vampires_chapel_outriders	Bu gururlu erkekler ve kadınlar yolları ve kanatları güvence altına almak için ileriye sürer, hayatta kalma şanslarını artırmak için iksirler kullanırlar.	false
unit_description_short_texts_text_idrinth_hev_high_elf_vampires_chapel_asuryan_leader_vampire	Bu eski sürgünler, maceracılar ve paralı askerler vampirizmine rağmen Asuryan'ın türbesini korurlar.	false
unit_description_short_texts_text_idrinth_hev_high_elf_vampires_chapel_kurnous_leader_vampire	Bu eski sürgünler, maceracılar ve paralı askerler vampirizmine rağmen Kurnous'un türbesini korurlar.	false
unit_description_short_texts_text_idrinth_hev_high_elf_vampires_chapel_khaine_leader_vampire	Bu eski sürgünler, maceracılar ve paralı askerler vampirizmine rağmen Khaine'in türbesini korurlar.	false
unit_description_short_texts_text_idrinth_hev_high_elf_vampires_chapel_khaine_varghulf	Bu başarısız vampirler eskiden Khaine'in rahipleriydi.	false
unit_description_short_texts_text_idrinth_hev_high_elf_vampires_chapel_kurnous_varghulf	Bu başarısız vampirler eskiden Kurnous'un rahipleriydi.	false
unit_description_short_texts_text_idrinth_hev_high_elf_vampires_chapel_asuryan_varghulf	Bu başarısız vampirler eskiden Asuryan'ın rahipleriydi.	false
upgrade_tooltips_idrinth_unit_asuryan	Karma Elf Muhafızını Asuryan'ın Muhafızına 300 + 50 * Rütbe Altın karşılığında yükselt ve Rütbe² Lütuf kazan	false
upgrade_tooltips_idrinth_priest_asuryan	Bu rahibi 1000 Altın ve 250 Lütuf karşılığında vampire dönüştürmeyi dene. Bu başarısız olabilir ve en kötü durumda onları öldürebilir.	false
upgrade_tooltips_idrinth_unit_khaine	Karma Elf Muhafızını Khaine'in Muhafızına 300 + 50 * Rütbe Altın karşılığında yükselt ve Rütbe² Lütuf kazan.	false
upgrade_tooltips_idrinth_priest_khaine	Bu rahibi 1000 Altın ve 250 Lütuf karşılığında vampire dönüştürmeyi dene. Bu başarısız olabilir ve en kötü durumda onları öldürebilir.	false
upgrade_tooltips_idrinth_unit_kurnous	Karma Elf Muhafızını Kurnous Muhafızına 300 + 50 * Rütbe Altın karşılığında yükselt ve Rütbe² Lütuf kazan	false
upgrade_tooltips_idrinth_priest_kurnous	Bu rahibi 1000 Altın ve 250 Lütuf karşılığında vampire dönüştürmeyi dene. Bu başarısız olabilir ve en kötü durumda onları öldürebilir.	false
upgrade_tooltips_idrinth_animal_kurnous_eagle	Büyük kartalı 125 altın ve 70 lütuf karşılığında Kurnous'un adına kutsa.	false
upgrade_tooltips_idrinth_animal_khaine_eagle	Büyük kartalı 125 altın ve 70 lütuf karşılığında Khaine'in adına kutsa.	false
upgrade_tooltips_idrinth_animal_asuryan_eagle	Büyük kartalı 125 altın ve 70 lütuf karşılığında Asuryan'ın adına kutsa.	false
upgrade_tooltips_idrinth_animal_kurnous_hawks	Şahinleri 100 altın ve 40 lütuf karşılığında Kurnous'un adına kutsa.	false
upgrade_tooltips_idrinth_animal_khaine_hawks	Şahinleri 100 altın ve 40 lütuf karşılığında Khaine'in adına kutsa.	false
upgrade_tooltips_idrinth_animal_asuryan_hawks	Şahinleri 100 altın ve 40 lütuf karşılığında Asuryan'ın adına kutsa.	false
upgrade_tooltips_idrinth_animal_kurnous_bats	Yarasaları 50 altın ve 20 lütuf karşılığında Kurnous'un adına kutsa.	false
upgrade_tooltips_idrinth_animal_khaine_bats	Yarasaları 50 altın ve 20 lütuf karşılığında Khaine'in adına kutsa.	false
upgrade_tooltips_idrinth_animal_asuryan_bats	Yarasaları 50 altın ve 20 lütuf karşılığında Asuryan'ın adına kutsa.	false
upgrade_tooltips_idrinth_animal_kurnous_wolves	Kurtları 75 altın ve 30 lütuf karşılığında Kurnous'un adına kutsa.	false
upgrade_tooltips_idrinth_animal_khaine_wolves	Kurtları 75 altın ve 30 lütuf karşılığında Khaine'in adına kutsa.	false
upgrade_tooltips_idrinth_animal_asuryan_wolves	Kurtları 75 altın ve 30 lütuf karşılığında Asuryan'ın adına kutsa.	false
upgrade_tooltips_idrinth_size_outriders	Şapel Öncülerinin sayısını 250 altın karşılığında 5 artır. Rütbeler aktarılır.	false
upgrade_tooltips_idrinth_size_kurnous	Kurnous'un Muhafızının sayısını 300 altın karşılığında 15 artır. Rütbeler ve Kıdemli statüsü aktarılır.	false
upgrade_tooltips_idrinth_size_khaine	Khaine'in Muhafızının sayısını 300 altın karşılığında 15 artır. Rütbeler ve Kıdemli statüsü aktarılır.	false
upgrade_tooltips_idrinth_size_asuryan	Asuryan'ın Muhafızının sayısını 300 altın karşılığında 15 artır. Rütbeler ve Kıdemli statüsü aktarılır.	false
mct_patch_notes_idrinth_129_notes	- yukseltmeler icin hazine maliyetlerinin para almak yerine para vermesi duzeltildi	false
mct_patch_notes_idrinth_129_version	v1.6.4	false
mct_patch_notes_idrinth_128_notes	- daha iyi kararlilik icin kod yeniden yazildi\\n- mod yapilandirma aracinda daha fazla secenek\\n- bircok kucuk duzeltme	false
mct_patch_notes_idrinth_128_version	v1.6.3	false
mct_patch_notes_idrinth_127_notes	- gecikmeli fonksiyon cagrisi icin performans iyilestirmeleri	false
mct_patch_notes_idrinth_127_version	v1.6.2	false
mct_patch_notes_idrinth_126_notes	- nowAndThen cok sik tetiklenerek cokmelere yol acmasi duzeltildi	false
mct_patch_notes_idrinth_126_version	v1.6.1	false
mct_patch_notes_idrinth_125_notes	- birim boyutu yukseltmeleri\\n- canavar yukseltme yenilemesi	false
mct_patch_notes_idrinth_125_version	v1.6.0	false
mct_patch_notes_idrinth_124_notes	- ozellik kaldirma olay spami onlendi	false
mct_patch_notes_idrinth_124_version	v1.5.2	false
mct_patch_notes_idrinth_123_notes	- simsek saldirisi korumasina duzeltme	false
mct_patch_notes_idrinth_123_version	v1.5.1	false
mct_patch_notes_idrinth_122_notes	- elf birimleri icin birim yukseltmeleri eklendi	false
mct_patch_notes_idrinth_122_version	v1.5.0	false
mct_patch_notes_idrinth_121_notes	- kod temizlikleri	false
mct_patch_notes_idrinth_121_version	v1.4.6	false
mct_patch_notes_idrinth_120_notes	- korsan kiyisi "hukumet pozisyonuna" atandiginda isim kaybi duzeltildi	false
mct_patch_notes_idrinth_120_version	v1.4.5	false
mct_patch_notes_idrinth_119_notes	- savas kaynaklarina duzeltmeler\\n- kod optimizasyonlari	false
mct_patch_notes_idrinth_119_version	v1.4.4	false
mct_patch_notes_idrinth_118_notes	- butona tiklandiktan sonra birim yukseltme panelinin gosterilmedigi durum duzeltildi	false
mct_patch_notes_idrinth_118_version	v1.4.3	false
mct_patch_notes_idrinth_117_notes	- butona tiklandiktan sonra birim yukseltme panelinin gosterilmedigi durum duzeltildi	false
mct_patch_notes_idrinth_117_version	v1.4.2	false
mct_patch_notes_idrinth_116_notes	- birim kullanimi icin ipuclari eklendi	false
mct_patch_notes_idrinth_116_version	v1.4.1	false
mct_patch_notes_idrinth_115_notes	- waaagh hayvanlari icin birim kutsamalarinin calismasi saglandi\\n- ordu binalari yeniden dengelendi	false
mct_patch_notes_idrinth_115_version	v1.4.0	false
mct_patch_notes_idrinth_114_notes	- gerekli her seyi kapsamayan birim seti icin duzeltmeler	false
mct_patch_notes_idrinth_114_version	v1.3.5	false
mct_patch_notes_idrinth_113_notes	- gerekli her seyi kapsamayan birim seti icin duzeltmeler	false
mct_patch_notes_idrinth_113_version	v1.3.4	false
mct_patch_notes_idrinth_112_notes	- gerekli her seyi kapsamayan birim seti icin duzeltmeler	false
mct_patch_notes_idrinth_112_version	v1.3.3	false
mct_patch_notes_idrinth_111_notes	- karakter inisiyatiflerinin tespiti duzeltildi	false
mct_patch_notes_idrinth_111_version	v1.3.2	false
mct_patch_notes_idrinth_110_notes	- cokme nedeni duzeltildi	false
mct_patch_notes_idrinth_110_version	v1.3.1	false
mct_patch_notes_idrinth_109_notes	- performans icin buyuk yeniden yazim	false
mct_patch_notes_idrinth_109_version	v1.3.0	false
mct_patch_notes_idrinth_108_notes	- surum numarasi duzeltildi	false
mct_patch_notes_idrinth_108_version	v1.2.2	false
mct_patch_notes_idrinth_107_notes	- anti-ozellik isleme duzeltildi	false
mct_patch_notes_idrinth_107_version	v1.2.1	false
mct_patch_notes_idrinth_106_notes	- sapeller mevcut oldugunda yerlesim uzerinde ikon\\n- cok sayida kod temizligi\\n- tanri kiskancligiyla adanmislik sistemi iyilestirmeleri	false
mct_patch_notes_idrinth_106_version	v1.2.0	false
mct_patch_notes_idrinth_105_notes	- arayuzde kaynaklarin yanlis yerlestirilmesi duzeltildi	false
mct_patch_notes_idrinth_105_version	v1.1.18	false
mct_patch_notes_idrinth_104_notes	- bir baska yerlesim arayuzu duzeltmesi	false
mct_patch_notes_idrinth_104_version	v1.1.17	false
mct_patch_notes_idrinth_103_notes	- yerlesim gorunumunde buton isleme duzeltildi	false
mct_patch_notes_idrinth_103_version	v1.1.16	false
mct_patch_notes_idrinth_102_notes	- birden fazla set kazanilmasini onlemek icin esya durumu kaydetme/yuklemesi duzeltildi	false
mct_patch_notes_idrinth_102_version	v1.1.15	false
mct_patch_notes_idrinth_101_notes	- benzersiz esyalarin otomatik donanimasi duzeltildi	false
mct_patch_notes_idrinth_101_version	v1.1.14	false
mct_patch_notes_idrinth_100_notes	- ise alim sirasinda uygun lord ve ofis unvanlari gosteriliyor\\n- cift olusturma onlendi (umariz)	false
mct_patch_notes_idrinth_100_version	v1.1.13	false
mct_patch_notes_idrinth_99_notes	- yanlis hizip(ler) icin ikilemlerin tetiklendigi iki durum duzeltildi	false
mct_patch_notes_idrinth_99_version	v1.1.12	false
mct_patch_notes_idrinth_98_notes	- esya verme konusunda bir sey daha duzeltildi	false
mct_patch_notes_idrinth_98_version	v1.1.11	false
mct_patch_notes_idrinth_97_notes	- ise alim script duzeltmeleri\\n- arayuz duzeltmeleri\\n- esya script duzeltmeleri	false
mct_patch_notes_idrinth_97_version	v1.1.10	false
mct_patch_notes_idrinth_96_notes	- esya verme kodu duzeltildi	false
mct_patch_notes_idrinth_96_version	v1.1.9	false
mct_patch_notes_idrinth_95_notes	- bazi temizlik gorevleri	false
mct_patch_notes_idrinth_95_version	v1.1.8	false
mct_patch_notes_idrinth_94_notes	- cok oyuncuda yanlis oyuncu icin ayarlarin gosterilmesi duzeltildi	false
mct_patch_notes_idrinth_94_version	v1.1.7	false
mct_patch_notes_idrinth_93_notes	- surum numarasi duzeltildi	false
mct_patch_notes_idrinth_93_version	v1.1.6	false
mct_patch_notes_idrinth_92_notes	- NPC hiziplerinin konum ve hikaye olaylari almasi onlendi	false
mct_patch_notes_idrinth_92_version	v1.1.5	false
mct_patch_notes_idrinth_91_notes	- esya kazanma duzeltmeleri	false
mct_patch_notes_idrinth_91_version	v1.1.4	false
mct_patch_notes_idrinth_90_notes	- arayuz duzeltmeleri	false
mct_patch_notes_idrinth_90_version	v1.1.3	false
mct_patch_notes_idrinth_89_notes	- surum numarasi artisi	false
mct_patch_notes_idrinth_89_version	v1.1.2	false
mct_patch_notes_idrinth_88_notes	- kucuk script duzeltmeleri	false
mct_patch_notes_idrinth_88_version	v1.1.1	false
mct_patch_notes_idrinth_87_notes	- yeniden duzenleme\\n- adanmislik acildi\\n- generale buyuk iyilestirmeler\\n- generale hayvan waaagh mekanigi eklendi	false
mct_patch_notes_idrinth_87_version	v1.1.0	false
mct_patch_notes_idrinth_86_notes	- gorev kilidi acma spami muhtemelen duzeltildi\\n- atlicilar icin artik garip hayvanlar yok\\n- metin netligi icin kucuk ayarlamalar	false
mct_patch_notes_idrinth_86_version	v1.0.15	false
mct_patch_notes_idrinth_85_notes	- lord surumundeki eksik yipranma bagisikliklari duzeltildi	false
mct_patch_notes_idrinth_85_version	v1.0.14	false
mct_patch_notes_idrinth_84_notes	- tur sirasinda arayuzde lutuf kaynaklarinin guncellenmemesi duzeltildi	false
mct_patch_notes_idrinth_84_version	v1.0.13	false
mct_patch_notes_idrinth_83_notes	- kamp kurma artik hareket puani harcamiyor	false
mct_patch_notes_idrinth_83_version	v1.0.12	false
mct_patch_notes_idrinth_82_notes	- hikaye olayi acma/kapamanin birden fazla tetiklenmesi duzeltildi	false
mct_patch_notes_idrinth_82_version	v1.0.11	false
mct_patch_notes_idrinth_81_notes	- eksik birim tipi siniflandirmalari eklendi	false
mct_patch_notes_idrinth_81_version	v1.0.10	false
mct_patch_notes_idrinth_80_notes	- elf katili ozelliklerine unutulmus pozitif etkiler eklendi\\n- modellerin dosya basina en fazla 5 varyant kullanmasi saglandi	false
mct_patch_notes_idrinth_80_version	v1.0.9	false
mct_patch_notes_idrinth_79_notes	- savas takibi duzeltildi\\n- rahiplerin ve Idrinth'in menzilli silah hasari duzeltildi	false
mct_patch_notes_idrinth_79_version	v1.0.8	false
mct_patch_notes_idrinth_78_notes	- kaynak uretim hatasi duzeltildi\\n- general beceri hattina unutulmus beceri eklendi	false
mct_patch_notes_idrinth_78_version	v1.0.7	false
mct_patch_notes_idrinth_77_notes	- elf katili ozellikleri icin yerellelestirme duzeltildi	false
mct_patch_notes_idrinth_77_version	v1.0.6	false
mct_patch_notes_idrinth_76_notes	- taverna sapel bina zincirine duzeltmeler	false
mct_patch_notes_idrinth_76_version	v1.0.5	false
mct_patch_notes_idrinth_75_notes	- Imrik, Morathi, Sartosa icin birim ise alimi duzeltildi	false
mct_patch_notes_idrinth_75_version	v1.0.4	false
mct_patch_notes_idrinth_74_notes	- Drycha icin ise alim duzeltildi	false
mct_patch_notes_idrinth_74_version	v1.0.3	false
mct_patch_notes_idrinth_73_notes	- ordu buyume kapsami duzeltildi	false
mct_patch_notes_idrinth_73_version	v1.0.2	false
mct_patch_notes_idrinth_72_notes	- yanlis kapsam nedeniyle 0 ise alim limiti duzeltildi	false
mct_patch_notes_idrinth_72_version	v1.0.1	false
mct_patch_notes_idrinth_71_notes	- ordu modu lord secenegi\\n- uc yeni yabanci yuva binasi\\n- buyuk yeniden dengeleme\\n- yeni birim (atli keifler)\\n- beceri kapsamlarina hata duzeltmeleri	false
mct_patch_notes_idrinth_71_version	v1.0.0	false
mct_patch_notes_idrinth_70_notes	- genisletilmis kulturler icin eksik gorev basliklari ve aciklamalari duzeltildi	false
mct_patch_notes_idrinth_70_version	v0.19.3	false
mct_patch_notes_idrinth_69_notes	- esya verme spami onlendi	false
mct_patch_notes_idrinth_69_version	v0.19.2	false
mct_patch_notes_idrinth_68_notes	- esya kontrolleri icin seviye karsilastirmasi duzeltildi	false
mct_patch_notes_idrinth_68_version	v0.19.1	false
mct_patch_notes_idrinth_67_notes	- Mod Yapilandirma Araci destegi\\n- yeni konum tabanli olaylar\\n- hafif yeniden dengeleme\\n- genisletilmis kultur ise alimiyla daha iyi uygulanmis ise alim	false
mct_patch_notes_idrinth_67_version	v0.19.0	false
mct_patch_notes_idrinth_66_notes	- Idrinth yarali iken olaylarin tetiklenmesi onlendi	false
mct_patch_notes_idrinth_66_version	v0.18.3	false
mct_patch_notes_idrinth_65_notes	- bir suru temizlik	false
mct_patch_notes_idrinth_65_version	v0.18.2	false
mct_patch_notes_idrinth_64_notes	- enerji kaybi azaltmasi artik artirmak yerine azaltiyor\\n- Idrinth'in tipi artik ise alinamiyor (kategorisi hic acilmamis olsa bile)	false
mct_patch_notes_idrinth_64_version	v0.18.1	false
mct_patch_notes_idrinth_63_notes	- sapel yerlesimlerinin genisletilmesi\\n- hizip kadrosunun genisletilmesi	false
mct_patch_notes_idrinth_63_version	v0.18.0	false
mct_patch_notes_idrinth_62_notes	- muhafizlarda eksik buyuklere karsi savunma duzeltildi\\n- birim agirligi hafifce artirildi	false
mct_patch_notes_idrinth_62_version	v0.17.1	false
mct_patch_notes_idrinth_61_notes	- menzilli beceriler eklendi ve ozel savas hizibi daha farkli hale getirildi	false
mct_patch_notes_idrinth_61_version	v0.17.0	false
mct_patch_notes_idrinth_60_notes	- ozel savaslar icin Thalui Sapeli'ne bayrak ve ikon eklendi	false
mct_patch_notes_idrinth_60_version	v0.16.0	false
mct_patch_notes_idrinth_59_notes	- yeni tapinak seviyesi (rahip-kahraman savunuculari)\\n- kilit acmalar icin seviye olcekleme secenegi (sv. 5, sv. 6, sv. 8, sv. 11)\\n- tapinaklara bazi duzeltmeler\\n- ikilemlerde yazim hatasi duzeltmeleri\\n- capisma icin ayri hizip	false
mct_patch_notes_idrinth_59_version	v0.15.0	false
mct_patch_notes_idrinth_58_notes	- temel maliyet 550'den 400'e dusuruldu	false
mct_patch_notes_idrinth_58_version	v0.14.4	false
mct_patch_notes_idrinth_57_notes	- lutuf kaynak maliyetlerinin duzgun uygulanmamasi duzeltildi	false
mct_patch_notes_idrinth_57_version	v0.14.3	false
mct_patch_notes_idrinth_56_notes	- elf sapelleri icin gozden kacirilan diplomasi modifikatorleri duzeltildi	false
mct_patch_notes_idrinth_56_version	v0.14.2	false
mct_patch_notes_idrinth_55_notes	- elf sapel zinciri icin yazim hatalari ve duzeltmeler	false
mct_patch_notes_idrinth_55_version	v0.14.1	false
mct_patch_notes_idrinth_54_notes	- Idrinth tarafindan kurulan elf sapelleri eklendi, temel surum, devami gelecek	false
mct_patch_notes_idrinth_54_version	v0.14.0	false
mct_patch_notes_idrinth_53_notes	- yavas oyuncular icin gorevlerin cift tetiklenmesi umarim onlendi	false
mct_patch_notes_idrinth_53_version	v0.13.4	false
mct_patch_notes_idrinth_52_notes	- otomatik cozum degerleri ayarlandi	false
mct_patch_notes_idrinth_52_version	v0.13.3	false
mct_patch_notes_idrinth_51_notes	- kaynak kazanimina ve rastgele tanri kutsamalarina duzeltmeler	false
mct_patch_notes_idrinth_51_version	v0.13.2	false
mct_patch_notes_idrinth_50_notes	- birkac yazim hatasi duzeltildi, cogunlukla buyuk/kucuk harf	false
mct_patch_notes_idrinth_50_version	v0.13.1	false
mct_patch_notes_idrinth_49_notes	- tum ana kulturler icin kulture ozel kilit acma ikilem metinleri eklendi	false
mct_patch_notes_idrinth_49_version	v0.13.0	false
mct_patch_notes_idrinth_48_notes	- yeniden yukleme nedeniyle mod sorusunun birden fazla gorunmesi duzeltildi	false
mct_patch_notes_idrinth_48_version	v0.12.2	false
mct_patch_notes_idrinth_47_notes	- yedek gorsellerin gosterildigi durumlar duzeltildi	false
mct_patch_notes_idrinth_47_version	v0.12.1	false
mct_patch_notes_idrinth_46_notes	- dualar ve adanmislik icin mantik geri yuklendi	false
mct_patch_notes_idrinth_46_version	v0.12.0	false
mct_patch_notes_idrinth_45_notes	- hafif temizlikler	false
mct_patch_notes_idrinth_45_version	v0.11.2	false
mct_patch_notes_idrinth_44_notes	- simdilik catisan twui dosyasi kaldirildi	false
mct_patch_notes_idrinth_44_version	v0.11.1	false
mct_patch_notes_idrinth_43_notes	- tanri lutfu icin kaynak cubugu uzerine yazma bagimliligi kaldirildi\\n- Nagash hizibi icin teorik destek	false
mct_patch_notes_idrinth_43_version	v0.11.0	false
mct_patch_notes_idrinth_42_notes	- mesh dokulari daha vampirsi olmasi ve guzel pembe cilt gostermemesi icin duzeltildi	false
mct_patch_notes_idrinth_42_version	v0.10.6	false
mct_patch_notes_idrinth_41_notes	- birim karti gorseli ayarlandi	false
mct_patch_notes_idrinth_41_version	v0.10.5	false
mct_patch_notes_idrinth_40_notes	- yuklemeden sonra ise alim gorevinin yeniden tetiklenmesi onlendi	false
mct_patch_notes_idrinth_40_version	v0.10.4	false
mct_patch_notes_idrinth_39_notes	- temel scriptleri uzerine yazma bagimliligi kaldirildi	false
mct_patch_notes_idrinth_39_version	v0.10.3	false
mct_patch_notes_idrinth_38_notes	- Khaine set bonuslarinin yanlis seylere baglanmasi duzeltildi	false
mct_patch_notes_idrinth_38_version	v0.10.2	false
mct_patch_notes_idrinth_37_notes	- birim adlarindaki yazim hatasi duzeltildi	false
mct_patch_notes_idrinth_37_version	v0.10.1	false
mct_patch_notes_idrinth_36_notes	- yuksek elf ve vampir kontu ikilem odulleri eklendi	false
mct_patch_notes_idrinth_36_version	v0.10.0	false
mct_patch_notes_idrinth_35_notes	- orman elfi ikilem odulleri eklendi	false
mct_patch_notes_idrinth_35_version	v0.9.0	false
mct_patch_notes_idrinth_34_notes	- cuceler icin ikilem odulleri eklendi	false
mct_patch_notes_idrinth_34_version	v0.8.0	false
mct_patch_notes_idrinth_33_notes	- Kislev ikilem odulleri eklendi	false
mct_patch_notes_idrinth_33_version	v0.7.0	false
mct_patch_notes_idrinth_32_notes	- yuksek seviyelerde tanri lutfu buyumesi azaltildi	false
mct_patch_notes_idrinth_32_version	v0.6.5	false
mct_patch_notes_idrinth_31_notes	- tur basinda aksesuar atama sirasindaki cokme duzeltildi	false
mct_patch_notes_idrinth_31_version	v0.6.4	false
mct_patch_notes_idrinth_30_notes	- ikilemden yozlasma azaltmasi dusuruldu	false
mct_patch_notes_idrinth_30_version	v0.6.3	false
mct_patch_notes_idrinth_29_notes	- imparatorluk ikilemi icin ek etkiler eklendi	false
mct_patch_notes_idrinth_29_version	v0.6.2	false
mct_patch_notes_idrinth_28_notes	- ikilemler icin tanri lutfu atamalari duzeltildi	false
mct_patch_notes_idrinth_28_version	v0.6.1	false
mct_patch_notes_idrinth_27_notes	- ikilem seceneklerine etki metinleri eklendi\\n- lutuf uretimi 5'ten 1'e dusuruldu	false
mct_patch_notes_idrinth_27_version	v0.6.0	false
mct_patch_notes_idrinth_26_notes	- deger yukleme ve aksesuar donanma ile ilgili birkac script sorunu duzeltildi	false
mct_patch_notes_idrinth_26_version	v0.5.6	false
mct_patch_notes_idrinth_25_notes	- saldiri icin saldiri bonusu gercekten etkili olmasi icin guncellendi	false
mct_patch_notes_idrinth_25_version	v0.5.5	false
mct_patch_notes_idrinth_24_notes	- twui dosyalarinda birden fazla UUID duzeltildi	false
mct_patch_notes_idrinth_24_version	v0.5.4	false
mct_patch_notes_idrinth_23_notes	- ikilemler icin yinelenen Khaine odulleri duzeltildi. Oduller degisebilir	false
mct_patch_notes_idrinth_23_version	v0.5.3	false
mct_patch_notes_idrinth_22_notes	- baska bir arayuz ile ilgili duzeltme seti	false
mct_patch_notes_idrinth_22_version	v0.5.2	false
mct_patch_notes_idrinth_21_notes	- kaynak gosterim duzeltmeleri	false
mct_patch_notes_idrinth_21_version	v0.5.1	false
mct_patch_notes_idrinth_20_notes	- wh3 ust cubuguna kaynaklar eklendi	false
mct_patch_notes_idrinth_20_version	v0.5.0	false
mct_patch_notes_idrinth_19_notes	- ikilemlerden etkilerin gosterilmemesi duzeltildi. Etkiler degisebilir	false
mct_patch_notes_idrinth_19_version	v0.4.8	false
mct_patch_notes_idrinth_18_notes	- yanlis onbelleklenmis veriler nedeniyle yuklemeden sonra cokme duzeltildi	false
mct_patch_notes_idrinth_18_version	v0.4.7	false
mct_patch_notes_idrinth_17_notes	- cokmeleri azaltmak icin olay yeniden etkinlestirmesi yeniden aktive edildi	false
mct_patch_notes_idrinth_17_version	v0.4.6	false
mct_patch_notes_idrinth_16_notes	- hata ayiklama kodu kaldirildi (script logu)	false
mct_patch_notes_idrinth_16_version	v0.4.5	false
mct_patch_notes_idrinth_15_notes	- scriptten otomatik olusturma kaldirildi, sadece test icindi	false
mct_patch_notes_idrinth_15_version	v0.4.4	false
mct_patch_notes_idrinth_14_notes	- ajan yetenekleri biraz daha kullanisli hale getirildi	false
mct_patch_notes_idrinth_14_version	v0.4.3	false
mct_patch_notes_idrinth_13_notes	- baska bir cokme durumu duzeltildi	false
mct_patch_notes_idrinth_13_version	v0.4.2	false
mct_patch_notes_idrinth_12_notes	- olaylari daha etkili bastirarak cokmeler azaltildi	false
mct_patch_notes_idrinth_12_version	v0.4.1	false
mct_patch_notes_idrinth_11_notes	- toplu elf katliamini ele almak icin elf-katili ozellikleri tanitildi	false
mct_patch_notes_idrinth_11_version	v0.4.0	false
mct_patch_notes_idrinth_10_notes	- ozel esyalarin mevcut oldugunda duzgun donanilmasi icin script ve veritabani duzeltmeleri	false
mct_patch_notes_idrinth_10_version	v0.3.4	false
mct_patch_notes_idrinth_9_notes	- ikilem tetiklemesi icin script duzeltmeleri	false
mct_patch_notes_idrinth_9_version	v0.3.3	false
mct_patch_notes_idrinth_8_notes	- gec olay bastirilmasiyla ilgili bazi cokmeler duzeltildi	false
mct_patch_notes_idrinth_8_version	v0.3.2	false
mct_patch_notes_idrinth_7_notes	- hikaye metinleri iyilestirildi	false
mct_patch_notes_idrinth_7_version	v0.3.1	false
mct_patch_notes_idrinth_6_notes	- tum yeni esyalara hikaye ve aciklama metinleri eklendi	false
mct_patch_notes_idrinth_6_version	v0.3.0	false
mct_patch_notes_idrinth_5_notes	- gercekten cakilisma yapabilmesi icin atis acisina ayarlamalar	false
mct_patch_notes_idrinth_5_version	v0.2.3	false
mct_patch_notes_idrinth_4_notes	- tanri lutfu ikonlari duzgun yerlestirildi	false
mct_patch_notes_idrinth_4_version	v0.2.2	false
mct_patch_notes_idrinth_3_notes	- aksesuar kazaniminda cokmeler duzeltildi	false
mct_patch_notes_idrinth_3_version	v0.2.1	false
mct_patch_notes_idrinth_2_notes	- artik Tanri Lutfu gosteriliyor	false
mct_patch_notes_idrinth_2_version	v0.2.0	false
mct_patch_notes_idrinth_1_notes	- ilk surum	false
mct_patch_notes_idrinth_1_version	v0.1.0	false
mct_patch_notes_idrinth_130_notes	- yama notlari dahil MCT iyilestirmeleri	false
mct_patch_notes_idrinth_130_version	v1.6.5	false
mct_patch_notes_idrinth_131_notes	- add missing winds of magic to Idrinth's horde	false
mct_patch_notes_idrinth_131_version	v1.6.6	false
mct_patch_notes_idrinth_132_notes	- add better icons for veteran ranks	false
mct_patch_notes_idrinth_132_version	v1.7.0	false
